price,rating,review_count,image_count,description_length,room_size,distance,wifi,ac,food,fake_listing
18795,4.14,301,11,484,238,6.76,0,0,0,0
3860,2.59,347,4,320,296,7.17,0,1,0,0
8390,4.07,419,2,94,124,12.47,1,1,0,0
24575,3.17,401,6,120,294,2.1,0,0,0,0
14964,3.25,73,14,160,590,0.9,1,1,1,0
14284,3.41,351,1,112,207,9.26,1,1,1,0
9265,3.1,17,7,138,333,2.93,1,1,0,0
19850,2.3,139,8,307,431,4.21,0,1,1,0
7426,2.93,114,5,128,243,14.66,1,0,1,0
24962,3.99,327,8,62,210,9.97,0,0,0,0
17423,4.0,224,5,155,583,12.91,1,1,0,0
14363,2.86,45,2,349,503,13.52,0,1,0,0
19023,3.38,438,9,236,263,2.26,1,1,0,0
11322,2.58,37,2,462,314,13.95,0,0,0,0
4685,2.63,205,1,414,210,13.06,1,0,0,0
3769,2.07,385,4,175,93,1.16,1,1,0,0
5433,4.69,8,12,58,459,14.67,0,0,1,0
8311,2.63,252,13,301,139,7.15,1,1,0,0
8051,2.68,107,3,347,371,14.63,0,1,1,0
9420,2.84,388,11,377,239,12.45,0,1,1,0
20568,2.38,97,5,45,526,6.88,1,1,0,0
23939,3.92,274,4,51,465,7.92,0,1,0,0
22769,2.23,70,5,65,149,4.49,0,0,1,0
9396,2.4,38,3,175,461,7.56,0,0,0,0
11666,3.93,297,13,263,304,2.06,1,0,1,0
21942,3.02,400,12,410,587,13.68,1,0,1,0
21431,4.12,446,2,54,119,10.84,0,0,1,0
5747,3.67,89,0,469,225,12.18,0,1,1,0
3189,2.77,429,4,297,445,8.2,1,0,1,0
22118,3.95,218,5,261,327,2.32,1,1,0,0
6005,2.35,106,4,425,91,8.29,0,0,1,0
24042,3.61,475,4,397,589,5.27,1,0,1,0
4899,3.31,403,11,278,324,0.65,0,0,0,0
4267,2.8,453,5,65,250,9.42,0,0,1,0
20912,3.81,391,3,453,111,12.88,1,0,0,0
14394,4.61,95,13,256,508,10.8,0,0,0,0
6556,5.0,402,11,27,114,3.74,0,1,1,0
6890,3.82,31,3,279,284,12.38,1,1,0,0
11838,3.21,125,10,290,463,4.99,1,0,1,0
17502,2.68,146,12,63,345,3.67,1,0,1,0
24777,2.77,279,7,257,522,14.44,0,0,1,0
13627,3.44,23,10,186,564,0.74,1,1,1,0
11792,3.1,439,7,395,549,2.93,0,0,1,0
13555,4.74,208,11,95,345,7.27,0,0,0,0
13253,3.1,119,2,176,188,2.92,0,1,0,0
11433,3.12,273,6,220,568,2.92,0,0,1,0
13233,3.15,139,14,253,257,9.7,1,1,1,0
14016,4.51,296,4,251,328,12.38,1,0,1,0
5612,3.95,342,4,465,84,10.09,0,0,1,0
24870,3.84,431,11,231,236,1.97,0,1,0,0
18787,3.0,81,12,437,309,13.48,1,0,1,0
20159,4.45,447,2,173,340,13.88,0,0,1,0
15206,2.12,399,1,387,400,4.57,0,1,0,0
11226,4.61,207,12,232,206,8.52,0,1,0,0
17541,3.54,483,2,106,107,7.54,0,1,0,0
6152,3.19,406,14,37,589,10.19,0,0,0,0
4585,3.49,469,6,210,307,14.68,1,0,0,0
6943,4.0,422,2,327,258,14.8,1,0,1,0
22457,2.04,32,14,73,367,7.88,1,1,1,0
4021,4.61,23,10,235,573,1.83,1,1,1,0
14653,3.34,60,12,61,344,5.35,0,1,1,0
13805,3.03,310,1,368,546,6.5,1,0,0,0
16417,2.41,188,3,249,474,8.25,0,1,0,0
23227,3.32,83,11,249,511,14.43,0,1,0,0
10989,3.49,224,4,201,514,4.31,1,0,0,0
12692,3.21,478,12,455,467,8.28,1,1,0,0
15990,4.04,167,6,160,224,4.72,0,1,1,0
9873,3.26,185,0,307,254,13.83,1,1,1,0
8675,4.88,374,13,358,599,14.85,0,0,1,0
3161,3.8,71,7,356,393,13.13,0,1,0,0
7297,4.42,73,9,341,208,5.41,0,0,1,0
3995,2.33,384,2,101,593,4.53,1,1,1,0
14534,3.19,340,13,461,89,6.75,0,1,1,0
10629,3.01,152,10,186,426,11.34,1,0,0,0
4016,3.71,95,5,430,196,0.64,1,1,0,0
11529,4.58,52,3,353,490,14.93,1,1,0,0
20262,2.24,444,13,73,476,13.31,0,0,1,0
12268,2.22,173,4,482,90,0.85,0,1,1,0
24271,4.55,109,9,475,477,6.04,0,0,0,0
15185,2.64,457,11,92,172,10.47,1,0,1,0
24243,4.01,315,14,232,181,4.0,0,1,1,0
9331,3.63,50,5,190,177,2.57,0,0,1,0
11571,4.5,376,1,455,361,9.63,1,0,1,0
10208,2.38,252,12,289,500,13.6,0,1,0,0
8276,2.39,495,14,238,443,14.36,0,1,1,0
21446,3.67,72,2,155,290,0.65,1,0,0,0
19448,4.84,211,14,54,587,13.18,0,0,0,0
19216,3.24,431,7,165,155,8.63,0,1,1,0
11006,2.98,211,7,202,402,3.95,0,1,0,0
5568,3.82,250,0,97,531,9.45,0,0,0,0
24847,4.79,167,9,327,97,14.94,0,1,1,0
5027,4.51,262,7,272,370,4.5,1,0,0,0
5695,4.99,330,10,347,277,4.51,0,1,1,0
18422,2.07,468,1,452,241,10.63,0,1,1,0
8258,2.34,229,9,411,496,1.13,0,1,1,0
9736,3.83,238,9,440,463,12.4,0,1,1,0
3391,4.46,274,12,255,279,9.96,0,1,1,0
16986,2.86,493,7,341,577,12.7,0,0,0,0
15666,2.72,142,11,356,122,3.85,1,0,0,0
8892,4.36,69,9,96,161,12.78,1,1,0,0
6561,2.17,444,4,393,383,7.0,1,0,0,0
9184,3.11,311,0,481,278,2.42,0,1,1,0
22483,3.52,393,7,444,485,13.57,0,0,0,0
11392,3.68,173,11,92,506,10.72,0,1,0,0
16067,4.19,335,4,46,540,2.94,1,0,1,0
18265,3.06,108,14,423,559,4.07,1,1,1,0
22488,3.84,202,0,57,203,4.4,1,0,0,0
5454,3.76,184,14,273,118,14.47,1,1,1,0
14837,3.64,290,3,415,278,13.35,1,0,1,0
17039,3.92,327,12,445,187,5.52,0,1,0,0
22115,2.78,91,0,105,347,7.27,1,1,0,0
13965,2.25,258,12,376,432,4.64,1,0,0,0
12762,2.36,321,8,453,390,11.27,1,0,1,0
8056,2.67,436,9,378,469,2.84,1,0,0,0
17948,3.5,205,1,50,119,5.41,1,1,0,0
11110,4.52,51,7,224,231,9.29,0,0,0,0
16773,4.1,348,3,212,266,13.22,0,0,0,0
23224,4.37,180,8,249,509,9.72,1,0,0,0
20412,3.05,437,1,200,536,14.13,0,0,0,0
3502,3.21,302,11,264,306,14.0,1,1,0,0
9910,3.18,2,2,59,507,10.92,0,0,0,0
15685,2.58,448,1,348,283,4.54,1,1,1,0
23872,2.18,398,9,442,197,10.4,1,1,1,0
3206,3.77,83,13,413,473,3.29,1,1,1,0
24518,4.97,213,4,176,301,5.33,0,0,1,0
20868,2.5,33,10,187,142,11.49,1,1,1,0
18934,2.14,49,0,177,475,12.83,0,1,0,0
20247,4.34,288,11,149,84,6.54,1,0,0,0
22174,2.76,328,2,101,413,8.09,1,1,0,0
11755,4.49,258,0,175,371,6.1,0,0,1,0
24500,4.11,257,9,194,587,7.45,1,0,1,0
15383,4.84,387,14,307,224,7.93,0,1,0,0
21141,3.23,271,13,107,238,10.53,1,0,1,0
17820,3.99,181,7,121,90,11.38,0,1,0,0
10574,3.39,32,14,267,148,14.64,0,1,0,0
9374,3.89,264,11,225,281,6.85,1,1,1,0
4678,3.35,312,3,108,345,1.71,1,0,0,0
22626,2.57,39,2,364,187,10.48,1,0,1,0
24020,3.52,485,7,307,133,7.72,1,0,0,0
4059,3.59,307,12,430,417,12.69,0,0,0,0
19198,4.43,209,8,329,269,2.62,0,1,1,0
12914,4.21,271,7,115,318,9.85,0,1,1,0
22541,3.99,135,5,459,422,7.16,0,1,1,0
13817,2.34,86,13,178,370,6.58,0,0,1,0
13921,4.16,59,14,133,402,8.69,1,1,0,0
12789,3.5,163,2,43,400,10.42,1,1,0,0
19312,4.68,2,7,182,121,12.84,0,1,0,0
14252,4.76,14,12,305,277,3.91,1,0,1,0
5693,2.17,101,4,372,363,4.75,0,0,0,0
16931,4.46,254,4,74,261,8.45,0,0,1,0
6627,2.11,224,11,83,90,5.53,1,0,0,0
19157,3.1,209,8,52,521,8.74,0,0,1,0
13173,3.63,22,0,65,503,3.4,1,0,0,0
24834,2.44,234,6,238,579,4.96,1,1,0,0
21047,4.24,130,7,308,467,5.21,0,1,0,0
13230,2.03,157,10,215,533,14.89,0,1,1,0
18707,2.51,172,9,272,81,12.89,0,1,1,0
24976,3.74,16,2,467,321,12.65,1,0,0,0
14494,4.14,369,7,305,139,7.95,0,1,0,0
4306,4.75,441,0,255,447,7.27,0,0,0,0
9776,4.12,313,7,98,119,1.52,1,0,1,0
12474,4.02,479,6,432,394,3.36,1,1,0,0
10526,3.18,365,3,465,377,13.48,1,0,0,0
24959,2.0,184,10,111,529,8.12,1,0,1,0
8530,2.36,390,6,115,474,14.82,1,1,0,0
23797,3.6,422,9,247,167,9.08,1,1,1,0
6748,4.03,333,13,305,467,5.97,0,1,1,0
16545,3.25,441,10,381,460,4.47,1,1,0,0
3663,4.19,183,6,254,510,13.82,1,1,0,0
4998,3.57,142,12,121,295,5.88,0,1,1,0
10994,2.22,43,9,271,356,2.62,1,1,0,0
20879,2.58,11,12,159,273,4.53,0,0,1,0
6304,4.52,7,11,342,258,9.86,0,0,1,0
23147,4.17,79,0,162,222,2.43,0,1,0,0
24616,4.68,296,2,259,297,1.83,0,0,0,0
21237,2.35,161,6,285,590,7.14,1,0,0,0
16808,4.97,301,10,361,138,1.71,1,0,1,0
9585,2.63,215,12,80,425,6.2,1,1,0,0
20675,2.04,247,4,42,498,5.18,1,0,1,0
22965,4.99,28,8,30,303,6.18,1,0,1,0
14649,2.84,271,6,35,429,7.57,0,1,1,0
4636,4.0,132,2,68,156,3.19,1,0,1,0
23080,2.53,4,14,385,287,6.92,1,1,0,0
20082,3.74,243,0,355,238,5.74,1,0,1,0
7737,4.71,29,4,417,304,12.03,1,0,1,0
17555,2.96,116,13,409,437,10.57,0,0,1,0
16877,4.01,177,14,189,463,13.15,0,0,0,0
3854,2.56,497,12,420,583,10.2,0,0,1,0
8855,3.87,260,9,138,529,2.26,0,1,0,0
10392,3.01,234,12,498,321,7.85,0,0,0,0
16949,2.63,140,4,61,448,11.27,0,1,1,0
24633,2.94,482,6,29,550,12.7,0,1,1,0
24556,2.54,304,13,449,367,3.13,1,1,0,0
21091,4.71,344,0,487,478,3.74,1,1,1,0
8791,3.19,49,9,68,183,13.0,1,0,1,0
24919,2.74,269,1,284,390,7.54,0,1,0,0
7931,3.35,107,10,226,206,7.06,1,1,0,0
22894,2.96,45,5,186,119,7.66,1,0,0,0
3202,4.23,473,7,21,151,3.01,0,0,0,0
14447,4.91,81,3,87,326,9.6,1,1,1,0
23602,3.31,125,2,327,326,12.22,1,1,0,0
15688,4.58,83,2,491,391,12.64,0,0,0,0
7389,3.7,289,2,229,113,0.94,0,1,1,0
5327,2.47,70,1,158,208,10.87,0,1,0,0
11004,4.07,174,0,56,89,1.82,1,1,1,0
22315,3.54,315,14,237,247,14.52,0,1,0,0
10777,3.95,329,4,475,295,7.49,1,0,0,0
3197,4.67,462,9,297,487,11.74,1,0,1,0
4930,3.32,336,4,199,97,9.52,1,0,1,0
14774,4.7,394,4,24,419,14.3,1,1,0,0
18087,4.25,353,3,149,169,14.62,1,0,0,0
12339,3.47,90,14,152,364,4.54,1,0,0,0
23666,3.81,468,2,118,346,7.5,0,1,0,0
14589,2.98,350,11,179,512,7.81,1,1,0,0
21895,4.95,433,2,255,131,3.08,1,1,1,0
18708,4.0,248,1,166,146,13.61,1,1,0,0
20043,2.13,131,4,378,329,5.57,0,0,1,0
5811,2.98,168,3,134,410,1.77,1,1,0,0
17243,3.87,442,5,23,494,2.74,0,1,1,0
9546,2.17,59,1,106,202,7.94,0,0,0,0
4986,2.07,368,1,65,281,13.28,0,0,1,0
11338,3.35,336,7,102,85,9.61,1,0,0,0
14411,3.0,240,5,173,565,3.62,1,0,0,0
5911,3.31,189,2,325,278,4.8,0,1,1,0
4734,2.79,495,4,301,92,14.65,0,0,1,0
21227,2.49,339,2,346,85,1.27,0,0,0,0
11680,4.07,280,10,307,490,14.92,0,0,1,0
22360,3.54,231,1,130,200,13.63,1,0,1,0
21343,2.6,470,2,136,441,10.34,0,0,0,0
8759,2.96,462,0,116,83,14.18,1,0,1,0
5385,3.78,288,13,447,363,2.71,0,1,1,0
14111,2.22,274,6,301,438,14.17,0,1,0,0
7736,2.44,312,5,208,361,3.58,1,0,1,0
4802,2.22,14,4,107,428,8.42,0,0,0,0
11155,4.44,40,5,326,109,7.59,0,0,0,0
11120,4.26,452,7,462,596,7.93,1,1,1,0
9616,4.26,207,2,106,453,4.38,1,0,1,0
17257,4.15,59,2,441,203,11.82,1,0,1,0
17486,4.01,364,11,45,525,11.27,0,0,1,0
24918,3.43,239,4,399,473,14.33,1,0,1,0
23445,3.93,95,4,448,135,7.85,1,0,0,0
19646,2.12,277,13,50,211,8.45,1,1,1,0
17075,3.86,426,10,145,201,13.6,0,0,1,0
12208,4.33,159,0,217,281,13.83,1,1,0,0
19371,3.5,396,3,320,344,9.92,0,0,1,0
14835,3.07,421,8,50,119,12.4,1,0,1,0
16168,2.83,281,7,386,192,7.82,0,1,0,0
5049,3.93,499,2,336,418,6.13,0,1,1,0
8423,4.08,208,4,451,141,13.03,1,0,0,0
17589,4.61,132,4,251,306,11.77,0,0,1,0
23932,3.03,380,6,64,253,4.01,1,1,1,0
22492,4.31,432,7,335,213,1.19,0,1,1,0
10158,3.68,96,8,208,364,8.7,0,1,0,0
13248,4.65,218,6,71,187,12.7,0,1,0,0
10400,3.58,388,14,71,222,4.08,0,0,0,0
22554,3.55,484,1,351,373,11.63,0,0,1,0
12874,3.73,70,7,484,356,6.5,0,1,0,0
18151,4.25,431,7,337,571,5.37,1,0,0,0
21639,4.89,273,10,429,550,3.01,1,1,1,0
4154,2.22,350,12,342,355,14.05,1,0,1,0
7499,2.16,133,13,98,313,3.77,0,1,0,0
9295,4.81,65,1,68,321,4.55,0,0,1,0
15183,3.59,126,12,249,337,5.31,1,1,1,0
15874,3.84,204,5,363,111,4.63,0,1,0,0
21032,3.45,297,12,390,446,2.86,1,1,1,0
8539,2.28,116,9,497,427,5.64,1,1,1,0
12637,4.3,435,0,63,211,7.34,1,0,1,0
23583,4.24,266,10,311,447,8.5,0,1,0,0
18586,2.94,281,6,456,344,2.77,1,0,1,0
5557,2.92,148,9,266,294,11.8,0,0,1,0
8592,4.51,193,1,447,294,5.02,1,1,0,0
19482,2.22,167,14,238,361,13.81,0,1,1,0
5200,4.64,311,4,41,81,5.28,0,0,1,0
17172,2.77,373,13,149,592,13.01,1,0,1,0
5961,3.78,178,6,26,543,5.61,0,0,0,0
17207,4.81,147,9,291,526,7.83,0,0,1,0
24357,4.03,464,10,491,442,5.9,1,1,0,0
23817,3.24,463,14,369,295,6.11,1,0,1,0
14969,4.07,56,14,63,243,9.47,1,1,1,0
5869,3.03,489,8,259,590,10.55,0,0,0,0
20340,2.83,4,13,385,300,13.12,1,0,0,0
16992,4.99,13,0,84,362,8.75,0,0,0,0
8699,4.25,279,8,265,150,3.64,1,1,0,0
23877,3.93,498,10,494,453,14.85,1,1,0,0
24295,3.07,323,4,92,338,10.41,1,0,1,0
6987,2.15,435,5,90,524,5.93,1,0,1,0
16446,2.09,303,13,216,280,14.54,0,0,1,0
4218,3.66,215,7,208,459,14.4,0,1,0,0
23880,4.29,174,14,177,494,1.65,0,0,0,0
7735,3.61,315,10,445,144,0.79,1,1,1,0
14296,4.52,456,13,494,457,1.14,0,1,0,0
7555,2.1,2,1,349,181,10.44,0,0,0,0
12146,3.1,374,11,44,121,10.81,0,0,0,0
11050,2.71,136,6,357,275,11.0,0,1,0,0
15757,3.34,465,11,90,439,9.64,0,1,0,0
22830,2.22,99,3,332,178,4.64,1,0,1,0
20429,4.86,82,8,242,467,2.92,0,1,1,0
9893,2.67,279,5,179,144,13.95,0,0,0,0
21077,4.77,131,6,325,376,13.74,1,0,0,0
17373,3.28,392,10,94,506,4.02,0,1,1,0
17565,4.96,480,5,157,302,2.94,1,0,1,0
6436,3.66,0,10,425,228,5.94,0,1,1,0
11754,4.79,115,7,498,588,1.2,0,1,0,0
13677,2.02,498,5,60,521,2.85,0,0,0,0
8895,4.24,418,6,322,493,6.01,1,0,1,0
22738,4.71,201,7,417,195,3.96,0,1,1,0
19609,2.42,139,14,406,532,11.18,1,1,0,0
18636,2.29,145,0,491,399,13.62,1,0,1,0
24277,3.27,461,14,353,530,13.68,0,1,1,0
10022,4.8,265,9,328,158,9.26,0,1,1,0
12151,3.63,201,11,35,436,10.7,0,0,0,0
8600,3.58,401,3,394,198,7.66,1,1,1,0
10996,2.42,151,5,208,358,2.63,0,0,1,0
12007,2.0,384,0,47,124,9.71,1,0,0,0
15946,4.43,221,3,182,304,5.57,1,1,0,0
7642,2.26,78,5,405,320,0.58,0,0,0,0
14312,3.9,199,6,336,561,8.84,1,0,0,0
10679,4.74,249,12,459,174,3.38,1,1,0,0
11208,2.63,98,5,74,444,13.35,0,0,1,0
21589,4.0,465,10,293,264,14.04,0,1,1,0
13716,2.24,488,3,474,215,2.85,1,1,0,0
20453,3.81,399,11,324,104,0.93,0,0,0,0
6444,2.49,212,12,121,397,0.56,1,1,1,0
13757,4.21,142,6,61,412,13.74,1,1,1,0
17434,2.9,189,9,282,179,2.7,1,1,0,0
4060,3.39,388,13,407,449,6.81,1,0,0,0
21711,3.8,300,1,190,91,1.33,1,0,1,0
6420,2.51,373,5,227,156,5.91,0,0,0,0
3301,4.22,51,4,334,427,11.89,0,1,0,0
15468,2.91,454,1,68,522,6.4,1,1,0,0
19990,3.99,111,8,79,167,11.75,0,1,0,0
22554,2.47,134,12,25,544,10.49,0,0,1,0
3699,4.06,410,6,167,573,8.0,0,0,1,0
24472,2.38,472,13,306,301,11.2,0,1,0,0
3190,3.28,469,2,230,594,13.25,1,1,0,0
13492,2.74,111,14,391,197,12.0,1,1,0,0
20364,4.25,12,6,169,215,10.53,0,0,1,0
5975,2.79,272,10,104,266,10.68,1,0,1,0
9102,4.65,232,10,485,390,2.84,1,0,0,0
20568,4.68,43,5,179,458,14.28,1,1,0,0
22711,2.59,396,6,66,491,3.48,1,0,0,0
22778,3.84,473,3,181,500,5.56,1,1,0,0
4816,2.26,72,12,174,296,8.01,0,0,1,0
3569,3.17,260,12,249,150,2.33,1,0,1,0
8442,4.14,230,9,319,189,9.11,1,0,0,0
4895,3.98,32,12,177,364,3.15,1,0,0,0
22117,3.87,387,7,180,377,13.89,0,1,1,0
6863,2.85,475,7,430,578,13.39,0,1,0,0
15913,3.13,409,6,266,277,8.39,1,1,0,0
10455,2.31,67,12,75,586,7.02,1,0,1,0
7014,4.16,15,6,170,568,1.99,0,1,1,0
14093,3.51,484,9,318,106,12.44,1,0,1,0
21070,4.13,149,12,486,197,6.0,0,1,1,0
6009,2.75,291,12,73,133,4.07,1,1,0,0
19538,2.97,101,7,242,583,14.93,1,0,1,0
13729,3.0,185,0,273,231,10.19,1,1,0,0
4409,2.08,438,5,87,558,1.57,1,0,1,0
15249,3.02,418,1,72,241,12.12,0,1,0,0
3784,4.41,24,0,486,295,11.38,1,0,0,0
11096,4.69,71,11,264,499,6.32,0,0,1,0
10560,3.55,80,9,59,427,2.29,0,1,1,0
15533,3.37,60,6,463,419,7.71,0,1,1,0
10343,2.09,17,5,361,431,11.57,0,0,1,0
10206,4.64,241,4,412,454,1.6,0,0,1,0
24980,2.04,57,14,370,382,2.87,1,0,0,0
8801,4.83,331,4,157,321,9.47,0,1,1,0
22190,3.47,376,8,285,457,8.61,0,1,1,0
19921,3.03,56,8,433,468,13.62,1,1,0,0
8986,4.77,96,11,157,366,12.31,0,0,1,0
21225,2.07,214,11,461,238,13.82,0,0,0,0
13647,3.74,318,5,311,433,7.26,1,0,0,0
11716,3.65,11,12,229,534,11.92,0,1,1,0
22334,2.66,10,14,191,320,1.21,0,1,0,0
15323,3.29,396,2,204,291,4.77,1,0,1,0
7780,3.96,162,6,318,442,9.84,0,0,1,0
5368,4.18,282,3,259,212,11.57,0,0,0,0
15039,2.0,216,4,230,588,8.77,1,1,1,0
9655,4.81,359,6,382,356,7.47,1,1,1,0
11173,2.49,322,14,170,344,3.88,0,1,1,0
7495,2.7,240,11,407,439,3.03,1,1,0,0
13893,2.79,344,6,415,215,13.19,0,1,1,0
16403,2.11,44,14,143,507,2.56,0,0,0,0
16121,2.37,457,9,68,108,6.81,1,0,1,0
13966,4.96,80,7,427,409,13.38,0,0,0,0
3853,2.95,254,0,416,113,2.64,1,1,1,0
23530,2.35,66,4,143,583,2.35,1,1,0,0
23153,2.32,492,14,87,183,10.54,1,1,0,0
19958,4.16,405,11,494,573,5.31,1,1,1,0
20532,4.56,101,8,377,450,6.82,1,0,0,0
12907,2.77,461,14,250,467,9.57,0,1,1,0
7777,2.06,90,6,475,316,6.0,0,0,1,0
23238,2.67,41,10,365,169,12.1,0,1,1,0
18338,2.17,275,11,437,412,14.55,1,0,1,0
5491,2.31,303,12,28,456,14.03,1,1,1,0
18328,3.29,273,1,285,319,8.41,1,0,1,0
17599,2.69,383,0,144,261,5.64,1,1,0,0
22508,3.55,76,7,390,336,6.79,1,0,1,0
6051,2.76,233,8,340,268,5.29,0,0,1,0
18979,4.82,453,9,131,494,6.91,1,0,1,0
19388,4.72,201,4,347,334,0.69,1,1,0,0
24606,3.7,484,13,349,124,1.3,1,0,1,0
24699,3.06,220,10,73,280,11.68,0,0,0,0
24253,3.14,261,5,446,438,5.35,0,0,1,0
3876,3.24,38,14,462,422,12.02,0,1,0,0
7142,4.18,10,1,108,291,7.46,1,1,1,0
18202,3.35,111,10,114,377,12.19,1,1,0,0
9966,4.57,408,4,378,234,10.12,1,1,0,0
10079,4.83,107,11,269,276,3.41,0,1,0,0
10987,3.01,491,3,462,561,6.99,1,1,0,0
9799,3.68,93,7,470,458,10.71,1,0,1,0
7465,2.29,310,7,336,446,5.29,0,1,0,0
20019,2.6,83,13,185,150,3.3,0,1,1,0
16417,3.24,57,4,246,107,8.33,0,1,1,0
21077,2.62,292,10,155,472,4.47,0,1,0,0
24136,4.63,15,7,403,428,9.12,0,1,1,0
11311,2.47,478,5,84,197,4.44,0,0,0,0
20214,3.37,476,9,24,459,13.65,0,1,0,0
17098,3.82,325,5,139,287,5.49,0,0,1,0
8177,4.08,92,12,390,502,13.66,1,1,1,0
17262,3.15,479,14,238,172,4.55,0,0,1,0
11308,4.61,456,12,384,220,9.26,1,1,0,0
8949,3.7,164,3,493,434,2.39,0,1,1,0
22222,3.32,436,9,62,148,11.79,1,1,0,0
4150,2.2,214,11,207,203,3.4,1,1,0,0
4931,3.39,143,10,45,498,13.03,1,0,0,0
12204,4.46,273,2,286,420,7.06,1,0,1,0
21048,3.84,402,8,181,384,1.87,0,0,1,0
4081,4.5,427,4,252,236,5.77,0,1,1,0
19896,3.48,385,9,149,167,11.81,1,1,1,0
16407,2.36,441,9,40,307,1.61,1,1,1,0
10805,2.04,137,3,390,444,9.57,0,0,0,0
8237,2.91,203,5,429,345,7.86,0,1,0,0
19943,4.09,301,13,147,163,4.99,0,0,1,0
23056,4.37,209,3,95,291,11.46,1,1,0,0
15775,2.89,18,14,92,297,1.26,1,1,0,0
19244,3.49,293,5,252,230,7.72,0,1,0,0
16184,3.26,292,9,362,219,7.85,0,0,1,0
6343,3.23,474,7,125,134,1.75,1,1,1,0
16500,2.69,367,7,408,220,2.47,0,0,0,0
23454,2.41,461,11,28,153,6.44,0,0,0,0
12662,2.59,300,5,138,214,8.28,0,1,0,0
19964,2.17,372,0,69,105,1.27,1,1,0,0
18125,2.59,161,12,29,567,0.67,1,0,1,0
11130,2.03,129,0,132,514,3.29,0,0,1,0
22531,3.88,43,13,461,141,7.57,1,1,0,0
23633,2.95,352,2,285,279,1.08,0,1,0,0
4679,4.92,82,1,97,569,11.13,1,0,1,0
6506,2.58,379,0,55,572,2.7,0,0,1,0
16284,3.04,123,0,221,547,11.7,1,0,1,0
10253,3.07,26,11,331,195,3.47,1,1,0,0
22128,2.03,303,11,137,450,5.53,1,1,0,0
12435,4.52,349,11,209,311,7.45,0,1,1,0
24572,2.1,6,5,261,527,5.54,0,1,1,0
14310,4.82,410,6,312,293,0.84,1,0,1,0
16296,4.68,340,14,188,287,13.67,0,0,0,0
21525,3.61,198,7,249,181,4.65,0,1,0,0
16245,3.63,111,2,67,89,2.47,1,0,1,0
14151,3.96,88,0,169,552,2.42,0,0,1,0
13457,3.16,127,4,362,202,14.63,1,0,0,0
5479,3.94,229,7,227,83,2.28,0,0,0,0
7452,2.13,17,11,80,546,5.52,1,1,0,0
8881,2.16,288,10,350,338,1.48,1,1,0,0
17069,3.37,160,13,136,366,11.16,1,1,0,0
5849,3.65,351,10,258,110,9.15,0,0,1,0
10390,4.66,377,3,390,203,8.24,1,0,0,0
14922,2.31,280,1,374,209,12.91,1,0,1,0
5489,4.47,397,8,67,595,8.81,1,1,0,0
12823,2.63,421,11,467,559,14.36,1,0,1,0
12207,3.18,165,12,264,156,9.53,0,0,1,0
12540,2.95,259,8,487,262,5.64,0,0,1,0
19364,3.2,363,2,312,445,1.03,1,0,0,0
7611,2.45,189,6,444,371,11.02,0,0,1,0
22223,3.51,337,12,24,468,5.92,0,0,1,0
8878,4.4,265,0,119,236,9.19,0,1,1,0
19347,3.32,290,7,224,179,13.21,0,1,0,0
3851,3.47,354,7,199,189,0.61,1,0,0,0
21071,4.55,359,12,36,349,11.51,1,0,0,0
9833,4.12,278,2,109,217,6.81,0,0,1,0
14938,3.47,216,11,127,143,2.3,1,0,1,0
5427,2.77,320,14,209,586,8.95,1,0,1,0
7000,4.65,337,4,199,429,8.22,0,1,1,0
8052,3.73,206,3,268,226,12.71,0,0,0,0
5738,2.66,152,6,270,414,8.06,1,0,1,0
8387,2.81,479,10,39,486,12.5,0,0,1,0
11002,4.41,180,6,378,423,8.4,1,1,1,0
8536,2.13,211,10,116,215,6.98,1,0,1,0
16479,4.98,272,7,241,118,5.88,0,0,0,0
6913,2.39,440,4,163,399,3.02,0,0,0,0
20450,4.39,202,12,26,366,8.97,0,0,0,0
23764,3.18,204,10,369,542,8.39,0,0,0,0
13636,3.48,472,4,341,431,14.65,1,0,1,0
23491,4.64,403,7,287,84,6.48,0,0,0,0
8726,3.24,383,4,446,315,6.61,1,1,0,0
6373,3.61,152,12,315,315,2.88,0,1,0,0
15161,2.15,169,13,20,580,9.16,0,1,0,0
5082,2.01,428,12,77,184,12.79,0,1,1,0
19281,2.73,240,0,406,286,4.09,0,1,1,0
18305,4.04,286,10,283,318,0.63,0,0,1,0
12817,2.36,244,2,109,131,10.53,0,0,1,0
14261,2.34,320,1,94,187,0.95,1,0,0,0
3417,3.23,435,11,464,436,6.43,1,0,0,0
11808,3.94,79,9,360,112,9.38,0,1,1,0
23358,4.14,495,4,280,101,6.1,0,1,0,0
6267,2.54,91,12,301,386,4.28,0,1,1,0
20209,2.24,148,7,360,90,12.09,0,0,0,0
8745,4.82,29,14,348,521,4.86,1,1,1,0
14338,2.78,122,8,420,277,3.11,1,0,1,0
3412,4.56,386,8,376,123,6.13,1,1,1,0
10543,4.59,481,0,262,264,2.41,1,1,0,0
10587,4.32,325,0,341,468,10.51,1,0,1,0
3728,2.51,426,0,454,586,10.8,0,0,1,0
14657,4.47,28,0,138,521,0.71,0,0,1,0
8988,4.31,258,8,66,575,10.58,1,0,1,0
21888,3.79,185,0,187,584,4.84,1,0,0,0
5967,3.01,416,6,367,216,10.01,0,1,0,0
17527,2.79,74,5,46,358,10.74,0,0,0,0
22170,2.37,44,8,315,243,4.53,0,1,1,0
19048,3.53,68,10,20,102,3.19,1,0,1,0
20506,3.76,497,8,193,586,12.48,0,0,1,0
23463,3.08,415,3,414,589,11.22,1,1,1,0
20955,3.43,366,8,186,523,12.64,1,0,1,0
8073,3.09,209,13,37,221,6.82,1,0,0,0
8104,3.92,238,14,110,360,7.12,1,1,0,0
5143,4.7,339,12,322,286,5.49,1,0,1,0
10357,2.49,307,13,221,381,7.74,1,0,1,0
15043,3.14,191,5,40,476,9.88,1,0,1,0
6440,2.42,371,4,175,397,12.31,1,0,1,0
23150,3.87,102,8,404,127,3.16,1,0,1,0
8644,4.19,240,14,33,469,6.38,1,1,1,0
13518,4.8,252,6,39,458,7.19,0,0,0,0
17552,2.84,423,8,263,296,7.58,0,0,1,0
5914,4.85,219,4,396,330,8.36,0,1,0,0
24352,2.19,396,3,476,513,12.13,0,1,0,0
16584,3.81,473,9,192,363,13.35,0,1,1,0
15144,2.17,335,2,464,562,2.81,0,0,0,0
17397,4.68,216,4,430,346,10.83,0,1,1,0
11787,3.59,201,8,141,325,7.45,1,1,1,0
17191,4.01,28,2,203,237,6.56,1,0,1,0
3728,4.49,493,0,327,436,2.14,1,0,1,0
20749,2.45,446,1,87,315,1.43,1,0,0,0
23876,2.12,485,9,312,539,14.68,1,0,1,0
3698,4.64,211,4,357,179,9.81,0,1,0,0
10186,2.94,153,2,178,198,7.06,0,0,0,0
17512,2.39,479,5,68,433,11.55,0,0,1,0
16923,3.41,230,14,200,167,1.82,0,1,1,0
19779,3.79,101,14,314,115,9.31,0,1,1,0
10400,2.09,314,10,413,393,10.08,0,0,0,0
7171,2.82,176,7,412,401,7.05,0,1,1,0
7360,2.1,180,5,367,506,4.16,1,1,1,0
5502,3.26,471,9,495,596,14.34,0,0,1,0
20101,4.69,414,8,160,88,4.87,1,0,0,0
22166,4.95,231,14,37,438,2.31,0,1,0,0
24330,3.91,11,5,159,557,9.64,1,1,1,0
8486,2.48,185,13,91,136,8.83,0,1,1,0
11335,4.72,248,4,490,362,11.44,0,1,1,0
24364,3.55,419,3,261,524,11.43,0,0,1,0
7491,2.46,265,1,280,540,9.49,0,1,0,0
14130,4.77,389,5,282,569,3.51,1,1,0,0
24972,4.27,134,1,162,438,13.36,1,0,1,0
10651,4.2,244,4,214,144,4.1,1,0,0,0
23020,4.13,30,0,165,508,1.86,1,0,0,0
4167,2.6,346,2,313,536,4.87,1,0,1,0
4062,2.63,455,9,45,215,7.51,1,1,0,0
21540,4.06,258,4,441,127,3.5,0,1,1,0
24545,2.66,103,12,78,273,5.34,0,0,0,0
24689,3.32,430,12,71,196,7.95,1,0,1,0
14174,4.35,381,6,436,243,5.18,1,1,0,0
7729,4.35,468,7,168,558,1.8,1,1,1,0
12348,3.36,0,6,420,366,3.36,1,0,0,0
8334,4.38,428,6,126,573,12.02,0,1,0,0
11924,4.52,437,10,337,484,14.34,1,1,0,0
7330,3.96,433,14,78,175,2.65,0,1,1,0
9801,2.69,206,1,277,576,10.37,0,1,0,0
7846,2.82,134,5,467,333,13.63,0,0,0,0
9731,2.94,446,4,300,493,4.84,0,0,0,0
18368,2.35,270,10,444,450,12.53,1,0,0,0
20337,2.82,88,14,38,322,13.62,0,1,0,0
5539,2.63,194,8,185,452,4.84,1,0,0,0
10056,3.37,413,11,44,118,1.32,1,1,0,0
14516,4.73,121,9,442,432,13.79,1,1,1,0
14493,2.31,461,10,23,505,5.29,0,0,0,0
4542,4.16,115,3,22,156,0.7,1,1,0,0
24677,4.06,195,11,437,589,7.39,1,1,1,0
16964,2.29,35,6,381,596,2.18,1,0,1,0
20575,4.77,66,10,413,219,13.57,0,0,1,0
9313,3.71,132,7,388,331,2.75,1,0,1,0
22065,3.09,280,13,46,396,4.91,0,0,1,0
20924,4.27,478,5,387,499,11.96,1,0,1,0
24925,2.77,10,2,365,154,12.19,0,1,1,0
16807,4.08,455,10,238,108,13.57,0,0,1,0
12580,2.12,217,4,404,120,7.71,1,1,0,0
20749,4.52,321,0,63,571,14.81,0,0,1,0
11691,3.34,155,13,231,179,7.98,1,1,0,0
10494,3.91,239,12,71,399,11.97,1,1,1,0
7312,2.66,59,7,172,268,5.75,1,0,0,0
4324,4.03,137,11,221,529,14.15,1,1,0,0
6141,4.32,49,11,340,173,10.43,1,0,1,0
22870,3.42,166,11,483,260,1.62,1,1,1,0
4810,3.85,164,10,30,400,2.07,1,1,1,0
9588,3.37,318,1,87,362,13.42,0,1,1,0
22307,4.68,188,12,246,470,12.24,1,0,1,0
8301,3.49,486,9,140,400,5.29,1,0,1,0
23570,4.53,468,6,352,104,8.06,0,1,0,0
18485,4.4,91,8,488,339,12.86,0,0,0,0
14714,3.23,293,0,34,576,2.0,0,1,0,0
23652,2.69,375,12,76,292,2.5,0,0,0,0
7748,3.22,288,3,349,194,10.88,0,1,1,0
24233,4.48,74,6,83,531,1.69,1,0,1,0
12435,2.68,44,13,249,569,5.61,1,0,1,0
6709,3.57,427,8,30,464,4.15,1,0,0,0
16116,4.42,384,1,140,497,11.52,1,1,1,0
12576,3.06,52,1,243,298,0.54,0,1,1,0
13150,3.93,174,5,244,142,2.17,0,1,0,0
22456,2.74,160,2,144,429,1.94,1,0,1,0
9530,2.33,66,3,167,469,5.11,1,1,1,0
13188,4.38,473,2,247,456,3.87,1,0,1,0
17683,2.3,398,12,49,145,3.81,1,0,0,0
3504,2.81,360,0,29,198,5.87,0,0,0,0
4214,4.57,269,13,73,87,3.6,0,0,1,0
4531,3.04,406,13,205,106,2.04,1,1,0,0
3823,4.92,123,5,226,369,8.96,0,0,1,0
20312,4.94,181,10,274,107,14.3,1,0,0,0
8029,2.8,375,10,176,238,9.3,0,1,0,0
16428,2.12,391,12,148,224,11.48,0,1,0,0
19517,4.12,181,1,77,546,14.6,0,1,1,0
5105,3.35,35,1,424,187,2.72,0,1,0,0
6627,2.3,211,6,418,518,7.17,1,0,0,0
15972,4.12,383,4,214,282,8.94,1,0,0,0
4852,2.09,435,7,436,380,5.17,1,1,0,0
7910,4.61,133,13,441,517,9.39,1,0,0,0
23559,2.42,352,1,422,90,9.55,0,1,1,0
14003,2.38,411,12,407,182,12.71,1,1,1,0
24732,2.53,177,9,95,565,12.57,1,1,0,0
16843,4.88,165,7,108,189,2.57,1,1,1,0
14704,4.08,413,6,373,172,2.95,1,1,0,0
18761,4.4,493,12,100,586,3.72,0,1,1,0
9190,3.19,490,9,205,256,4.29,1,1,0,0
20640,3.01,336,13,345,518,8.69,0,0,0,0
22760,2.7,328,7,287,590,5.25,0,1,0,0
8645,3.44,475,10,402,188,14.32,0,0,0,0
22870,3.66,437,2,98,151,2.22,0,1,0,0
22968,3.9,326,7,164,568,4.07,0,1,0,0
12588,2.77,45,14,148,360,13.09,1,0,0,0
14829,4.85,155,5,33,293,8.97,0,0,1,0
11053,2.51,400,1,138,536,8.44,0,1,1,0
6330,4.9,487,5,21,497,9.12,0,0,1,0
22087,2.04,431,4,23,589,4.16,1,0,0,0
11662,3.44,427,2,263,402,11.54,0,0,0,0
10114,3.0,235,0,85,257,7.7,1,1,1,0
16323,3.35,315,6,265,183,1.12,0,0,1,0
4353,3.71,59,1,109,198,3.07,1,0,1,0
13975,3.31,4,0,449,136,12.34,0,1,0,0
14023,3.24,452,0,197,488,5.5,1,1,1,0
24447,4.2,461,6,79,137,11.71,1,1,0,0
3667,4.06,453,11,251,196,10.12,1,1,1,0
23852,4.5,390,0,455,504,4.87,1,1,1,0
12337,2.75,180,8,372,100,2.34,0,1,1,0
16659,3.83,144,5,195,158,12.2,1,1,1,0
6719,3.76,314,3,186,187,9.82,1,0,0,0
22129,3.11,264,11,402,350,4.86,0,0,1,0
10483,3.46,222,3,217,555,8.09,0,0,0,0
3539,2.94,405,14,79,149,9.37,1,0,0,0
7964,2.43,300,12,433,466,0.53,0,1,0,0
7835,2.64,456,11,489,245,10.22,1,0,0,0
23159,2.32,442,13,430,137,10.01,1,1,0,0
9042,4.05,335,4,102,530,1.7,1,1,1,0
17837,3.98,483,1,93,324,11.92,0,0,1,0
10312,4.85,481,4,330,124,12.46,0,0,1,0
8320,4.19,236,1,473,462,4.71,1,1,1,0
16216,2.16,12,11,45,150,2.85,1,0,0,0
5779,4.65,338,3,445,318,10.45,1,1,1,0
20308,4.59,267,9,396,187,2.29,0,1,1,0
4581,3.33,419,10,262,287,12.94,0,1,1,0
22708,3.76,265,13,342,381,7.46,0,1,0,0
15677,4.93,15,4,135,509,13.69,0,1,1,0
8713,3.6,91,5,342,427,9.81,1,1,0,0
19639,4.72,247,5,199,186,4.63,1,0,0,0
7804,2.25,18,8,281,485,7.29,1,0,1,0
21222,2.57,359,3,133,335,8.18,1,1,0,0
13136,3.32,389,12,285,380,12.32,0,0,1,0
3009,3.75,387,13,57,224,13.0,1,1,1,0
22255,4.45,413,4,399,439,10.4,0,1,1,0
8124,4.96,102,5,96,563,4.77,0,1,0,0
4015,3.17,94,3,121,269,8.16,0,0,1,0
5193,2.14,429,5,31,375,2.39,1,0,1,0
11415,4.4,282,1,321,172,3.84,1,0,1,0
16550,3.81,428,11,68,209,4.89,1,0,1,0
17512,2.6,212,12,273,563,1.56,1,1,1,0
7158,3.48,36,6,366,488,13.33,1,1,1,0
23309,4.23,392,2,399,420,2.28,0,1,0,0
9970,4.31,60,13,268,293,10.6,1,0,0,0
9938,3.5,290,9,91,409,7.83,1,0,0,0
24168,2.92,361,3,466,254,12.56,1,0,1,0
16772,4.92,302,8,216,523,11.25,1,0,0,0
23384,3.99,243,14,272,280,11.52,0,1,1,0
21017,3.22,404,14,377,177,6.57,0,1,0,0
13344,2.84,400,11,318,182,12.59,0,0,0,0
10266,4.19,310,14,241,230,1.87,1,0,0,0
11702,2.73,343,12,79,347,6.94,0,0,1,0
3384,2.52,350,4,376,431,14.92,1,1,0,0
3404,3.59,5,8,176,546,14.25,0,0,0,0
11175,2.87,376,9,361,357,1.69,1,0,1,0
18158,3.89,418,12,481,95,8.81,1,0,1,0
15763,2.35,305,9,401,535,5.08,0,0,0,0
21384,3.96,164,9,221,258,11.06,0,0,1,0
12860,2.85,12,11,286,213,11.17,0,1,0,0
8989,2.0,24,9,54,337,0.5,1,1,0,0
18106,2.38,223,5,274,141,12.76,1,0,1,0
20844,4.8,122,7,42,561,3.74,1,0,0,0
6636,4.6,128,4,475,556,14.51,1,0,1,0
13916,2.7,304,4,424,121,13.63,1,0,0,0
7809,4.34,121,2,184,452,3.26,0,0,0,0
23562,3.83,34,6,47,452,9.73,1,1,1,0
16456,4.91,82,1,391,378,4.8,1,0,0,0
18444,3.12,308,10,370,131,1.99,0,0,0,0
8997,4.04,435,11,333,458,13.17,0,0,1,0
5048,2.19,181,2,72,391,3.12,1,0,1,0
15338,3.19,75,14,303,138,6.6,1,1,1,0
24164,4.89,103,1,317,383,13.9,1,1,0,0
20100,3.62,231,14,494,114,1.59,1,0,1,0
24949,2.86,302,12,104,572,8.48,1,0,1,0
7544,2.36,42,7,476,570,8.8,0,0,1,0
7976,4.11,403,3,368,300,11.56,1,0,1,0
15775,3.93,416,9,143,202,12.49,0,0,1,0
13015,3.12,92,7,464,181,6.65,0,0,0,0
6419,4.85,143,7,226,594,11.28,1,0,0,0
17430,2.07,253,7,436,392,13.7,0,1,0,0
10239,2.91,77,7,458,585,13.35,1,1,0,0
17489,4.76,262,7,184,573,7.78,1,0,0,0
19633,2.96,69,11,66,278,9.3,0,1,0,0
13357,2.76,148,8,439,592,10.26,0,0,1,0
20154,3.6,291,1,390,409,12.38,0,0,0,0
7363,4.47,213,8,175,406,7.86,1,0,1,0
13176,2.31,359,7,285,89,2.12,0,0,1,0
20461,4.83,309,10,298,206,6.09,0,0,1,0
11427,4.39,146,9,495,310,10.94,0,0,1,0
11580,2.54,24,0,24,94,9.55,0,0,0,0
7858,4.14,322,13,101,566,11.43,0,0,0,0
13040,3.15,483,4,138,521,7.75,0,0,0,0
24103,3.21,108,10,281,353,3.03,0,0,0,0
22198,4.35,180,1,144,82,2.17,0,1,1,0
22758,4.89,250,9,445,405,7.48,1,0,0,0
18254,2.38,481,4,322,332,3.48,1,1,1,0
14470,3.26,202,12,234,134,14.74,0,0,0,0
4252,3.44,303,14,47,527,3.38,1,0,1,0
9996,3.13,169,7,288,376,8.72,1,0,0,0
15173,3.09,174,8,44,452,0.53,1,0,0,0
7673,2.16,346,8,26,548,4.18,0,0,1,0
23914,4.06,169,0,213,215,4.26,1,1,0,0
18781,3.31,1,6,99,325,11.2,1,1,0,0
16051,2.58,133,11,461,149,7.69,0,0,0,0
9881,4.45,126,10,341,560,0.68,0,1,1,0
9949,4.41,45,7,55,569,6.0,1,0,0,0
12521,3.46,193,9,277,582,9.85,1,1,1,0
11017,2.9,361,2,132,196,9.73,1,0,1,0
9941,3.91,208,12,313,336,1.28,0,1,0,0
13209,2.86,295,5,221,507,13.97,0,1,0,0
20715,2.71,57,10,33,194,4.08,1,1,1,0
23645,4.19,495,2,174,573,13.43,1,1,0,0
12550,2.12,77,8,418,141,3.59,0,0,1,0
24499,2.28,201,12,104,576,8.73,0,0,1,0
7637,2.02,492,2,159,159,6.39,0,0,1,0
7854,2.46,288,1,390,564,8.93,1,0,1,0
22561,2.21,489,8,446,101,7.72,1,0,0,0
13320,4.99,61,14,116,403,0.53,0,1,0,0
21564,2.87,267,10,204,596,5.59,0,0,0,0
7892,2.45,125,12,361,340,0.66,1,0,0,0
10043,2.72,479,13,377,208,10.41,1,1,1,0
19521,4.81,48,7,451,363,12.88,1,0,0,0
22856,3.56,87,7,208,126,6.08,1,0,1,0
24833,3.09,333,1,101,267,8.11,1,0,0,0
22216,4.62,260,5,319,98,1.45,1,1,0,0
22963,3.18,178,12,199,87,6.09,0,0,1,0
7164,3.01,68,12,465,116,2.51,0,1,0,0
10941,2.62,366,4,405,151,1.44,0,1,0,0
17388,3.13,415,13,368,460,2.99,1,1,1,0
8569,2.95,492,11,474,345,13.13,1,1,1,0
7300,4.03,432,1,434,146,14.74,0,0,1,0
9269,2.87,480,4,124,143,13.25,1,0,1,0
6818,3.73,59,3,400,109,14.56,0,0,1,0
15015,2.2,301,8,229,95,11.1,0,0,1,0
15234,2.57,451,11,348,357,2.82,0,1,1,0
21290,3.22,248,0,268,356,8.67,0,0,1,0
9254,4.81,477,5,91,300,11.11,0,0,1,0
20144,3.13,168,6,180,272,7.95,1,1,1,0
10350,3.99,464,14,152,103,8.54,0,1,1,0
18183,2.77,450,11,259,220,9.0,1,0,0,0
9238,2.38,268,5,97,105,7.27,1,0,0,0
9090,2.18,363,4,77,177,4.71,0,1,1,0
14637,2.92,111,11,480,355,9.74,1,1,0,0
15647,2.47,99,3,144,322,1.28,0,1,1,0
12911,2.52,401,4,30,512,2.98,1,1,1,0
11472,4.28,214,8,487,88,13.92,1,1,1,0
21271,2.05,482,4,426,351,7.59,1,0,0,0
6266,3.67,112,9,448,111,12.41,0,1,1,0
3666,3.14,96,14,46,558,11.03,1,0,0,0
7188,3.52,306,7,226,207,5.15,0,0,1,0
20055,3.69,117,6,241,96,12.15,1,0,0,0
13161,2.94,35,3,331,552,1.82,1,1,0,0
14314,2.89,336,9,401,380,13.19,1,0,1,0
24508,4.2,358,4,269,121,10.37,0,0,0,0
24969,4.61,289,6,334,131,13.94,1,1,0,0
15891,2.58,395,5,227,267,13.48,1,0,1,0
7777,2.29,388,12,128,230,6.01,0,0,0,0
6900,4.69,303,2,315,323,12.92,1,0,0,0
16716,3.05,359,9,421,570,8.66,0,0,0,0
9981,3.65,346,14,454,206,2.78,1,1,0,0
9376,3.08,123,2,80,488,12.53,1,1,1,0
19907,2.38,39,1,141,423,13.66,0,0,0,0
21777,3.77,140,13,258,177,1.73,1,1,0,0
21977,3.58,25,2,125,147,13.99,0,0,1,0
13160,2.61,141,10,298,107,9.22,1,0,0,0
17124,3.36,351,9,55,108,0.88,0,1,0,0
19282,4.39,394,12,57,291,8.36,0,1,0,0
13488,3.77,421,0,91,559,12.05,0,0,1,0
8240,2.29,335,12,75,151,8.23,1,0,1,0
13453,3.64,56,8,186,570,10.76,1,0,0,0
13478,4.11,149,1,240,189,13.25,0,0,1,0
15394,4.38,366,11,95,192,13.11,0,0,1,0
22262,3.89,399,12,229,476,3.09,1,1,0,0
23527,2.46,204,2,230,311,6.69,1,0,0,0
23028,4.13,75,4,247,122,2.11,1,1,1,0
7432,4.03,465,9,244,344,9.13,1,1,0,0
16568,2.07,284,11,472,125,14.34,0,0,1,0
17178,3.24,209,3,273,304,3.14,0,1,1,0
20660,3.0,493,12,175,180,6.35,1,1,1,0
3302,4.01,385,4,493,360,14.33,0,0,0,0
20022,2.65,437,5,382,317,11.38,0,1,1,0
3055,3.77,257,4,168,325,1.53,0,1,0,0
16013,4.74,258,9,337,178,6.71,1,0,0,0
11717,4.39,476,0,298,279,14.82,1,0,1,0
11150,4.76,183,5,424,335,7.07,1,1,0,0
5125,4.94,327,8,478,516,9.63,0,0,0,0
14479,2.03,10,2,395,573,10.66,1,1,1,0
18745,3.87,459,14,250,515,10.13,1,1,1,0
19748,3.24,159,1,419,103,8.02,0,1,0,0
9809,4.58,259,5,209,442,2.43,1,0,0,0
7621,2.76,392,11,244,349,10.77,0,0,1,0
18034,4.94,87,13,494,307,14.03,0,0,1,0
16623,3.84,368,2,84,207,14.15,1,0,0,0
8126,4.38,183,3,127,137,9.1,1,1,0,0
8122,2.26,15,5,99,404,7.64,1,0,1,0
21030,2.55,464,11,152,185,5.34,0,0,1,0
20302,4.28,494,12,193,516,2.0,0,0,1,0
22181,2.07,243,11,83,164,13.31,1,1,0,0
8870,4.45,85,5,229,81,2.49,1,1,0,0
4531,2.04,198,11,316,516,4.68,1,1,0,0
11172,3.97,9,1,117,530,11.24,0,0,0,0
22729,3.1,476,12,191,520,10.72,0,1,0,0
10673,3.83,163,12,108,301,10.37,0,1,0,0
9882,4.09,23,2,381,104,11.25,0,0,1,0
4906,3.03,63,12,245,114,8.36,0,1,1,0
6086,2.32,311,8,162,422,2.75,0,1,0,0
16503,2.21,237,1,215,445,14.98,1,1,0,0
11152,3.77,461,2,198,415,13.44,1,1,1,0
8750,3.56,461,8,73,512,6.75,1,0,1,0
15772,4.23,344,3,215,536,8.19,0,0,1,0
13267,3.53,237,14,236,558,6.21,0,1,0,0
4062,3.27,21,0,352,477,9.75,1,0,0,0
21360,3.19,179,10,317,422,11.1,0,1,0,0
20680,2.08,305,12,449,359,3.86,0,0,1,0
9229,3.01,46,1,44,431,6.78,0,1,1,0
19509,4.93,278,14,86,276,9.78,1,1,1,0
18147,4.62,223,2,182,304,14.83,1,0,0,0
7632,2.99,217,8,131,126,5.21,1,1,1,0
9288,3.76,498,14,348,264,11.3,0,0,0,0
6596,4.54,474,8,225,241,5.53,1,0,0,0
14475,3.32,236,10,425,374,1.84,0,1,0,0
9168,2.05,203,14,387,171,11.67,1,0,1,0
12795,2.22,338,5,156,247,9.91,1,0,0,0
10561,3.53,18,13,427,337,7.96,1,1,0,0
11258,4.91,179,10,298,388,10.29,0,1,0,0
19616,4.08,161,5,464,208,13.25,0,0,0,0
9371,2.21,479,2,184,240,11.47,0,1,1,0
23590,2.57,284,4,448,255,12.94,0,0,0,0
17369,4.31,60,14,290,367,4.71,0,1,0,0
15910,4.52,84,10,460,484,12.11,0,1,0,0
10943,3.85,34,3,247,419,5.72,1,1,1,0
15199,3.93,489,9,146,347,0.8,0,1,1,0
18728,2.09,4,9,289,297,1.13,1,0,0,0
9738,4.49,75,11,327,243,11.09,1,1,1,0
18913,4.36,252,8,267,470,4.44,1,1,0,0
5472,2.78,6,8,359,496,4.96,1,1,1,0
22123,4.13,168,0,55,127,9.53,1,0,1,0
24785,2.64,129,7,174,273,11.25,0,1,1,0
18679,2.12,472,14,164,163,8.6,0,0,0,0
4761,2.6,137,8,493,126,10.74,1,1,1,0
13167,2.54,357,4,444,313,14.15,0,0,1,0
13554,3.01,299,3,279,378,12.89,0,0,0,0
20260,3.26,325,9,406,226,3.99,0,0,0,0
17277,3.53,90,3,38,275,13.65,1,0,1,0
6812,3.43,162,1,444,101,4.81,0,0,1,0
20844,2.81,317,8,443,273,10.08,1,0,1,0
21117,2.09,457,4,77,465,13.18,1,1,1,0
4605,3.82,252,10,442,443,9.54,1,1,1,0
8622,3.19,200,2,282,353,12.19,0,0,0,0
9767,2.9,19,5,55,463,13.95,1,1,1,0
14613,4.6,228,8,230,287,14.52,0,0,0,0
22901,4.24,162,8,351,354,6.45,0,0,1,0
13589,4.57,164,11,167,575,14.9,1,1,1,0
16918,3.48,231,12,121,238,4.44,1,0,1,0
23119,2.39,327,4,95,539,7.2,1,1,0,0
16046,4.09,237,7,432,473,11.53,1,1,0,0
5590,2.62,119,3,497,518,14.57,0,1,1,0
20447,3.32,437,4,487,458,1.27,1,0,1,0
7324,2.2,350,6,87,243,14.21,0,0,0,0
13787,4.48,382,6,85,409,14.98,1,1,0,0
12111,2.38,368,12,322,226,13.69,1,0,0,0
8342,4.71,106,6,241,189,2.07,0,1,1,0
19389,4.59,249,7,170,473,12.69,0,1,0,0
11659,3.39,335,10,409,261,9.78,0,0,1,0
17043,4.23,283,4,293,522,0.64,0,0,0,0
11837,3.86,197,14,456,209,14.77,1,1,0,0
3117,4.41,415,0,297,482,2.68,1,1,0,0
16917,3.3,219,10,87,584,6.25,1,0,1,0
21935,4.36,394,8,254,101,0.94,0,1,0,0
17309,3.39,425,8,222,96,4.99,1,0,1,0
16234,4.82,150,14,252,361,8.74,0,1,1,0
8560,3.46,285,6,182,306,14.0,0,1,1,0
23673,3.39,264,11,478,499,14.86,1,1,1,0
3846,4.36,219,5,117,452,6.64,0,1,0,0
13954,4.46,215,12,28,380,6.71,0,1,0,0
16703,3.66,314,12,434,365,2.82,0,1,0,0
18385,2.54,155,4,268,195,7.73,0,1,0,0
16746,3.4,215,4,499,228,14.13,0,0,1,0
9469,4.9,334,14,446,483,2.9,0,1,1,0
12333,4.26,358,2,246,169,4.36,1,0,1,0
19608,4.43,113,9,260,198,13.42,0,1,1,0
15819,2.1,160,0,94,172,9.58,1,1,1,0
7208,3.4,302,5,36,526,5.29,0,1,1,0
9283,3.94,97,7,70,391,12.28,1,1,1,0
5048,4.49,405,13,247,397,2.08,1,0,0,0
9233,2.15,156,1,213,200,12.95,1,0,1,0
15941,4.56,161,7,299,396,8.01,0,1,0,0
15607,3.65,41,7,257,217,11.48,1,0,1,0
12765,2.59,179,9,400,363,8.02,1,0,1,0
4828,2.95,302,7,290,599,4.07,1,0,1,0
4917,2.85,329,9,431,584,9.79,1,1,1,0
23618,3.59,50,14,406,470,2.74,1,1,0,0
9988,2.16,251,2,176,84,3.83,0,0,0,0
21410,2.48,428,9,273,446,8.47,0,1,0,0
17594,4.44,349,7,327,571,6.15,0,1,1,0
23128,2.4,119,10,329,545,11.31,1,1,0,0
15977,2.7,74,14,333,314,8.96,1,0,0,0
3009,3.36,161,11,320,441,6.03,0,0,1,0
19644,3.55,148,11,137,321,5.24,1,0,0,0
12865,4.29,122,13,352,521,13.74,1,1,1,0
5219,3.34,140,3,69,267,1.08,1,1,0,0
10041,4.37,181,2,297,483,10.52,1,1,0,0
21444,3.86,408,10,71,506,6.18,1,1,1,0
8287,2.34,377,8,200,492,5.97,1,1,0,0
4619,2.47,276,7,50,593,9.95,0,1,1,0
11512,3.31,256,9,346,233,12.83,1,1,0,0
4342,3.19,441,12,451,282,11.0,1,1,0,0
13568,4.23,324,12,265,296,10.22,0,0,1,0
22216,3.74,244,1,109,561,7.69,0,0,0,0
22208,3.16,85,12,50,394,7.3,0,1,1,0
21378,2.51,70,12,121,80,7.18,0,1,1,0
17231,2.68,268,14,249,582,2.61,0,1,0,0
6490,3.73,492,12,407,357,8.61,0,1,1,0
12310,3.27,179,13,438,273,5.07,0,1,0,0
10984,3.54,278,7,116,327,9.46,1,0,0,0
20988,2.51,148,10,86,167,8.25,0,0,1,0
15219,3.99,5,10,211,513,14.13,0,0,1,0
3235,4.56,147,2,230,499,6.81,0,1,1,0
13161,2.77,331,9,156,332,10.13,0,1,0,0
4908,3.47,167,11,449,508,9.1,1,1,0,0
11567,4.93,8,13,358,243,10.42,1,1,1,0
6530,3.0,177,5,203,574,4.37,1,1,0,0
8256,3.79,283,4,75,241,4.23,1,0,1,0
22019,2.27,394,7,486,586,8.62,0,1,1,0
11162,3.82,115,8,269,344,12.81,1,0,0,0
21944,2.27,95,10,301,189,10.94,0,1,0,0
8415,4.88,330,6,79,398,7.59,1,0,1,0
6391,4.15,343,5,147,211,4.2,1,0,0,0
14157,4.36,55,5,224,212,11.51,0,1,0,0
8951,4.11,206,0,233,473,13.93,0,0,0,0
24852,3.77,104,4,146,114,3.59,1,1,1,0
11007,3.35,34,13,91,451,12.09,1,0,1,0
12064,4.58,208,7,235,110,3.0,1,0,1,0
24204,4.87,280,5,109,253,13.56,1,1,0,0
18524,3.5,368,11,451,469,9.81,1,0,0,0
22282,4.79,354,0,333,185,3.12,0,0,1,0
3077,3.75,146,14,252,354,1.03,1,0,0,0
10577,3.62,488,14,252,175,10.57,1,0,0,0
23611,3.36,286,4,82,109,9.29,1,1,1,0
19984,2.63,80,12,395,240,9.36,0,1,0,0
17060,2.01,49,10,266,385,7.49,1,0,0,0
20449,2.72,86,11,461,275,9.41,0,1,0,0
21520,3.53,190,4,406,417,13.16,0,1,1,0
13535,3.14,302,11,154,217,14.3,0,1,1,0
12510,3.35,0,2,455,526,5.5,1,1,1,0
9943,4.94,380,7,389,389,7.57,0,1,0,0
14954,3.05,441,14,465,258,4.46,1,0,0,0
10804,3.36,137,8,21,416,6.47,1,1,0,0
9565,2.4,135,5,180,313,12.04,1,0,0,0
8984,2.14,361,5,159,328,6.66,1,0,0,0
24526,4.33,380,1,323,211,6.18,0,0,0,0
7670,3.71,153,9,479,328,12.83,0,1,0,0
21574,4.28,161,1,328,534,0.52,1,1,0,0
12184,2.45,18,5,221,578,12.86,1,0,0,0
22096,3.72,461,11,144,142,3.13,0,0,0,0
5192,2.76,327,7,444,471,4.48,0,0,0,0
4248,2.68,242,1,392,336,5.74,1,0,0,0
14246,2.03,128,8,366,327,13.27,1,0,0,0
15790,2.39,175,12,101,343,13.68,0,1,1,0
23417,2.93,408,11,461,546,10.09,1,1,1,0
21381,2.35,279,13,343,440,6.87,0,0,1,0
6687,4.96,430,8,426,472,7.98,1,1,1,0
7018,2.93,83,14,488,258,8.92,1,0,0,0
14302,2.39,375,13,183,585,14.33,1,0,1,0
4970,2.6,221,3,369,578,14.55,1,1,1,0
11389,3.76,324,3,259,371,12.79,1,1,1,0
20586,2.19,450,3,232,178,8.96,1,1,0,0
24951,4.59,415,10,490,260,6.17,1,0,1,0
18374,4.88,144,4,168,482,3.84,1,1,0,0
8788,2.74,444,7,91,453,8.25,0,1,1,0
8408,3.35,105,1,122,332,5.51,1,0,0,0
12446,2.07,324,10,202,201,1.55,0,1,1,0
3922,3.92,10,4,203,521,7.41,0,0,0,0
3419,3.24,165,13,32,324,8.78,1,0,1,0
21588,2.81,195,1,399,570,9.36,1,0,0,0
13789,2.62,230,14,251,125,1.57,0,1,1,0
4120,3.96,146,10,169,531,7.51,1,0,1,0
14260,3.25,358,10,282,375,10.01,0,0,1,0
20334,2.54,237,7,43,220,14.44,0,0,0,0
5336,4.07,496,0,208,145,0.86,0,1,0,0
8373,3.7,470,14,152,562,10.31,0,1,0,0
5243,4.58,400,6,69,388,1.4,0,0,0,0
22029,2.35,12,2,465,539,2.8,1,0,1,0
7612,4.36,218,3,202,477,3.01,0,1,0,0
16946,4.02,256,13,45,548,5.27,0,0,1,0
21249,2.35,1,14,157,471,12.55,1,0,0,0
14104,4.08,209,7,30,176,12.92,0,1,1,0
16429,3.32,483,2,315,269,5.94,1,1,0,0
9371,4.83,364,11,121,274,6.75,1,0,0,0
9359,2.42,224,12,30,413,3.65,0,0,0,0
10863,3.93,483,12,131,162,6.77,1,0,1,0
6228,3.15,193,6,113,330,4.49,0,0,1,0
23103,4.87,195,11,279,149,3.04,1,0,1,0
17382,2.99,399,0,277,371,2.8,1,0,1,0
21755,4.89,259,8,480,419,11.75,1,1,0,0
5891,4.7,56,12,186,464,2.2,0,0,1,0
6756,2.81,456,5,228,537,9.43,1,0,1,0
23609,4.41,112,2,426,220,2.93,0,1,0,0
18770,4.99,212,6,64,219,12.65,0,1,0,0
19478,2.76,278,14,349,154,4.48,0,0,1,0
5674,3.31,243,12,224,179,1.15,1,0,1,0
9898,3.56,379,4,445,254,7.06,1,1,0,0
13147,2.88,116,7,378,402,15.0,1,0,0,0
3793,2.05,385,7,61,556,12.29,1,1,1,0
5116,2.66,450,11,304,89,8.77,1,0,1,0
8779,2.85,86,8,419,125,3.25,1,1,1,0
15298,3.33,409,5,470,595,2.2,1,1,0,0
17153,2.51,380,3,119,392,12.66,1,1,0,0
14111,4.62,366,12,463,317,11.92,1,0,1,0
13789,4.11,262,1,407,110,7.2,1,1,0,0
14397,2.26,483,2,375,589,6.61,0,0,0,0
15999,3.95,299,4,291,209,11.36,1,0,1,0
3814,3.96,416,7,444,464,8.27,1,1,0,0
19729,4.87,112,11,25,104,6.36,0,0,0,0
13541,2.01,447,9,61,340,4.15,0,1,1,0
5443,2.74,163,1,403,477,2.28,1,1,1,0
13457,4.78,3,4,460,409,9.12,0,1,1,0
13380,4.8,117,13,431,228,12.48,1,1,0,0
10783,4.16,22,8,375,488,11.32,0,0,0,0
14473,4.3,408,1,426,198,10.6,0,0,0,0
20368,2.27,232,14,272,513,13.97,1,0,1,0
18328,3.54,89,7,95,307,6.22,0,1,1,0
3827,2.69,475,2,61,319,2.49,1,0,0,0
22915,2.54,254,7,370,311,1.98,1,0,0,0
10147,4.43,91,3,287,369,14.35,0,1,1,0
7451,2.41,468,3,399,233,9.04,1,1,1,0
18343,3.41,457,11,499,238,12.26,0,1,1,0
16635,4.82,154,6,236,555,8.27,1,0,1,0
23260,2.56,306,4,83,92,6.28,1,1,0,0
8959,4.93,114,3,461,586,3.4,0,0,1,0
3126,4.98,206,6,198,297,12.92,1,1,0,0
22561,3.67,80,11,48,301,1.42,0,1,0,0
11795,2.51,102,2,294,367,13.55,0,0,1,0
14641,2.95,482,14,489,566,3.47,1,0,0,0
24493,3.27,452,8,235,403,0.64,0,0,1,0
23530,2.93,79,13,372,255,2.01,1,1,1,0
10196,2.84,406,12,320,120,13.31,1,0,1,0
14559,4.92,102,4,73,404,1.57,0,0,0,0
6368,2.46,239,11,385,346,5.65,0,1,1,0
6797,4.2,264,2,99,472,4.13,1,0,0,0
18114,2.0,32,1,213,192,1.03,1,1,0,0
16718,3.79,34,6,219,363,8.21,1,1,1,0
4792,4.75,248,11,32,282,14.98,1,1,0,0
14053,2.86,487,6,241,223,12.87,0,0,1,0
6476,2.56,49,11,212,322,2.95,0,0,1,0
6417,3.96,279,12,415,114,13.32,1,1,0,0
4645,4.14,471,4,388,132,7.05,0,0,0,0
17755,4.06,241,3,346,582,4.46,0,1,0,0
22414,2.96,151,12,259,435,9.78,1,1,1,0
22256,2.76,146,10,289,229,3.64,0,1,1,0
6072,4.87,38,1,317,516,13.25,1,1,1,0
4854,4.77,188,1,118,529,9.55,0,0,0,0
23405,3.37,24,6,239,346,2.47,1,1,1,0
7662,4.54,243,9,351,165,8.77,0,0,0,0
9514,3.36,222,6,123,388,7.9,1,1,0,0
24415,3.27,229,3,451,344,7.34,1,1,1,0
5708,2.47,152,13,396,571,5.79,1,1,1,0
14694,3.28,410,3,427,96,7.38,1,1,1,0
12524,3.61,287,3,84,268,9.0,1,1,0,0
22891,2.07,394,10,164,245,11.14,0,1,0,0
9456,3.33,452,1,57,424,13.81,0,0,1,0
7212,4.34,107,12,47,298,1.14,0,0,0,0
16224,4.04,32,12,308,173,8.76,0,0,0,0
10970,3.91,402,8,427,237,11.4,1,0,1,0
19920,4.73,362,0,386,113,2.18,1,0,1,0
4625,2.05,110,14,256,495,13.72,0,1,0,0
13314,3.67,120,7,145,585,4.05,1,0,1,0
10973,4.36,15,5,403,569,12.58,0,0,0,0
11577,3.62,226,14,345,312,10.1,0,1,1,0
11070,2.97,10,12,104,186,8.61,1,1,1,0
11666,2.41,202,9,256,272,13.1,0,1,1,0
6600,4.66,201,6,265,547,14.55,0,1,1,0
9783,3.41,97,11,407,358,14.96,0,0,0,0
16226,4.63,115,4,436,207,10.41,1,0,1,0
12146,3.76,452,5,394,420,5.42,0,0,1,0
7971,4.02,470,5,285,138,13.18,0,0,0,0
16490,4.41,438,12,268,261,9.99,1,1,1,0
20589,3.98,280,8,311,593,5.19,1,0,0,0
15951,3.19,348,9,224,322,14.02,1,1,0,0
15312,3.54,231,12,247,307,11.34,1,0,1,0
4990,4.41,460,3,259,597,7.07,1,1,0,0
8299,3.12,110,11,92,224,7.09,1,1,0,0
15997,3.16,351,10,178,206,14.94,1,0,1,0
22956,2.29,417,11,407,414,5.92,0,0,1,0
16472,4.74,11,12,397,487,1.86,1,0,0,0
7380,2.27,471,4,231,200,8.31,0,1,0,0
7757,3.94,487,3,155,364,13.33,0,0,0,0
22097,3.24,20,0,302,321,8.98,1,1,1,0
13395,3.22,126,9,183,157,12.0,0,0,0,0
19241,4.04,284,5,156,529,1.3,0,0,1,0
8588,2.2,434,4,190,549,10.26,1,1,1,0
20350,3.78,120,3,171,260,1.65,0,0,0,0
7944,4.32,123,5,184,344,8.57,0,0,1,0
16395,4.48,406,11,316,374,7.72,0,0,0,0
22816,2.51,32,4,123,326,14.21,1,0,0,0
20072,4.69,391,2,241,503,2.42,1,0,1,0
7243,3.97,169,1,301,138,0.64,1,1,0,0
23085,4.65,76,12,407,537,2.49,0,1,1,0
24566,3.46,452,5,391,90,2.98,0,0,1,0
12916,3.63,296,3,148,426,4.14,1,0,0,0
23806,4.76,329,10,423,84,12.32,1,1,0,0
12984,4.7,62,14,239,449,5.96,0,1,1,0
4759,3.34,269,12,192,537,12.69,0,1,1,0
12181,2.82,215,9,491,324,4.44,0,1,0,0
5482,3.18,189,2,367,328,12.98,0,0,1,0
3951,3.16,74,13,495,514,0.62,0,1,1,0
5079,2.86,173,7,472,499,14.05,1,1,1,0
5717,2.81,66,11,115,184,11.32,1,0,0,0
23908,4.58,92,8,71,321,6.48,0,0,1,0
12692,2.21,52,14,113,351,8.87,0,0,0,0
10311,4.03,495,6,83,598,14.03,0,0,0,0
21449,2.52,435,1,40,123,8.95,1,1,0,0
3768,3.03,93,7,125,105,3.81,1,1,1,0
8490,2.18,112,10,355,260,8.81,0,1,1,0
18534,2.81,228,12,219,507,13.14,0,1,1,0
9645,4.31,249,12,351,347,14.82,0,1,0,0
24467,4.66,390,10,371,230,8.97,1,0,1,0
8232,2.66,208,4,300,174,2.76,1,0,0,0
14485,3.39,467,14,470,461,11.69,1,1,1,0
8797,3.41,181,14,301,594,14.96,0,1,1,0
24310,4.62,266,14,119,507,7.37,0,1,0,0
22719,4.29,491,10,356,504,6.06,1,0,1,0
15342,3.54,280,9,46,278,8.51,1,1,0,0
11038,4.01,442,6,264,87,2.89,1,1,1,0
19002,4.54,471,4,455,406,14.58,1,1,0,0
16087,2.03,449,1,82,100,12.66,0,0,1,0
7873,3.21,154,11,361,334,2.14,0,0,1,0
4481,4.72,82,11,393,512,14.2,0,1,0,0
13093,4.22,185,11,448,584,14.17,0,1,1,0
22835,3.63,348,3,461,106,5.09,1,0,0,0
17422,3.59,484,12,57,599,9.48,0,0,1,0
19438,3.04,138,10,438,579,2.11,1,0,0,0
10643,3.56,54,4,321,312,1.72,1,0,1,0
22846,3.97,18,5,146,475,7.78,0,1,1,0
18708,3.26,347,4,90,386,1.22,1,0,1,0
14271,4.14,422,9,406,589,13.19,1,0,1,0
20216,4.58,468,10,153,503,13.96,0,0,1,0
15600,2.46,345,14,272,229,1.48,0,0,1,0
13998,3.35,469,0,32,471,1.19,0,0,0,0
17295,3.22,453,0,193,569,3.71,0,1,1,0
13682,4.06,266,14,482,126,13.98,1,1,1,0
19380,2.75,141,2,109,391,11.65,0,0,1,0
11519,3.92,315,8,387,218,10.31,0,1,0,0
22694,4.63,163,10,308,484,11.76,0,0,1,0
6300,3.25,251,1,226,93,3.39,1,1,0,0
9722,4.73,231,9,81,598,4.22,0,1,0,0
10218,4.98,296,4,338,264,5.11,1,1,0,0
23059,2.32,385,8,331,194,9.27,1,1,0,0
6054,2.7,440,6,58,189,9.32,1,1,0,0
16575,4.85,362,10,79,360,3.52,1,0,1,0
10970,4.87,59,7,124,165,6.83,1,0,1,0
5143,2.29,403,1,258,217,10.51,0,1,0,0
24591,2.04,21,4,481,545,4.99,0,1,1,0
12503,2.48,383,8,146,156,1.59,1,1,1,0
18149,4.99,125,0,102,216,3.36,1,0,1,0
21922,2.54,102,0,239,176,2.89,1,1,1,0
15175,3.51,387,9,427,88,9.66,0,1,1,0
23931,4.55,439,7,453,162,1.49,0,0,0,0
11356,2.06,220,1,124,126,13.33,1,0,0,0
24389,3.81,109,8,436,591,1.72,1,0,0,0
18070,2.83,57,9,479,509,9.17,1,0,0,0
3822,4.59,471,8,93,169,13.98,0,0,1,0
20327,2.85,64,3,154,592,1.41,1,1,1,0
17289,4.06,471,1,449,493,6.06,1,0,0,0
9150,4.02,57,2,397,592,5.26,1,0,0,0
7425,2.66,157,9,81,156,5.49,0,0,1,0
19032,2.1,75,0,20,160,9.2,1,0,0,0
5198,3.23,18,2,98,281,4.3,1,1,1,0
23626,2.87,383,4,393,526,0.9,1,1,0,0
23079,4.43,484,2,84,186,14.45,1,1,1,0
6452,4.4,189,2,448,371,11.36,0,0,1,0
12106,3.37,249,9,487,391,2.46,1,0,0,0
16859,3.82,359,5,202,596,7.1,1,1,0,0
20692,3.81,362,2,85,505,1.41,1,1,1,0
23561,4.48,373,2,342,494,0.9,0,1,0,0
11705,3.28,451,14,375,214,1.19,1,0,0,0
13112,2.83,78,8,227,598,11.46,1,1,1,0
22978,2.8,83,1,73,443,6.95,1,0,0,0
7841,3.61,171,0,240,463,12.74,0,0,0,0
18358,3.35,211,9,255,111,4.93,0,0,1,0
4409,3.32,373,7,396,566,11.74,0,0,0,0
7566,2.27,444,12,119,444,1.63,0,1,1,0
14382,4.16,148,13,466,343,9.71,1,0,1,0
23875,2.64,9,2,457,221,5.73,1,0,1,0
20939,2.59,29,6,122,109,4.51,1,0,1,0
17596,3.24,279,1,455,209,12.32,0,0,1,0
3804,2.68,431,10,201,149,1.25,0,1,0,0
16221,3.75,54,10,470,198,14.27,0,1,1,0
4279,3.11,359,11,440,406,11.89,0,0,0,0
16192,3.35,126,7,127,149,5.66,0,1,1,0
10083,3.61,179,8,31,287,14.87,1,1,1,0
14093,2.61,231,7,462,170,3.44,0,0,1,0
20771,2.47,380,7,423,199,6.34,1,1,0,0
15880,4.64,421,7,362,286,13.33,0,0,1,0
18517,3.3,450,13,105,485,14.95,0,0,0,0
22063,3.24,92,6,307,203,3.97,1,1,0,0
5106,2.11,7,1,346,191,11.28,1,0,1,0
19086,3.49,412,7,233,286,4.93,1,1,0,0
23607,3.66,246,4,63,465,11.61,1,1,1,0
7831,3.68,393,5,341,226,2.32,0,0,0,0
22152,4.12,452,3,97,211,5.37,0,1,1,0
6186,2.53,330,0,74,183,1.59,0,1,1,0
5573,2.76,195,12,291,321,7.63,0,1,0,0
15808,4.43,432,4,363,410,10.67,0,0,1,0
5599,4.84,441,2,90,228,5.99,0,1,1,0
7033,2.41,162,8,87,248,9.41,0,1,0,0
11428,3.49,433,3,199,163,8.75,1,0,1,0
4304,2.64,39,9,399,599,4.77,0,1,1,0
20685,2.18,253,1,440,186,7.56,1,1,1,0
21925,2.98,395,3,193,344,1.5,1,1,1,0
21435,2.43,84,2,188,110,7.17,1,1,1,0
11633,4.13,271,2,408,326,7.14,0,1,1,0
14372,3.6,77,4,469,103,0.92,1,0,0,0
11996,2.43,212,0,280,577,7.95,0,1,1,0
19458,2.03,303,4,466,383,11.2,1,0,0,0
8475,4.42,254,7,144,477,7.06,1,0,0,0
10184,2.53,90,14,150,482,9.87,1,0,1,0
15875,3.82,483,14,253,395,8.22,1,1,1,0
4622,3.01,384,9,411,357,11.89,0,1,1,0
18988,3.76,192,11,173,222,7.96,1,0,1,0
11041,2.95,252,8,349,489,5.31,0,1,0,0
19725,2.26,277,11,144,435,12.5,1,1,0,0
21458,2.67,142,0,373,282,1.48,1,0,0,0
10992,2.56,243,13,398,329,4.7,0,0,1,0
18646,3.28,211,1,119,182,9.08,1,1,0,0
20029,3.97,194,1,72,547,12.91,1,0,1,0
7263,2.79,269,5,351,114,1.55,1,1,1,0
17060,2.04,328,0,487,403,1.89,0,0,1,0
18156,3.56,18,10,147,347,4.59,0,1,1,0
11646,3.82,39,0,432,132,5.5,0,1,0,0
14664,4.89,97,1,33,97,12.73,1,1,1,0
5969,3.77,3,14,24,183,14.4,1,0,0,0
6028,3.41,32,11,269,231,0.75,0,1,1,0
22065,3.72,298,12,387,493,0.72,1,1,1,0
6629,4.78,164,3,46,163,13.04,0,1,1,0
23609,4.49,449,1,144,387,2.47,0,0,1,0
6067,2.97,26,3,471,230,5.42,1,0,0,0
8941,2.71,172,2,48,458,4.49,0,0,0,0
20770,2.79,336,2,22,537,4.59,1,0,0,0
22250,3.51,112,14,433,432,5.26,1,0,0,0
24172,4.23,433,8,247,455,5.37,0,1,1,0
14555,3.51,372,7,156,287,9.49,0,0,0,0
24874,2.2,379,11,276,539,9.62,0,0,1,0
16081,4.17,94,11,259,483,8.08,1,0,0,0
23508,4.42,318,9,298,564,12.95,0,0,0,0
23234,2.87,232,8,342,201,12.76,1,1,0,0
24799,3.99,133,0,179,199,3.65,0,1,0,0
9819,3.28,123,11,491,330,8.38,0,0,0,0
14046,4.67,371,4,25,378,11.87,0,1,0,0
20717,4.54,350,11,480,126,13.07,0,1,1,0
23534,3.58,322,11,324,378,4.2,1,1,0,0
5711,4.07,487,3,162,598,7.66,1,1,1,0
7853,4.65,450,10,461,324,8.11,0,0,0,0
24792,3.49,352,13,200,297,10.64,0,1,1,0
10715,2.94,115,8,49,423,5.29,0,1,1,0
11942,4.26,442,13,479,393,4.76,0,1,0,0
18507,2.66,12,2,272,369,10.73,0,0,1,0
18826,3.17,404,4,59,276,6.29,0,0,0,0
4762,4.6,319,7,206,495,0.56,0,0,0,0
18850,4.17,164,9,338,385,14.1,0,0,1,0
15112,3.21,207,14,323,557,2.67,0,1,1,0
15652,2.64,84,4,246,299,2.66,0,0,0,0
9122,3.07,247,8,239,433,12.37,1,1,1,0
3481,2.85,431,1,399,314,5.36,0,0,0,0
17536,2.53,55,5,343,385,5.26,0,0,1,0
3153,4.23,171,4,410,189,9.52,0,1,1,0
10617,2.76,140,8,450,393,1.36,0,1,0,0
4524,3.36,131,6,62,92,3.94,1,1,1,0
5120,3.16,478,7,163,246,1.27,1,0,0,0
18048,4.95,200,6,297,132,4.73,1,0,0,0
5343,3.17,367,12,338,265,13.11,1,1,0,0
8136,2.24,288,9,193,355,13.69,1,1,0,0
4240,2.27,420,9,266,526,4.99,1,0,0,0
3060,3.77,308,4,192,431,3.22,1,1,1,0
12130,3.8,356,10,60,89,2.46,0,0,0,0
21023,3.26,407,12,428,489,6.22,0,0,0,0
15312,3.3,344,13,69,226,12.48,1,0,1,0
16350,2.16,178,4,342,556,12.86,0,1,1,0
15418,3.55,424,12,199,507,1.17,0,0,1,0
4252,3.51,28,10,361,567,3.53,1,0,0,0
23587,2.45,442,3,178,456,3.45,1,0,1,0
11363,2.31,423,1,56,191,12.51,0,0,1,0
12650,2.37,306,13,425,294,7.12,1,0,0,0
22933,2.3,305,8,46,589,5.84,1,0,0,0
23581,3.83,366,9,395,590,14.37,0,0,1,0
21706,2.59,35,9,405,105,13.92,1,1,1,0
19314,2.75,462,11,275,272,6.88,1,0,1,0
7090,2.52,108,9,297,182,2.36,1,0,1,0
9960,4.87,315,9,268,284,2.98,0,0,0,0
6004,4.56,145,2,200,490,2.13,0,1,1,0
24520,2.69,275,10,36,130,10.37,1,1,1,0
19713,2.98,388,10,387,210,8.54,1,0,0,0
6640,2.63,145,2,144,422,8.57,0,0,0,0
23491,3.48,379,2,331,479,1.93,1,1,1,0
4341,2.06,167,7,231,281,12.0,0,0,1,0
14855,4.01,256,5,491,379,8.27,0,0,1,0
3338,3.57,274,0,256,225,1.82,0,0,0,0
8895,4.7,86,11,434,541,11.33,0,0,0,0
15254,2.49,153,12,318,583,14.73,0,0,1,0
22092,4.41,496,14,219,230,6.9,0,1,0,0
14344,4.38,284,13,396,395,2.18,0,0,1,0
4750,2.38,314,2,200,278,1.97,0,0,1,0
24988,3.2,318,3,408,508,0.88,0,1,1,0
5421,2.51,97,12,149,382,11.67,1,1,0,0
10119,2.76,210,1,140,577,10.56,1,1,1,0
8319,2.79,445,5,206,184,8.97,0,0,0,0
18896,3.67,47,9,407,89,11.6,1,1,0,0
24771,3.23,317,11,246,106,14.99,1,1,0,0
14918,4.84,273,0,181,406,6.33,0,1,1,0
23377,2.38,193,0,470,574,10.73,0,0,0,0
16849,4.92,251,7,131,206,5.97,0,0,1,0
7873,2.69,282,3,487,195,5.6,1,0,0,0
7806,4.32,261,14,476,250,12.84,0,0,1,0
11592,3.02,486,14,153,291,8.83,0,0,0,0
15182,2.43,453,0,205,268,2.25,1,0,0,0
22541,4.57,442,6,194,569,6.35,1,0,0,0
19774,2.93,261,8,280,466,12.05,1,0,0,0
15045,3.98,30,9,336,209,14.13,0,0,1,0
7430,3.7,104,6,331,102,9.41,1,0,0,0
11820,3.42,487,0,377,258,6.22,0,1,1,0
7232,3.49,349,0,438,480,4.15,1,1,0,0
14122,4.2,311,11,394,584,6.62,1,0,1,0
18023,2.26,437,0,498,490,8.7,1,0,1,0
11007,4.0,468,14,288,408,0.56,1,0,0,0
20905,4.69,168,7,301,550,4.4,0,1,0,0
12018,2.17,235,6,489,499,10.24,1,0,0,0
4500,2.42,273,13,243,491,10.26,0,1,1,0
9737,4.15,342,2,271,108,9.97,0,1,1,0
6294,3.31,229,2,83,324,14.27,0,0,0,0
24469,3.21,22,11,482,139,8.74,0,1,0,0
21803,2.41,475,2,414,218,4.41,0,0,1,0
22426,3.52,163,1,337,436,12.27,0,0,1,0
7497,2.38,280,13,483,291,6.15,1,1,0,0
20850,3.43,6,13,450,218,3.97,0,1,0,0
22945,4.29,209,3,143,447,8.57,1,1,0,0
3614,2.77,252,6,89,565,4.69,1,1,1,0
24776,3.44,403,8,257,572,6.24,0,0,1,0
12374,4.98,132,2,94,415,10.55,1,1,1,0
22607,4.06,273,9,461,257,14.94,0,1,0,0
5667,4.52,105,6,29,592,9.85,1,0,1,0
16409,3.24,231,11,419,192,4.51,0,1,0,0
19514,4.3,32,14,287,362,1.81,0,1,0,0
5983,2.12,78,3,474,195,5.75,1,0,0,0
23662,2.37,34,0,494,120,0.78,0,0,0,0
15651,2.61,494,4,107,246,7.24,0,1,1,0
11230,3.21,109,7,69,300,10.07,1,1,1,0
9640,4.54,320,2,162,392,7.92,0,0,0,0
14779,3.04,62,9,78,425,13.05,1,1,1,0
24852,3.96,468,3,473,550,7.66,0,1,1,0
18317,4.13,327,14,337,210,7.2,1,1,0,0
20304,3.76,454,2,230,127,4.99,0,1,1,0
10564,3.07,296,14,91,213,12.65,1,1,1,0
18520,3.73,177,9,263,598,13.6,0,1,1,0
16737,3.03,383,13,258,396,14.68,0,1,0,0
12323,2.25,363,13,209,517,14.73,0,1,0,0
18229,4.98,231,7,69,514,14.72,1,0,1,0
14713,2.38,103,9,224,165,10.82,0,1,0,0
11502,2.22,413,7,73,127,8.66,0,0,1,0
22625,4.64,293,13,329,569,3.0,1,0,0,0
3545,2.91,34,3,243,503,11.62,1,1,1,0
7346,3.95,193,10,175,466,11.16,0,1,0,0
12996,2.99,173,1,379,319,12.71,1,0,1,0
18775,3.17,391,11,70,530,7.21,0,1,0,0
16919,2.79,101,2,260,337,13.44,1,0,0,0
6810,3.03,323,2,349,123,10.92,1,0,0,0
10206,3.23,292,3,180,247,2.98,1,1,1,0
12005,4.16,84,10,148,270,3.5,0,1,1,0
19371,3.53,396,12,104,355,12.31,0,0,0,0
15316,4.83,200,1,88,448,6.67,0,1,1,0
21416,2.13,172,1,404,385,4.11,0,1,1,0
11436,3.51,28,2,392,184,6.63,1,0,0,0
15984,3.75,296,11,74,500,2.84,0,1,1,0
3271,4.76,55,0,104,428,13.43,0,1,0,0
22895,2.15,471,7,364,398,1.54,0,0,1,0
21155,3.72,15,5,487,499,5.62,1,1,1,0
13616,4.56,139,2,448,136,8.58,1,1,0,0
7361,2.73,65,0,348,319,13.17,0,0,1,0
10069,4.63,445,2,99,506,11.83,1,1,0,0
20304,2.06,146,0,239,219,0.83,1,1,1,0
6430,4.2,157,2,443,141,12.47,1,0,1,0
23819,4.8,399,3,129,231,9.75,1,0,1,0
15676,3.97,471,5,272,209,2.43,1,1,1,0
13816,3.32,396,6,336,510,9.45,0,1,0,0
23144,2.13,68,6,183,519,12.36,1,1,0,0
5050,4.76,22,8,122,291,9.23,1,0,1,0
14692,3.41,189,7,132,479,14.99,1,1,1,0
4165,2.09,247,12,271,261,7.85,0,1,0,0
5033,4.07,485,3,171,130,10.26,1,0,1,0
3145,3.45,414,5,355,429,1.52,1,1,0,0
17269,2.37,308,10,417,137,12.29,1,0,0,0
23772,2.64,375,0,387,498,9.55,1,0,1,0
10832,2.19,144,7,270,216,8.64,0,1,0,0
17286,3.72,383,5,373,116,10.78,0,0,1,0
5632,3.87,304,1,107,573,8.63,0,0,0,0
7494,3.52,176,7,478,438,11.61,0,0,1,0
18152,4.45,194,3,119,164,8.96,1,0,1,0
12155,4.58,409,8,139,423,8.04,0,0,0,0
13426,3.85,12,3,404,250,2.46,0,1,0,0
13233,2.04,363,0,322,99,7.34,0,0,0,0
4828,4.09,165,6,223,382,8.3,1,0,0,0
15260,3.25,149,9,168,276,9.56,0,1,1,0
12130,3.7,340,4,220,406,7.11,1,0,1,0
7805,3.95,412,9,314,91,2.63,1,1,0,0
3806,3.05,44,10,22,440,2.68,1,0,0,0
11202,4.75,173,11,419,375,10.95,0,1,1,0
4868,2.4,166,4,87,482,10.09,0,1,1,0
17561,4.01,196,3,173,517,4.26,0,1,0,0
18512,2.01,205,5,201,454,6.96,0,1,1,0
17899,4.77,81,0,32,579,4.95,1,0,0,0
19220,2.34,67,2,208,505,3.12,0,0,1,0
18934,2.28,96,10,39,123,5.23,0,0,1,0
8429,3.0,166,11,358,188,4.31,0,0,1,0
12076,3.12,403,6,302,177,1.7,1,1,1,0
6564,2.64,76,10,405,524,7.82,1,0,1,0
4389,3.76,483,7,29,160,7.04,1,1,1,0
14593,3.33,236,11,207,297,10.86,1,0,1,0
10274,2.1,195,8,364,228,9.49,0,1,0,0
20208,2.96,290,0,38,155,5.48,1,0,1,0
21649,4.43,135,3,162,142,7.7,1,0,1,0
20320,4.07,307,1,122,473,8.27,0,0,0,0
13745,4.17,295,1,322,582,13.8,0,0,0,0
17199,4.09,376,0,260,446,14.73,0,0,0,0
23229,2.93,368,4,171,557,12.33,1,0,1,0
18876,2.3,366,1,291,334,8.65,1,0,0,0
21180,2.82,35,3,356,138,13.96,0,1,1,0
11245,4.5,389,8,207,599,3.08,1,0,0,0
10214,4.94,247,10,483,468,10.6,0,1,0,0
3726,3.48,253,2,229,505,7.18,0,1,1,0
22120,2.03,213,14,196,581,2.6,1,1,0,0
16832,2.42,251,7,407,359,1.59,0,1,1,0
14362,2.97,69,9,213,124,7.47,0,0,1,0
21297,3.74,233,12,196,260,3.97,1,1,1,0
13106,2.23,483,5,388,480,4.13,1,1,1,0
10657,4.83,328,9,434,453,5.14,1,1,1,0
21850,3.1,15,4,85,313,10.92,1,1,0,0
17551,4.74,486,1,329,265,2.88,0,0,0,0
10906,4.34,173,10,21,154,10.9,1,0,0,0
24260,4.27,186,12,336,312,11.85,1,0,0,0
10287,3.82,293,2,290,247,9.12,0,1,0,0
3892,3.88,224,7,79,486,4.09,0,1,1,0
13222,3.91,273,14,387,309,1.25,0,0,1,0
7675,3.89,11,11,62,372,6.42,0,0,1,0
4933,3.66,309,11,112,479,12.79,1,1,1,0
20764,4.96,218,8,245,117,1.98,1,1,1,0
14873,4.2,430,10,443,311,11.3,1,1,0,0
20674,4.33,0,10,499,247,7.28,0,1,1,0
21024,4.62,398,6,488,364,13.53,0,0,1,0
16239,2.65,110,0,305,182,5.66,0,1,1,0
13874,2.25,474,11,82,224,10.72,0,0,1,0
20602,3.45,463,11,299,445,11.23,0,0,0,0
8016,3.54,276,12,447,232,3.38,1,0,0,0
16774,4.49,128,12,33,501,2.79,1,1,0,0
12752,3.33,92,5,47,398,1.84,0,0,1,0
20338,3.71,450,6,161,564,10.67,0,1,0,0
18585,3.58,395,11,459,162,8.45,1,1,1,0
10291,2.11,379,5,127,367,1.76,1,1,1,0
3974,3.85,411,9,309,568,4.97,1,0,0,0
7133,4.48,38,10,97,347,2.56,0,0,1,0
17663,2.47,420,12,266,158,1.84,0,0,1,0
24754,3.78,478,1,492,455,4.83,0,1,0,0
6972,3.78,315,12,31,230,1.9,1,0,0,0
8295,2.49,158,8,203,94,4.27,1,0,0,0
16913,2.37,185,2,336,180,8.51,1,1,0,0
12105,4.94,480,5,380,467,8.63,0,0,0,0
11228,3.18,352,5,464,114,2.94,1,0,0,0
12903,2.68,255,7,315,430,3.27,0,0,0,0
6020,2.51,238,12,423,362,12.9,0,1,0,0
11987,4.0,103,3,259,244,2.92,0,0,1,0
23420,3.83,394,14,445,507,1.16,0,1,1,0
24452,3.93,365,5,282,337,4.05,1,1,0,0
15880,2.26,28,0,354,522,8.86,0,0,0,0
8233,4.68,88,8,396,199,0.6,1,0,1,0
12516,3.17,374,11,92,148,14.78,0,0,0,0
17559,2.94,396,8,87,353,3.84,1,0,0,0
19701,3.39,50,6,306,401,3.95,1,0,1,0
5396,3.17,363,10,490,441,11.21,0,1,0,0
21546,4.59,437,12,345,578,4.1,0,0,1,0
22129,4.79,146,0,239,283,6.24,0,1,1,0
4591,2.91,313,2,479,585,8.39,1,0,1,0
14303,4.59,35,11,66,188,0.82,1,0,1,0
9183,4.34,283,4,454,344,12.64,0,0,0,0
23314,4.79,451,3,77,467,7.92,0,1,1,0
4312,2.74,386,4,425,495,5.04,1,0,0,0
23695,3.73,485,6,43,391,6.3,0,0,0,0
10314,2.82,100,8,309,331,1.31,0,1,1,0
21767,4.47,106,0,338,467,10.91,0,0,0,0
22623,2.02,344,4,463,282,8.32,0,1,1,0
5139,3.69,424,2,422,189,13.75,1,0,1,0
17688,3.02,290,2,43,161,7.23,1,0,1,0
21088,2.97,348,10,83,272,12.51,0,0,0,0
9924,3.93,104,1,274,218,3.23,0,1,1,0
3362,4.55,220,5,167,300,1.32,1,0,1,0
21988,3.83,75,13,135,268,14.25,0,1,0,0
16481,4.56,226,5,117,419,4.23,0,0,1,0
23670,2.79,83,2,258,557,12.59,1,1,1,0
6738,3.56,464,0,302,501,4.23,1,1,0,0
5469,3.35,75,6,461,276,2.76,1,0,0,0
24179,2.03,248,1,319,277,11.12,1,0,1,0
19106,3.67,254,7,112,403,11.79,1,0,0,0
19940,3.98,49,2,84,339,12.73,1,0,1,0
12017,3.78,355,0,394,278,13.04,1,0,0,0
5808,4.21,457,9,193,216,7.51,0,1,1,0
19370,3.71,209,8,329,425,6.3,0,1,0,0
24534,2.2,157,4,395,579,11.39,1,1,1,0
17870,2.35,327,0,254,254,8.76,0,1,0,0
15713,3.79,232,9,186,568,14.5,1,0,0,0
10561,2.82,370,10,256,548,5.95,1,1,1,0
5719,2.24,76,5,26,395,1.12,1,1,1,0
14700,3.29,222,9,329,459,9.04,0,0,1,0
6741,3.66,120,2,62,521,5.63,1,1,1,0
12766,2.99,453,10,295,212,5.47,1,1,0,0
6998,4.16,309,14,359,106,8.69,0,0,1,0
21787,3.93,326,3,172,336,13.87,1,1,0,0
19077,3.0,340,7,62,435,4.37,0,1,0,0
3294,4.26,357,14,232,315,6.0,0,1,0,0
13177,3.95,106,4,220,438,13.42,1,0,1,0
24727,3.91,240,11,402,350,13.48,1,0,1,0
12882,3.66,434,5,174,589,3.9,0,0,1,0
4136,2.03,27,9,239,518,10.74,1,1,1,0
5064,4.09,191,3,172,550,6.53,1,1,0,0
10009,3.13,248,5,55,390,14.07,1,1,1,0
15987,4.83,363,2,245,296,11.12,0,0,0,0
7543,4.45,212,9,341,391,7.67,1,1,0,0
4007,3.76,20,11,140,309,12.35,1,0,0,0
8445,2.76,471,0,28,419,14.97,1,0,0,0
13706,2.61,154,5,358,574,6.98,0,0,0,0
17749,3.02,26,13,354,243,5.92,1,1,0,0
14718,3.43,76,12,200,195,9.3,0,0,1,0
24736,2.89,305,0,40,150,10.4,0,1,0,0
12439,3.54,412,9,453,132,10.71,0,1,0,0
16281,2.5,422,11,291,421,7.37,0,1,1,0
4435,4.93,56,2,213,411,5.32,0,1,0,0
3571,2.32,118,11,45,158,12.42,0,1,0,0
5382,4.8,475,7,447,186,14.39,0,1,1,0
8084,4.74,164,6,304,161,13.03,0,1,0,0
19661,3.58,476,7,117,281,10.39,0,0,1,0
16507,4.17,63,9,449,471,5.72,1,0,1,0
10059,3.31,47,9,238,309,9.53,0,0,0,0
21271,3.89,149,1,346,99,1.97,0,1,1,0
15771,3.02,483,9,452,402,8.24,1,0,1,0
20649,2.9,157,6,418,547,11.83,1,0,0,0
10491,3.73,155,13,292,389,4.14,0,0,1,0
17527,3.49,150,3,412,551,7.77,1,1,1,0
20424,3.74,224,0,480,153,1.56,1,0,0,0
17859,2.86,259,10,307,515,12.66,0,0,1,0
11073,3.1,386,2,85,541,5.58,0,1,0,0
12077,2.25,255,4,334,229,8.94,0,1,0,0
22136,2.16,60,13,435,394,5.99,0,1,0,0
23953,2.76,351,9,130,329,9.17,0,0,0,0
14383,2.22,259,7,231,353,11.29,0,1,1,0
19378,2.31,320,1,190,561,5.24,0,0,0,0
5353,4.44,395,1,358,161,8.03,0,1,0,0
7799,2.12,396,7,385,311,12.03,0,1,1,0
20070,3.98,161,13,494,110,10.47,1,0,0,0
24195,2.82,379,8,78,163,1.33,1,0,0,0
14939,4.61,442,9,49,121,8.75,1,1,0,0
24730,3.45,348,12,286,330,5.96,1,1,0,0
24427,2.92,456,12,483,589,10.78,1,0,0,0
5428,3.55,30,0,394,466,0.74,0,0,0,0
24510,3.15,70,13,173,345,5.29,0,1,0,0
14296,3.69,396,1,369,101,1.75,0,0,0,0
10813,2.34,437,14,21,486,13.85,0,0,1,0
17414,4.99,1,3,437,155,13.21,1,0,1,0
14801,3.28,416,11,188,566,14.54,0,0,0,0
14745,3.04,49,2,233,430,9.83,0,0,1,0
16025,4.13,134,0,270,319,12.2,1,0,0,0
6356,3.09,145,3,50,130,9.37,0,0,1,0
17288,4.5,178,10,338,555,7.63,1,1,1,0
9540,3.36,263,12,202,236,12.59,0,1,1,0
19422,4.16,310,10,392,278,11.75,1,0,0,0
6342,2.32,203,1,208,510,11.13,1,0,0,0
12078,4.54,298,9,232,197,13.46,0,0,1,0
5844,4.21,186,4,146,154,13.97,0,0,0,0
13396,2.64,29,0,311,446,6.96,0,0,0,0
20482,2.44,58,13,315,257,4.6,0,0,1,0
21207,2.95,8,7,42,187,7.92,0,1,1,0
16998,4.93,475,9,429,558,1.85,1,0,0,0
16261,2.77,323,1,37,172,14.1,1,0,1,0
22539,3.37,166,10,98,179,14.77,1,0,0,0
6093,2.09,336,2,53,260,9.96,1,0,0,0
14722,3.19,394,2,489,175,11.32,0,0,0,0
23162,3.71,378,3,431,311,5.19,1,0,0,0
22280,4.86,385,6,126,330,13.06,0,0,0,0
14645,3.55,278,12,324,98,13.55,1,0,1,0
18083,4.46,190,8,467,366,1.62,0,0,1,0
3988,3.64,241,2,218,286,2.41,0,1,1,0
23500,2.12,277,0,210,390,4.28,0,0,1,0
9446,2.95,444,14,251,182,10.7,0,1,1,0
19335,3.73,153,10,81,238,3.16,1,0,1,0
23563,4.85,395,9,61,457,3.69,1,0,1,0
19133,4.58,159,14,43,303,6.04,1,1,0,0
4682,2.69,264,0,182,171,9.37,1,1,0,0
8626,2.66,234,11,480,255,14.66,1,1,1,0
10424,2.6,452,10,202,189,11.87,1,0,0,0
15857,4.77,345,5,452,258,8.6,0,0,1,0
15155,4.56,198,4,352,532,1.22,1,0,0,0
20317,4.32,476,9,114,154,7.99,0,0,0,0
22982,3.18,32,6,462,571,3.46,0,1,0,0
14425,3.51,407,6,102,182,4.85,0,1,0,0
4980,3.39,88,2,112,120,4.14,1,1,1,0
18522,2.76,94,6,297,514,5.54,0,1,1,0
22440,3.52,220,8,124,413,1.4,1,0,1,0
11984,2.09,68,7,104,359,8.86,1,0,1,0
20175,2.4,293,2,80,585,1.16,1,1,0,0
18883,4.66,236,9,227,322,10.08,0,1,1,0
8390,4.26,394,4,177,158,11.1,0,1,0,0
21639,3.27,159,12,88,516,7.55,1,1,0,0
22994,3.55,319,12,463,540,11.83,1,1,1,0
4607,3.11,327,13,281,276,14.53,0,0,0,0
24563,4.22,275,7,360,110,5.43,1,0,1,0
9573,4.35,289,1,253,109,9.47,1,0,1,0
20368,4.29,366,13,389,192,5.19,0,0,1,0
8776,4.17,41,13,158,469,6.93,1,1,1,0
6676,2.61,391,6,299,355,0.8,1,1,1,0
6380,3.01,65,10,495,299,1.58,1,0,0,0
11711,3.41,20,9,354,355,12.06,1,1,1,0
11782,2.99,334,9,250,91,2.53,1,0,1,0
20434,4.26,69,6,385,572,10.64,1,1,1,0
16997,2.99,260,10,379,128,10.78,1,0,0,0
23017,2.41,245,11,70,89,14.95,0,1,1,0
9342,3.2,322,13,258,340,10.59,0,1,1,0
20343,4.94,234,12,38,399,2.37,1,0,0,0
9059,2.68,426,7,197,265,9.58,0,1,0,0
11884,3.84,271,0,228,308,8.1,1,0,0,0
8655,3.3,98,7,406,100,13.8,1,0,0,0
15091,2.21,328,13,150,95,10.51,0,1,0,0
23857,3.46,34,0,250,559,8.02,0,0,0,0
22330,4.11,338,2,403,85,9.55,1,1,1,0
18251,3.54,170,8,111,377,6.93,0,1,0,0
3526,4.62,109,3,50,338,7.87,0,1,1,0
6224,2.87,481,9,381,119,10.97,0,1,1,0
18069,2.26,294,12,268,355,1.64,1,1,0,0
14536,4.81,9,8,143,598,9.42,1,0,0,0
16547,3.13,201,0,388,590,1.78,0,1,0,0
21259,3.73,403,7,450,387,12.9,1,0,1,0
4763,4.38,256,2,155,559,14.17,1,0,1,0
11712,2.97,261,10,292,493,11.81,0,1,1,0
8797,4.15,180,6,374,544,10.91,1,0,1,0
12208,2.41,429,1,119,488,14.18,0,1,1,0
8109,2.87,65,12,238,129,3.67,0,0,0,0
19500,2.43,293,6,123,124,3.82,0,0,0,0
5433,4.43,160,6,320,350,7.47,1,0,1,0
24847,2.67,66,8,116,354,0.61,1,0,0,0
19967,4.15,99,1,335,502,14.49,1,1,0,0
23172,4.83,76,7,389,114,0.97,1,0,1,0
7167,3.58,34,4,222,583,9.14,1,1,0,0
20773,3.62,462,9,40,567,5.63,0,0,1,0
11357,3.38,44,8,217,223,1.99,0,1,1,0
9154,2.98,149,7,131,272,0.86,1,0,0,0
24804,3.43,490,2,168,257,4.31,1,1,1,0
11920,3.81,67,2,400,397,2.05,1,1,1,0
21427,4.96,253,10,262,470,14.13,0,1,0,0
23581,4.81,16,11,461,230,4.05,1,1,0,0
22880,4.59,260,9,202,526,1.86,1,1,0,0
20162,4.67,212,7,303,229,11.66,1,1,0,0
3213,3.4,312,8,356,287,6.51,1,0,1,0
6762,3.97,255,1,357,428,12.73,0,0,0,0
16399,4.69,215,2,478,341,12.66,1,1,0,0
12768,3.18,350,13,321,492,14.89,1,1,0,0
13640,4.89,423,13,319,168,12.16,1,0,1,0
9731,3.25,285,7,108,337,3.61,0,1,1,0
22501,3.8,425,1,241,571,9.0,1,0,0,0
8791,4.13,6,7,267,175,8.13,0,1,1,0
18822,4.85,496,4,428,483,7.87,1,1,0,0
11783,2.73,379,5,474,518,4.8,1,0,1,0
16621,4.24,198,13,196,116,3.55,1,1,1,0
19019,3.56,90,9,137,560,10.89,1,0,1,0
5720,2.81,471,14,193,259,1.98,1,1,0,0
11905,4.33,146,11,238,404,1.22,0,1,0,0
12127,3.66,424,3,395,485,6.03,1,1,1,0
19385,3.98,417,2,237,548,11.29,0,0,1,0
9368,2.97,149,7,338,350,13.09,1,1,0,0
17056,3.44,51,8,96,433,8.33,1,0,0,0
15236,3.85,242,14,107,544,12.68,1,0,1,0
21333,3.21,218,12,415,443,0.87,1,0,0,0
17451,2.6,5,14,97,148,7.1,1,0,0,0
20301,4.88,457,7,460,387,2.43,1,1,1,0
22558,3.53,108,8,220,502,8.95,0,0,1,0
13433,4.2,350,0,83,593,13.85,1,0,0,0
18525,3.23,408,4,434,298,0.6,1,1,0,0
3089,3.07,65,11,23,124,10.19,0,1,1,0
21093,3.22,9,6,457,312,11.99,1,1,1,0
13361,3.23,201,7,102,446,11.29,1,1,0,0
19369,3.63,281,13,212,201,0.79,1,0,1,0
6041,3.63,388,10,496,574,3.02,0,0,1,0
3105,3.49,213,1,25,228,1.87,0,0,1,0
12078,2.4,67,11,212,555,1.74,1,1,0,0
21279,3.49,246,10,236,429,11.09,1,1,1,0
9090,2.51,353,13,366,194,6.66,1,0,0,0
9082,2.38,326,3,41,316,11.01,1,1,1,0
20018,4.8,49,6,164,126,5.73,0,0,1,0
4925,3.81,16,4,462,353,2.2,1,1,0,0
21440,3.98,10,0,304,192,10.92,0,1,0,0
9917,3.21,308,12,470,478,9.58,0,1,0,0
22528,4.73,305,13,164,371,2.14,0,0,1,0
3552,3.91,391,1,21,395,13.9,0,1,0,0
24767,4.31,475,4,307,241,4.98,0,1,1,0
6911,3.11,123,5,425,169,9.99,1,0,0,0
6389,4.88,491,0,378,130,0.96,1,0,0,0
16629,4.46,224,11,244,503,6.92,1,0,1,0
5430,4.56,243,2,461,485,14.48,1,1,1,0
3458,2.52,317,5,456,223,13.35,0,1,0,0
16395,2.81,472,5,233,212,3.71,1,0,1,0
3207,2.86,468,6,450,578,13.25,1,1,0,0
3899,2.81,331,9,407,469,4.75,1,0,0,0
14653,4.57,378,11,185,249,12.86,0,1,0,0
19405,2.1,345,13,392,239,11.07,1,1,0,0
11601,2.23,28,13,160,491,5.6,1,1,0,0
3894,2.82,357,2,336,463,13.71,1,0,0,0
3514,2.6,482,0,490,264,7.54,0,0,0,0
24288,2.7,356,12,83,293,5.11,0,1,1,0
7109,4.39,365,6,352,173,4.56,1,0,1,0
16258,3.69,427,11,231,298,14.12,1,0,1,0
18313,2.02,364,10,308,298,11.5,1,1,0,0
18349,3.29,428,2,117,92,5.57,0,1,0,0
10179,3.22,284,4,185,502,4.19,1,0,1,0
13326,2.34,496,3,145,502,3.57,0,0,0,0
14787,4.03,471,11,176,565,4.05,1,1,1,0
4560,4.11,58,14,269,456,2.11,0,1,0,0
16612,4.16,142,0,80,487,7.53,1,1,1,0
20650,4.19,325,11,51,198,1.1,0,1,0,0
23022,2.0,351,6,414,350,0.67,0,1,0,0
22811,4.86,299,13,293,176,9.46,0,0,0,0
7780,4.44,225,12,320,126,1.78,1,0,1,0
21311,4.71,163,3,40,252,12.76,0,0,1,0
14894,2.05,83,0,31,426,2.05,1,0,0,0
5356,4.8,376,10,263,316,8.37,1,0,0,0
7790,4.43,312,5,122,292,10.29,0,1,0,0
19690,4.51,116,3,295,351,3.82,0,1,1,0
23049,2.28,319,12,26,486,13.38,0,1,1,0
13181,4.22,203,3,366,157,7.48,1,1,0,0
10057,4.88,354,14,474,225,5.07,1,0,0,0
19082,4.04,496,1,149,91,13.57,0,0,1,0
3661,3.71,293,0,318,308,12.95,1,0,1,0
7644,4.84,144,2,116,420,10.79,0,1,0,0
18711,3.33,26,9,296,243,4.71,0,0,0,0
5920,3.8,16,4,304,461,6.16,1,1,0,0
19002,3.43,62,11,307,501,10.5,0,1,1,0
17025,4.8,266,8,192,517,3.19,0,0,0,0
11946,2.23,63,13,351,142,7.68,1,1,0,0
15732,3.5,38,14,224,325,11.2,1,0,1,0
9236,4.06,129,6,122,129,10.04,0,0,0,0
19309,4.38,114,3,132,313,10.94,1,1,0,0
16518,3.75,449,7,462,595,13.43,0,1,0,0
3352,4.73,437,11,379,361,14.54,1,1,1,0
10005,4.83,412,3,150,299,7.15,0,0,0,0
17036,2.19,44,5,58,427,1.37,1,0,1,0
19542,3.21,215,11,326,443,12.6,1,0,0,0
3956,2.07,87,0,391,121,2.21,1,0,0,0
5071,2.99,335,13,27,502,3.68,0,1,0,0
11595,3.61,414,5,385,214,9.97,1,1,1,0
18140,4.73,176,9,65,338,11.31,0,1,1,0
15803,4.54,490,4,213,270,10.57,0,0,1,0
6453,2.38,264,13,25,335,6.86,0,0,0,0
9675,2.28,410,1,387,573,13.81,0,0,0,0
3955,3.77,439,0,77,152,12.57,1,1,0,0
9295,3.6,104,12,188,153,10.12,0,1,1,0
18921,2.8,380,5,141,480,6.9,1,0,0,0
21096,4.7,333,10,268,158,7.23,0,1,1,0
18282,4.78,300,1,226,327,3.05,1,0,1,0
7703,3.21,472,8,134,266,11.81,1,0,1,0
9563,4.67,170,8,258,549,13.06,0,1,1,0
15003,3.15,107,0,73,535,12.5,1,0,0,0
13817,4.21,405,14,95,355,8.43,0,0,0,0
14171,3.43,354,4,188,258,12.65,1,1,0,0
15582,2.37,160,7,67,208,11.96,0,1,1,0
15201,4.78,282,3,243,458,12.57,0,0,1,0
20778,3.36,39,2,89,194,14.74,0,0,0,0
15473,4.2,25,4,174,401,12.25,1,1,0,0
12461,3.1,82,4,66,468,4.43,1,1,0,0
24116,2.06,172,7,480,543,12.4,1,0,1,0
23098,2.3,486,5,392,281,5.95,1,0,0,0
18596,3.49,172,14,298,488,7.98,0,1,1,0
3529,4.07,281,1,221,231,12.05,1,0,0,0
22342,3.0,69,10,161,484,5.09,1,0,1,0
22975,4.09,322,0,336,570,0.88,1,1,0,0
15765,4.1,5,12,470,241,10.91,1,0,0,0
16910,4.11,283,2,145,226,13.58,0,1,0,0
14561,3.48,194,1,351,491,13.95,1,1,1,0
12131,4.74,12,3,172,335,12.08,1,0,0,0
3525,3.47,62,2,84,449,14.06,0,1,1,0
19385,3.35,12,14,115,370,12.4,1,1,0,0
3374,2.6,248,14,427,419,0.94,0,1,1,0
15197,2.92,204,8,200,155,5.57,1,0,0,0
7648,2.13,384,14,381,584,5.37,1,1,0,0
5365,3.9,252,4,476,400,3.68,1,0,0,0
20909,2.75,39,3,197,386,12.07,0,1,0,0
4646,2.91,164,9,148,426,8.04,0,1,0,0
3013,4.31,30,8,58,472,12.63,0,1,0,0
7599,2.98,499,3,477,278,9.22,1,1,0,0
5278,2.73,16,5,319,261,9.06,1,1,1,0
17296,2.51,136,13,380,319,6.07,0,0,1,0
6155,4.32,364,9,369,145,11.95,1,0,1,0
11321,2.39,319,0,152,250,10.4,0,1,0,0
6814,3.36,312,14,398,244,5.41,0,1,1,0
16125,3.52,396,12,471,142,14.91,1,0,1,0
6216,4.06,164,1,399,434,7.21,1,1,1,0
5113,3.9,397,14,128,130,5.09,0,1,1,0
23740,4.43,458,3,91,122,10.47,0,0,0,0
13238,2.13,280,8,227,400,3.73,1,1,1,0
16760,2.89,222,5,84,397,12.54,1,0,1,0
24927,2.84,121,5,260,295,10.37,0,1,0,0
23939,2.44,77,10,98,270,13.12,1,0,1,0
15588,2.87,312,8,107,569,5.27,0,0,0,0
6374,2.93,326,11,418,169,12.89,1,0,1,0
9430,3.57,87,3,197,501,7.76,0,0,0,0
22850,3.99,112,2,281,570,1.36,1,1,0,0
22465,3.14,99,6,85,333,3.32,1,1,1,0
14970,4.16,425,11,344,186,3.66,1,0,0,0
3629,3.01,425,14,390,373,11.64,1,1,0,0
19653,2.87,302,6,442,590,3.45,1,1,0,0
13831,3.62,371,8,124,315,8.65,0,1,1,0
8724,2.07,427,14,117,577,9.96,1,1,0,0
14083,2.24,424,5,115,435,11.72,1,0,1,0
16149,3.25,386,1,432,383,11.87,0,1,1,0
22816,4.83,238,5,496,571,10.91,1,1,0,0
12472,4.16,491,14,491,196,3.59,0,1,0,0
9276,2.26,345,7,65,446,8.38,1,1,1,0
18635,4.54,110,5,397,538,4.71,1,1,1,0
8895,4.2,89,8,50,199,11.74,0,0,0,0
16994,3.83,384,14,427,292,11.35,0,1,1,0
13552,4.46,462,3,394,262,3.83,1,1,1,0
19959,3.21,138,2,401,418,9.8,1,1,0,0
9099,2.66,484,10,418,557,1.35,0,1,1,0
12499,3.54,134,4,223,573,11.64,0,0,1,0
22576,3.65,11,2,167,310,11.81,1,1,0,0
6178,3.61,243,10,151,443,5.53,1,1,1,0
22118,3.7,421,11,205,525,12.19,0,0,0,0
9116,4.85,181,1,480,563,12.95,0,1,0,0
18563,4.71,194,1,208,325,3.26,1,0,0,0
6568,4.63,361,3,146,304,5.59,0,1,0,0
12847,4.4,121,2,383,236,4.29,1,1,0,0
17135,4.83,52,8,413,444,5.93,1,0,0,0
21587,2.3,473,13,316,265,6.98,0,0,1,0
20774,2.8,477,6,328,574,7.89,1,0,0,0
4742,3.49,415,5,106,264,1.01,0,1,1,0
21309,4.54,355,9,474,466,1.3,1,1,1,0
3619,3.52,172,11,140,359,10.0,0,1,1,0
20658,4.24,178,7,351,561,6.92,0,0,0,0
20340,2.42,292,8,323,344,1.8,0,0,0,0
4939,2.76,374,2,418,431,6.1,1,1,0,0
23337,4.2,58,11,154,161,7.39,0,1,1,0
19001,2.49,53,9,347,260,9.72,1,0,0,0
3968,3.05,401,6,218,421,2.22,1,0,1,0
17846,2.79,256,8,190,275,14.92,1,1,0,0
3281,3.05,244,0,279,139,7.38,0,1,1,0
18360,4.12,148,9,143,230,10.37,1,1,0,0
9262,3.1,283,8,261,140,13.67,1,1,1,0
4058,3.67,367,13,454,507,0.96,1,0,0,0
23677,2.3,15,6,90,410,9.22,1,1,0,0
13724,4.42,175,9,401,118,8.34,1,0,0,0
8178,3.11,27,13,78,332,1.33,0,1,0,0
9980,3.95,405,3,128,312,10.55,0,1,1,0
12200,4.18,466,12,60,433,3.7,1,1,0,0
4229,2.63,367,14,464,249,10.68,0,0,1,0
23969,4.65,128,10,305,296,5.76,0,1,1,0
11467,3.85,222,11,398,427,11.67,1,0,1,0
22124,3.29,371,5,165,490,14.16,0,1,0,0
5289,2.55,243,10,305,322,12.98,0,1,0,0
4239,4.83,425,10,410,87,7.5,0,0,0,0
8370,4.27,353,5,71,362,3.77,0,1,0,0
19170,2.62,237,5,195,245,14.89,1,0,0,0
3125,3.01,231,14,298,282,10.06,0,0,1,0
15504,4.43,325,1,399,443,6.24,0,0,0,0
18398,4.09,91,4,184,231,7.48,1,1,0,0
24726,4.3,2,6,346,504,2.36,0,1,0,0
9638,3.32,478,5,496,548,7.83,1,0,1,0
9570,4.15,463,2,271,489,3.01,0,1,0,0
6249,3.16,80,10,122,594,5.8,0,1,1,0
12110,2.63,43,11,72,330,7.63,0,1,0,0
10595,3.9,154,4,274,156,14.24,0,0,1,0
16605,4.93,434,12,380,501,9.56,1,0,0,0
15115,2.93,23,7,192,464,5.89,1,1,1,0
9294,3.38,403,10,270,458,2.14,0,0,0,0
8757,4.02,415,4,196,307,11.33,1,1,0,0
15595,3.62,98,11,68,197,7.27,1,1,0,0
4969,4.53,396,9,130,346,1.49,0,1,1,0
13985,4.29,367,2,229,314,10.02,1,1,0,0
20275,2.17,170,8,267,247,5.58,1,1,0,0
7470,5.0,147,10,194,416,6.36,1,1,0,0
13225,4.26,122,2,126,406,12.66,0,0,0,0
12556,4.59,111,1,172,438,2.49,0,1,1,0
12206,3.95,499,5,366,527,5.44,0,0,0,0
12991,4.57,129,7,174,176,5.77,0,0,0,0
10519,2.34,67,5,159,335,0.55,0,1,0,0
16669,3.04,346,0,170,521,12.76,0,0,1,0
7612,4.63,315,7,292,488,12.61,0,1,0,0
15373,2.6,216,0,63,164,10.1,0,0,0,0
20582,2.23,387,8,90,496,13.53,1,1,0,0
18552,4.36,379,7,144,581,4.46,1,1,1,0
17646,4.51,95,5,171,177,3.7,0,0,0,0
8238,2.49,144,14,474,582,1.49,0,1,0,0
18577,4.56,384,1,368,530,9.08,0,1,0,0
18504,4.06,32,12,335,270,7.7,1,0,0,0
6719,3.56,285,8,328,280,12.25,0,1,1,0
3302,4.49,4,7,239,401,7.48,1,0,1,0
15144,3.26,117,12,234,337,3.45,0,1,0,0
20370,2.58,139,3,349,234,12.24,0,1,0,0
13055,2.85,229,1,163,566,7.1,1,0,1,0
7440,3.52,159,12,126,307,14.36,1,1,0,0
24293,3.59,293,13,373,596,8.25,1,0,1,0
6072,4.42,248,14,300,590,2.19,1,0,0,0
16598,4.37,272,5,341,153,12.84,0,0,1,0
17287,3.74,185,0,325,444,13.24,1,1,1,0
16965,4.34,364,6,344,103,6.96,0,0,0,0
22508,2.58,39,0,353,542,0.88,0,0,0,0
12519,2.15,223,14,498,560,0.93,1,1,1,0
16380,4.62,151,12,443,168,5.59,0,0,0,0
14865,2.23,139,5,409,379,10.89,0,1,0,0
11125,2.74,366,4,83,123,5.3,0,0,0,0
6291,4.09,127,11,303,116,0.61,1,1,0,0
7033,3.23,350,9,284,598,12.8,1,1,0,0
8105,4.63,146,13,25,553,14.55,1,1,1,0
20087,2.89,284,2,420,359,5.52,0,1,1,0
11133,2.04,468,5,187,540,1.56,0,1,0,0
19958,2.9,217,3,374,248,4.73,1,1,1,0
8704,3.73,435,13,479,149,12.09,1,0,0,0
10848,3.13,219,11,192,292,8.36,1,0,0,0
24592,3.6,144,5,357,151,6.07,1,1,1,0
15975,4.63,328,3,138,259,5.35,0,0,1,0
9924,4.74,276,14,446,287,2.17,0,1,1,0
23212,2.8,241,0,245,256,5.42,0,0,1,0
22614,3.39,59,4,193,380,7.32,0,1,1,0
3488,3.65,97,7,466,233,10.26,1,0,0,0
10114,4.85,330,5,148,233,4.3,1,0,1,0
18740,5.0,374,9,206,109,13.51,0,1,1,0
6173,2.71,403,8,82,106,7.53,1,0,1,0
4667,4.18,368,3,482,319,6.37,0,1,1,0
7114,3.13,180,9,400,177,9.11,1,1,1,0
6553,2.02,113,8,293,405,2.93,1,0,0,0
10761,2.03,494,7,105,316,2.05,0,0,0,0
4000,3.38,102,2,229,217,5.52,0,0,1,0
18638,3.47,335,13,212,125,1.08,0,1,0,0
20772,2.07,318,5,257,469,5.97,0,0,0,0
8450,4.06,56,3,39,443,10.24,0,0,0,0
6712,2.88,284,0,459,439,12.28,1,0,0,0
4367,3.68,128,8,201,286,8.91,1,0,1,0
11189,2.9,379,3,67,594,10.52,1,0,1,0
12013,2.5,465,10,247,445,12.58,0,0,0,0
19838,3.22,314,13,73,517,11.71,0,1,0,0
22156,2.7,447,4,121,310,5.14,0,0,0,0
6726,3.6,85,2,108,502,8.81,1,1,1,0
7806,2.6,199,3,163,548,4.34,1,1,0,0
5190,3.53,70,12,167,390,8.86,1,0,1,0
12108,2.47,344,8,249,474,6.68,1,1,1,0
15178,4.01,477,14,322,193,5.91,1,0,0,0
5875,4.26,97,6,269,281,3.16,0,1,1,0
8592,2.33,299,7,244,542,8.65,1,0,1,0
20824,3.4,175,2,410,443,11.08,0,1,0,0
15592,2.21,232,14,426,326,8.78,0,0,0,0
11927,3.79,371,2,478,325,1.5,1,0,0,0
17437,2.79,74,14,180,263,13.9,1,0,1,0
14530,3.58,142,13,187,492,0.58,1,1,0,0
10010,3.55,418,6,129,352,13.33,1,0,1,0
14207,4.77,22,7,280,356,11.61,0,1,1,0
5989,3.65,180,13,192,578,1.9,0,0,0,0
15040,3.75,44,4,386,569,3.93,0,0,1,0
12218,3.2,468,0,316,294,5.56,1,1,1,0
9471,4.85,91,2,411,182,13.7,0,0,1,0
5863,4.33,268,4,262,254,14.71,0,1,1,0
13693,2.86,33,2,228,131,1.76,0,0,1,0
4177,4.53,165,14,262,376,6.26,0,1,1,0
7760,3.3,69,13,273,254,2.66,0,1,1,0
3011,4.49,363,0,101,422,4.54,0,0,1,0
24636,4.47,195,6,453,250,14.73,0,0,0,0
19353,2.57,132,0,494,116,14.77,0,1,0,0
23783,4.1,246,9,50,280,7.35,1,0,0,0
14556,2.87,381,12,23,143,3.16,0,1,1,0
14563,2.89,167,5,213,565,8.43,1,1,0,0
17051,2.89,453,5,75,534,5.15,1,0,0,0
14022,4.18,276,13,280,488,13.97,0,1,1,0
11234,2.69,155,6,100,229,12.36,0,1,0,0
24829,2.0,386,11,73,581,4.98,0,1,0,0
19173,4.15,22,10,399,357,0.77,1,0,0,0
16178,2.51,199,0,115,114,14.97,0,0,1,0
9570,2.31,274,10,368,254,10.41,0,0,1,0
3406,2.71,458,2,355,112,6.67,1,0,1,0
12206,3.14,49,11,276,476,4.68,0,1,1,0
7431,3.43,457,8,223,333,0.56,0,0,1,0
24627,2.13,185,1,230,402,2.73,1,0,1,0
9542,4.91,475,13,348,92,0.59,1,0,1,0
11906,4.15,19,4,336,129,9.16,0,0,1,0
7146,2.97,491,2,145,312,10.12,0,0,0,0
15046,2.96,115,11,26,175,11.62,0,1,0,0
15611,3.35,91,11,433,422,3.21,1,0,0,0
16076,3.88,348,12,144,272,1.89,1,0,0,0
19524,2.44,455,4,290,590,9.93,1,0,0,0
7882,2.57,338,6,127,530,7.75,0,0,0,0
17113,4.58,52,0,279,204,13.2,1,1,1,0
16645,2.77,495,2,338,160,8.23,0,0,0,0
9012,3.14,122,10,89,86,6.95,1,1,1,0
20347,4.61,340,12,57,409,7.58,0,0,0,0
10151,3.99,337,5,194,162,11.84,1,1,0,0
6610,3.03,264,6,207,192,0.77,0,0,1,0
12884,4.05,3,9,246,519,13.81,1,1,0,0
9894,2.06,168,2,277,98,10.86,0,1,0,0
16467,4.21,280,3,216,88,13.34,1,0,1,0
19489,3.46,289,5,27,264,14.41,0,1,1,0
24923,4.44,72,4,70,117,3.78,1,1,1,0
12873,4.86,136,10,392,213,8.89,1,0,1,0
15289,4.78,337,8,241,181,7.55,0,1,0,0
15208,4.73,255,12,387,228,8.3,0,0,1,0
13828,3.54,458,11,38,172,1.19,1,1,0,0
5137,3.08,140,0,369,219,13.75,1,0,0,0
23829,3.4,485,14,266,374,14.34,0,1,1,0
22914,4.07,392,12,50,267,10.43,1,1,1,0
4286,4.65,207,4,99,215,4.25,1,1,1,0
18710,2.62,259,10,377,245,11.91,0,1,1,0
14371,4.75,417,0,41,556,11.1,1,1,0,0
18945,4.45,262,7,308,226,8.83,0,0,0,0
10052,4.94,270,6,261,324,2.97,0,0,0,0
6654,4.64,37,4,233,262,3.42,0,1,1,0
21743,2.84,202,5,219,88,9.05,1,1,1,0
18600,2.32,223,3,184,515,2.37,1,1,0,0
11636,2.34,346,8,159,235,11.0,1,1,0,0
9441,2.87,477,13,389,193,3.58,1,1,1,0
24431,3.84,51,2,472,246,13.7,0,1,0,0
24587,4.41,80,1,339,567,13.55,0,1,1,0
12667,4.7,355,6,428,516,4.76,1,0,1,0
15149,3.87,210,12,457,302,1.71,0,1,1,0
4798,2.02,6,1,304,270,9.37,1,1,1,0
12600,2.56,362,12,32,252,7.0,1,0,0,0
24675,2.3,44,5,45,336,2.58,0,0,1,0
8495,3.09,314,10,41,529,8.21,1,0,0,0
12900,3.5,377,7,368,580,14.89,0,0,0,0
16673,2.13,276,2,95,156,1.5,0,1,0,0
14130,3.05,411,2,385,305,4.33,1,1,0,0
18222,2.54,258,2,111,305,8.31,0,0,0,0
4300,3.94,141,0,348,155,12.0,0,1,1,0
12435,3.39,257,8,394,112,0.77,1,1,0,0
22481,3.49,284,4,285,148,11.13,0,0,0,0
7616,3.28,401,8,67,494,2.53,1,1,0,0
19393,4.87,36,4,189,527,12.54,0,1,0,0
13617,2.64,428,6,365,441,10.54,0,1,1,0
8752,3.55,44,0,264,449,7.12,1,1,0,0
12852,4.21,407,8,247,478,12.41,1,0,1,0
9295,3.67,119,0,206,199,11.13,0,0,0,0
24199,4.79,45,14,456,127,11.51,1,1,1,0
20456,3.13,139,3,187,147,4.71,0,1,0,0
6225,3.39,52,6,222,418,9.48,0,1,0,0
4316,2.27,300,10,465,164,2.55,1,1,1,0
15337,3.83,287,14,25,456,12.4,0,0,1,0
9807,2.86,273,11,151,464,8.14,0,1,1,0
6683,2.48,268,8,264,355,12.46,1,0,1,0
10227,3.63,387,0,110,284,3.56,1,1,0,0
6273,3.6,278,11,330,144,2.39,1,1,0,0
3145,2.23,61,13,145,158,10.49,1,1,0,0
8010,4.09,53,12,491,404,1.35,0,0,1,0
19035,3.87,457,10,472,457,4.04,0,0,0,0
6040,2.57,438,14,261,425,13.68,0,1,1,0
12654,3.41,68,12,268,514,2.42,0,1,1,0
19866,4.16,241,5,406,457,5.95,0,0,0,0
22563,3.59,423,10,26,94,14.21,0,1,0,0
20633,3.19,269,9,107,533,0.79,1,1,1,0
20014,2.97,251,10,105,272,6.96,1,0,0,0
17996,3.83,353,14,415,312,11.9,0,0,1,0
19336,4.82,283,4,374,342,13.68,0,0,1,0
11853,4.02,455,2,164,525,11.17,0,1,0,0
14695,2.22,463,9,470,133,13.38,1,1,1,0
5852,3.38,350,1,350,83,1.0,0,1,1,0
19014,4.67,70,0,217,336,1.95,1,1,0,0
3987,2.28,322,14,382,440,11.2,0,1,0,0
10622,4.97,412,1,183,319,11.42,1,0,0,0
12160,4.85,99,11,164,561,9.28,0,0,1,0
20484,2.23,60,12,361,540,11.09,1,1,1,0
9652,4.8,102,3,20,217,12.94,1,1,1,0
10421,3.09,451,5,139,530,8.41,1,1,1,0
24400,4.53,392,11,86,403,14.24,0,1,1,0
3769,3.26,118,4,483,552,10.57,0,0,1,0
20727,3.32,16,13,374,556,7.34,1,1,1,0
17114,3.9,304,3,481,272,6.61,0,1,0,0
7358,4.32,190,7,68,386,11.38,1,0,0,0
14543,2.1,211,11,326,300,9.64,1,1,1,0
21733,3.78,77,6,346,251,12.35,1,1,0,0
8699,2.56,45,13,493,239,11.82,1,1,0,0
20625,3.04,92,3,395,251,8.1,0,1,1,0
4125,3.04,376,9,446,142,14.21,0,0,1,0
13793,3.41,12,12,387,144,10.71,1,1,0,0
9764,3.0,227,12,306,248,3.41,1,1,1,0
24485,2.32,300,4,43,160,9.47,1,1,1,0
15323,2.44,436,11,230,347,3.43,0,1,1,0
16031,2.1,16,9,312,459,8.6,1,0,0,0
17052,3.41,302,4,468,152,11.95,0,0,0,0
15640,4.86,61,2,492,411,12.28,1,1,1,0
10843,2.35,433,12,82,267,9.94,0,1,0,0
17210,4.84,42,8,75,104,11.86,1,0,0,0
19456,4.2,67,10,477,307,7.35,1,1,0,0
24856,3.91,379,4,37,197,8.48,0,0,1,0
13106,3.94,211,11,381,524,13.25,0,1,1,0
8189,4.48,202,12,468,187,7.65,1,0,1,0
5472,2.32,489,9,432,321,5.59,1,1,1,0
20091,3.51,213,1,96,560,12.06,1,1,1,0
21188,4.09,108,12,279,582,1.23,1,1,1,0
9704,3.76,455,14,140,577,14.4,1,0,1,0
6713,4.5,283,3,415,135,5.43,0,1,1,0
8051,2.22,428,11,203,228,9.63,1,1,0,0
13756,4.07,424,3,67,390,10.44,0,0,1,0
5475,3.6,93,4,166,200,2.49,0,1,0,0
6610,3.14,224,7,301,105,12.43,0,0,0,0
7255,3.02,224,4,383,191,8.8,0,1,1,0
17484,3.86,238,0,313,590,5.25,1,1,0,0
4735,4.67,117,1,99,102,12.83,1,0,1,0
11258,3.49,419,14,255,343,9.56,1,1,1,0
10979,4.47,90,2,428,195,11.89,0,0,0,0
5428,3.21,339,2,459,559,14.89,1,0,1,0
15345,2.31,288,9,477,386,2.39,0,0,0,0
10426,2.18,280,5,248,310,11.37,1,0,0,0
11533,2.15,491,8,303,571,11.49,1,0,0,0
8249,3.14,490,9,80,199,13.18,1,0,0,0
24675,3.01,18,0,239,365,6.42,1,1,1,0
22201,4.15,174,5,364,486,13.11,0,1,1,0
23258,4.23,468,8,108,437,9.78,0,0,1,0
12686,2.15,105,3,454,231,1.5,1,0,1,0
17109,2.66,288,9,415,404,0.96,1,0,0,0
23595,2.82,247,2,283,325,7.48,0,1,0,0
3661,3.64,322,12,247,394,11.89,0,1,0,0
15075,2.43,141,5,397,241,6.07,0,0,1,0
17788,2.4,462,5,122,448,12.85,0,0,1,0
13060,4.83,416,12,461,264,7.64,0,0,0,0
18836,4.41,297,1,107,355,0.88,0,0,1,0
13526,2.54,469,14,42,515,14.62,1,1,1,0
6374,3.22,192,4,312,339,7.6,0,0,0,0
3207,3.07,350,0,286,324,9.93,0,1,1,0
5665,4.37,302,12,36,417,3.39,0,1,0,0
21877,3.53,290,8,495,129,4.81,1,0,1,0
3632,2.38,372,8,459,351,7.52,1,0,0,0
6083,4.22,467,2,456,314,12.91,1,0,1,0
16711,3.19,415,4,470,385,1.98,1,0,1,0
13123,2.79,438,14,405,556,11.81,0,1,0,0
23103,3.13,437,2,304,567,8.9,0,1,0,0
10123,3.49,331,6,332,159,7.75,0,1,1,0
13754,3.03,434,12,181,365,13.21,0,0,1,0
4679,2.73,207,14,97,177,2.21,1,1,0,0
18901,3.2,442,0,141,557,14.87,1,0,1,0
3236,2.06,455,14,131,485,12.89,0,0,1,0
10446,4.32,247,4,258,334,5.22,1,0,0,0
7443,2.51,141,5,229,566,7.05,1,1,0,0
18463,2.13,401,13,368,273,0.86,0,0,1,0
11555,3.96,383,10,21,595,8.15,1,0,0,0
21752,4.32,310,11,399,543,8.44,0,0,0,0
19669,4.44,221,13,222,583,13.94,1,1,0,0
3148,3.48,224,6,306,115,6.12,0,1,1,0
16395,2.62,353,2,136,95,8.77,0,0,1,0
23421,4.21,183,6,388,152,11.24,0,1,1,0
7895,4.1,363,3,480,399,9.32,0,1,0,0
24664,2.74,304,9,319,324,2.76,0,1,0,0
20396,4.71,481,10,402,274,2.99,1,0,0,0
14023,2.31,187,13,365,168,2.51,0,1,1,0
13699,4.95,112,5,459,218,3.66,0,0,0,0
12715,4.58,180,4,457,476,5.26,1,1,0,0
22169,4.06,198,3,456,563,11.23,1,1,0,0
23109,4.82,389,5,133,466,1.38,1,1,1,0
19163,4.17,69,12,93,447,12.4,1,0,0,0
23960,2.57,85,11,479,537,4.31,0,0,1,0
8782,3.33,391,2,260,501,9.39,0,1,1,0
21792,2.21,484,2,489,311,8.52,1,0,0,0
19724,3.17,398,4,321,423,2.73,1,1,1,0
5817,4.22,409,10,73,217,4.67,1,1,1,0
18096,3.16,38,4,178,453,4.79,0,1,1,0
21880,2.99,130,8,486,516,9.55,0,1,1,0
8299,3.79,440,14,128,234,11.93,1,0,1,0
12917,4.62,9,3,299,598,14.95,1,0,1,0
21073,2.14,2,4,172,194,1.89,0,0,1,0
6267,3.16,477,11,182,171,14.11,0,0,0,0
7406,2.47,301,8,76,425,8.64,1,1,1,0
20826,4.09,149,3,347,170,5.67,0,0,0,0
13382,2.32,66,12,344,477,4.63,1,0,1,0
7437,3.99,192,14,233,184,3.53,1,0,1,0
8435,2.86,96,14,47,358,8.58,1,0,0,0
7107,2.6,18,2,223,91,14.22,0,1,0,0
3560,4.81,483,6,52,386,3.14,0,0,1,0
15329,2.06,317,6,328,443,6.82,0,0,0,0
24932,3.31,97,7,141,397,3.46,1,1,1,0
4826,2.06,56,3,35,293,3.05,1,1,1,0
14421,3.45,350,3,173,393,13.07,1,1,1,0
15265,3.5,106,13,415,534,4.3,1,1,0,0
10629,2.96,87,13,362,478,4.1,1,0,1,0
11325,2.4,459,8,237,301,13.69,1,1,1,0
22522,3.13,140,9,124,341,6.1,1,1,0,0
10693,4.02,143,6,96,575,0.63,1,1,1,0
11264,4.35,399,2,106,209,10.96,0,0,1,0
15686,3.59,370,14,50,238,8.0,1,0,0,0
16716,3.77,374,12,119,370,11.72,1,0,0,0
9721,2.6,51,8,174,168,8.77,1,0,1,0
23609,2.86,211,12,311,411,5.59,0,0,0,0
22362,2.49,40,4,334,585,1.47,0,1,1,0
10373,2.75,303,3,125,209,13.06,1,0,0,0
8907,2.67,90,0,490,286,3.5,0,0,0,0
19127,3.56,38,8,249,439,14.58,1,0,1,0
8656,3.69,12,5,22,138,4.06,0,1,1,0
11984,4.83,387,10,241,175,12.49,0,1,0,0
23643,2.59,95,1,140,325,11.94,1,1,1,0
11286,3.93,108,12,179,538,7.21,0,1,1,0
8901,4.45,103,6,290,224,6.32,1,0,0,0
7917,3.68,353,2,350,389,10.7,1,1,0,0
11429,2.77,230,14,213,460,8.16,0,1,1,0
17716,2.79,42,5,237,432,9.66,0,1,0,0
18795,2.12,208,7,210,364,7.32,1,0,0,0
14138,2.92,87,2,271,581,8.58,1,0,1,0
5530,4.23,92,12,245,337,3.24,1,0,1,0
21344,2.14,173,11,20,131,1.3,1,1,1,0
20432,2.66,475,11,478,295,5.66,0,0,1,0
8772,4.12,125,4,152,525,7.25,0,0,0,0
18476,4.35,108,13,109,302,13.64,1,1,1,0
21913,3.37,46,5,25,184,6.5,1,0,0,0
18751,4.09,213,0,263,462,6.79,1,0,1,0
5964,3.16,91,9,152,193,10.29,1,1,0,0
10137,2.48,180,6,135,148,3.5,1,0,0,0
20347,3.19,408,3,92,444,13.14,1,0,1,0
19920,3.74,40,9,175,123,6.7,1,0,0,0
16891,4.84,258,10,230,290,14.0,0,0,0,0
10340,2.21,120,14,88,355,4.43,0,1,1,0
10967,3.52,76,6,490,186,7.25,1,1,1,0
15415,2.99,94,6,319,558,11.78,0,0,1,0
14871,3.52,268,10,163,284,8.56,1,0,0,0
14916,2.07,360,4,218,198,10.09,0,1,0,0
11734,2.94,17,7,225,565,4.57,1,0,0,0
3845,4.46,292,7,425,188,5.26,1,0,0,0
22420,3.66,170,4,220,533,7.86,1,1,0,0
5494,3.35,161,4,258,318,3.44,0,0,0,0
15677,2.86,464,6,426,87,2.33,0,0,1,0
22103,2.89,310,5,446,591,12.74,0,0,1,0
21268,3.15,51,3,87,122,11.74,1,1,0,0
15330,4.51,468,1,190,473,14.01,0,0,1,0
23733,4.9,35,7,429,211,9.01,1,1,1,0
8179,3.32,437,2,316,473,6.59,1,0,1,0
9610,3.18,186,1,89,277,1.99,1,0,0,0
9430,4.54,369,11,306,543,12.83,0,1,0,0
10154,3.28,247,14,36,200,7.12,0,0,0,0
16828,3.66,51,9,156,379,8.64,0,1,1,0
13145,2.69,487,6,238,299,5.05,0,1,1,0
9488,4.23,18,9,330,173,8.1,0,1,0,0
24121,3.6,395,5,25,371,11.84,0,0,1,0
6850,4.43,91,7,217,232,10.83,1,1,0,0
20073,4.34,138,12,467,501,14.84,1,0,0,0
16564,2.65,303,13,151,237,7.69,0,1,1,0
24559,4.15,356,5,382,349,8.18,1,1,1,0
8078,4.4,219,6,470,336,1.26,1,1,1,0
15168,3.04,98,1,363,594,6.15,1,0,0,0
8448,2.52,235,9,203,316,13.87,0,0,1,0
20563,2.01,206,13,37,524,5.58,0,1,1,0
12074,3.35,143,1,435,250,11.61,0,1,1,0
9406,3.06,492,5,232,349,14.68,1,1,1,0
11800,3.66,198,8,67,146,2.34,0,0,0,0
17083,2.56,302,13,48,87,5.34,1,0,1,0
4638,4.58,322,2,435,527,7.38,0,0,0,0
13340,2.77,286,10,172,214,3.94,1,0,0,0
4382,2.68,331,9,351,104,0.68,0,0,1,0
4403,3.44,263,13,257,544,7.29,1,0,1,0
12011,3.5,216,13,338,453,8.28,1,1,0,0
6292,2.65,188,12,284,275,9.57,1,1,0,0
12011,2.82,43,7,218,481,12.49,0,1,1,0
3419,2.51,433,14,33,201,4.17,0,1,1,0
15411,4.16,290,4,295,288,1.39,1,0,0,0
7517,4.31,459,12,487,380,1.8,0,1,1,0
22686,3.39,188,5,29,594,7.71,0,0,0,0
18422,4.14,468,5,158,118,13.87,0,1,1,0
12700,4.21,473,10,186,285,14.74,0,1,1,0
8693,2.41,438,11,166,491,3.47,1,1,0,0
3767,4.9,193,9,422,412,2.7,1,1,0,0
21428,4.46,269,10,264,287,5.63,1,1,0,0
17818,2.61,365,12,446,484,7.23,1,1,0,0
4549,2.56,259,2,464,467,12.22,1,1,0,0
12956,2.38,400,10,89,566,11.73,1,0,0,0
9140,2.42,238,10,347,461,13.88,1,1,1,0
13837,4.24,111,4,340,350,12.94,0,1,1,0
6716,3.41,68,11,426,516,6.86,1,1,1,0
7481,4.35,407,0,123,509,0.78,1,1,1,0
9548,4.24,48,1,248,424,3.93,1,1,0,0
21677,3.81,310,9,335,228,9.35,0,0,0,0
7837,4.06,454,14,157,471,7.77,0,1,0,0
10758,2.06,150,2,338,266,3.98,1,0,0,0
13900,2.94,238,3,405,99,2.41,1,0,1,0
10993,3.91,336,12,55,417,3.63,0,0,1,0
8542,2.03,395,8,137,452,4.27,0,0,1,0
17828,2.1,394,0,274,146,13.08,1,1,1,0
19052,4.56,114,2,332,518,10.8,1,1,0,0
5385,4.05,74,2,469,141,8.51,1,1,1,0
17308,2.8,97,12,354,565,0.8,1,0,0,0
23652,4.06,382,14,39,164,12.41,1,1,1,0
3671,4.38,110,12,317,485,8.51,1,1,1,0
3163,2.92,356,5,40,474,9.6,1,1,0,0
11656,2.11,369,4,497,255,1.45,0,1,1,0
14234,4.8,284,2,275,438,12.32,1,1,0,0
23976,3.04,255,3,267,370,12.56,0,0,1,0
7795,2.32,317,10,491,209,13.31,0,0,0,0
13634,3.48,308,6,469,558,8.16,0,0,1,0
7798,4.31,116,2,185,343,6.21,1,1,0,0
21739,2.66,175,8,489,582,1.56,0,1,1,0
13749,2.81,227,7,368,239,3.31,0,0,1,0
8827,2.73,346,12,274,160,3.77,1,1,0,0
7719,4.98,105,1,97,492,1.41,1,1,1,0
3593,2.59,341,4,472,554,2.74,1,1,0,0
24223,3.73,383,13,299,97,13.36,1,1,1,0
10394,4.78,449,3,301,148,8.41,1,1,0,0
17056,2.44,238,11,405,209,11.59,1,0,0,0
22877,4.91,99,12,449,389,4.49,1,0,1,0
13636,4.84,175,4,384,566,2.45,1,1,1,0
22056,4.65,349,2,53,94,5.91,1,1,1,0
23584,2.64,442,9,465,575,12.0,1,1,1,0
3016,3.9,454,14,490,265,4.81,0,0,1,0
6191,4.28,440,10,444,496,3.47,1,0,0,0
3392,4.96,248,0,118,511,0.82,0,0,1,0
9272,2.54,75,7,162,145,9.55,0,0,1,0
19955,4.3,2,8,74,160,6.82,1,1,0,0
6631,3.02,80,7,22,115,4.25,1,0,0,0
9172,2.53,360,3,351,96,8.04,1,0,1,0
12312,3.26,287,11,441,593,10.66,1,1,0,0
23281,4.38,7,1,454,112,4.09,0,0,0,0
21663,3.39,86,3,420,428,9.33,1,1,0,0
11906,3.61,485,13,238,459,4.27,0,0,1,0
20159,4.99,285,8,230,587,14.81,0,1,1,0
21631,3.2,398,9,324,346,11.12,1,0,1,0
19462,3.85,73,8,168,596,9.24,1,1,1,0
11080,3.1,438,4,251,564,3.0,0,1,0,0
10099,3.18,122,4,107,426,9.0,1,1,0,0
23310,4.09,376,9,427,522,12.11,1,0,0,0
17916,4.81,293,2,230,457,11.19,1,0,0,0
10083,3.63,142,13,242,437,11.78,1,1,1,0
12223,4.31,157,14,315,289,5.11,1,0,1,0
7940,2.27,429,5,167,121,5.26,1,0,0,0
22655,2.63,447,6,226,92,8.31,1,1,0,0
6456,3.51,409,11,379,568,4.54,0,0,1,0
10788,2.06,370,14,438,266,2.14,1,1,0,0
5711,2.76,108,9,451,142,7.19,0,1,0,0
14280,3.55,333,13,246,415,0.53,0,0,0,0
21052,2.04,194,14,436,154,11.53,1,1,0,0
19531,2.79,35,11,379,228,11.37,1,0,0,0
15089,3.54,89,8,203,286,8.5,1,1,1,0
13142,3.72,461,6,60,320,11.34,0,1,1,0
19749,4.78,414,2,201,314,9.56,0,1,1,0
18587,3.94,461,11,63,204,10.61,1,0,0,0
12866,3.24,295,12,229,336,1.44,1,0,1,0
7531,4.79,329,6,356,171,13.28,1,1,0,0
15686,4.35,200,12,475,286,9.84,1,1,0,0
8330,2.6,45,0,269,496,9.35,0,0,1,0
8510,2.39,487,1,103,367,6.11,0,1,0,0
11964,4.03,106,3,158,294,0.91,0,1,1,0
9493,3.68,169,6,497,591,13.57,0,0,1,0
13759,4.37,145,14,494,447,14.79,0,1,0,0
8439,4.22,355,8,250,480,12.21,1,1,1,0
17473,3.88,419,14,417,280,13.77,0,0,1,0
12765,4.96,459,4,445,364,2.25,1,0,0,0
16279,3.6,177,14,482,142,2.37,0,1,0,0
9511,2.34,60,7,31,440,13.25,0,0,0,0
14483,4.48,423,6,487,266,1.33,1,1,1,0
20630,2.76,2,4,292,562,1.85,0,0,1,0
23223,4.33,81,12,109,450,12.34,1,1,1,0
5376,4.87,262,2,481,100,8.58,1,1,1,0
22393,4.09,286,2,44,387,6.18,1,1,0,0
14824,3.79,320,12,45,125,8.53,1,0,0,0
21211,3.38,94,5,450,273,13.24,0,0,1,0
9979,3.09,63,9,172,136,11.48,0,0,1,0
12832,3.06,245,10,492,536,10.53,1,1,0,0
15504,3.91,76,3,79,412,14.66,1,0,1,0
23669,4.25,476,2,79,95,8.06,0,0,0,0
9910,4.04,258,3,302,592,0.59,0,0,0,0
17089,2.6,92,2,190,229,6.72,1,0,0,0
5196,3.48,290,12,95,292,1.9,1,1,1,0
23131,4.37,270,14,295,470,2.19,1,0,0,0
8978,3.43,20,11,466,360,4.2,1,0,1,0
24991,3.61,61,14,227,421,6.03,0,1,0,0
20153,4.31,338,14,428,416,7.48,1,1,1,0
3780,3.98,411,9,174,154,2.96,0,0,0,0
12908,3.23,259,10,199,172,5.02,1,0,1,0
9303,4.69,236,10,101,194,4.51,1,1,1,0
17686,2.49,140,12,29,500,5.8,0,1,0,0
6983,4.99,462,11,262,192,2.07,0,0,0,0
12503,2.36,434,5,197,447,6.26,0,0,0,0
19905,2.04,431,12,305,139,8.54,0,0,0,0
16070,4.67,166,6,276,361,1.91,1,0,0,0
15232,2.73,479,3,329,316,8.05,1,1,1,0
7583,4.19,66,2,23,124,11.46,1,1,1,0
8946,4.43,349,2,234,276,0.62,1,1,1,0
24325,4.58,57,10,410,578,1.19,0,1,1,0
19377,4.97,211,2,49,528,7.26,1,0,0,0
10128,2.88,129,8,365,274,13.16,0,1,0,0
14889,4.13,497,10,84,274,14.97,1,1,0,0
15275,2.35,24,10,143,389,1.85,1,0,0,0
5461,3.22,10,13,304,468,0.77,0,1,0,0
17291,4.54,256,13,172,514,3.82,1,1,1,0
17036,3.1,303,11,59,575,7.28,1,0,0,0
14435,3.77,368,14,45,280,8.79,0,1,1,0
3685,3.51,431,2,292,376,14.62,0,1,1,0
21544,3.94,393,2,178,573,13.38,0,0,0,0
15258,4.92,80,7,208,410,8.65,1,0,0,0
24725,2.17,285,3,283,340,5.74,0,0,1,0
18990,3.72,418,6,88,134,5.16,0,1,1,0
19422,4.59,369,2,20,361,8.8,1,1,1,0
13736,3.44,18,7,98,521,10.96,0,1,0,0
7875,2.24,109,2,247,338,7.48,1,0,0,0
20640,3.68,436,4,346,225,4.91,0,1,0,0
14182,3.0,33,0,65,470,9.39,1,1,1,0
5196,2.46,287,11,127,452,8.59,0,0,1,0
10165,4.55,331,4,494,124,6.7,0,0,1,0
18997,3.56,490,5,374,476,11.35,0,1,0,0
17215,4.8,254,6,143,341,4.59,0,0,1,0
3301,4.42,125,1,494,558,7.53,1,0,0,0
20030,4.08,208,1,167,564,14.13,0,0,0,0
17571,2.02,133,13,485,595,10.98,1,0,0,0
12951,3.28,498,8,443,565,6.13,1,1,0,0
23714,2.59,396,14,271,545,8.42,1,1,0,0
13773,4.73,486,14,21,545,6.38,0,0,1,0
19140,2.52,85,9,241,101,2.13,0,1,0,0
22921,2.86,74,0,208,475,5.36,0,0,0,0
16057,3.55,447,1,497,288,12.98,0,0,1,0
15500,2.79,134,1,90,224,7.19,1,0,1,0
23942,2.63,300,14,378,499,8.98,1,0,1,0
18921,3.8,172,12,352,428,3.13,1,0,0,0
14870,2.27,212,14,116,384,5.67,0,0,0,0
7082,2.17,320,9,251,123,13.97,1,1,0,0
16718,3.12,349,6,49,186,5.06,1,1,1,0
23567,4.16,18,5,49,229,4.13,1,0,0,0
13517,3.66,498,8,234,343,1.31,1,1,1,0
6754,3.27,118,10,192,189,1.91,1,0,1,0
4724,3.7,302,14,299,97,8.98,0,1,0,0
4376,3.1,301,6,487,415,10.07,1,1,1,0
11706,4.81,284,2,495,318,9.8,1,1,1,0
11894,2.16,226,2,459,407,8.33,1,0,0,0
21037,4.02,211,0,230,373,7.62,1,1,0,0
21450,4.67,355,7,336,492,1.55,1,0,0,0
19406,4.41,188,0,416,540,12.69,0,0,0,0
21844,2.55,486,10,144,160,7.94,1,0,0,0
8926,2.89,320,13,99,334,2.41,0,1,0,0
9251,4.15,150,1,203,442,2.47,0,0,0,0
12496,2.25,222,10,34,536,7.94,0,1,1,0
6300,4.44,127,11,30,522,4.05,0,1,1,0
11553,4.16,247,6,415,317,13.87,0,1,1,0
6727,4.19,50,0,361,340,7.73,1,0,0,0
19898,2.3,190,11,108,352,14.69,1,0,0,0
19832,4.15,482,3,22,359,11.15,0,1,1,0
9019,4.04,499,8,43,229,12.26,0,0,0,0
18463,4.49,494,7,108,231,6.14,0,1,1,0
24727,2.12,236,14,28,91,2.44,0,0,0,0
13047,2.07,21,10,495,93,10.5,1,1,0,0
14754,3.12,109,13,65,590,6.4,1,0,0,0
5520,2.45,326,12,113,524,14.26,0,1,0,0
6081,3.68,32,7,90,397,3.31,1,0,0,0
4428,4.75,126,11,207,317,9.58,0,0,1,0
6967,3.17,364,2,158,153,13.06,1,1,1,0
9445,4.53,355,4,29,513,6.34,0,0,1,0
17566,2.0,43,14,22,377,14.33,1,1,1,0
17042,2.51,6,3,38,375,1.61,1,0,1,0
14329,2.09,127,10,149,93,9.01,0,1,1,0
5159,2.98,90,11,420,474,11.77,0,1,0,0
8132,4.72,129,7,240,270,3.43,1,0,0,0
21931,2.29,16,10,149,500,1.34,0,1,0,0
22363,3.82,320,6,456,185,1.66,0,1,0,0
17933,3.35,185,13,419,473,5.13,1,0,1,0
13473,4.82,109,6,132,517,3.74,0,1,0,0
22033,2.37,285,9,157,86,3.75,0,0,0,0
13805,2.64,469,9,471,160,7.15,1,1,0,0
6083,2.09,347,6,62,564,1.73,0,0,1,0
20421,3.3,480,0,237,436,14.93,1,1,1,0
16944,2.83,409,12,77,390,10.59,1,1,0,0
22873,4.61,162,14,132,585,0.94,0,0,1,0
10604,3.81,446,6,207,598,10.53,0,1,1,0
18379,3.84,74,3,141,528,11.98,0,1,1,0
22018,3.6,198,11,427,364,3.27,1,1,0,0
6983,2.28,411,2,479,361,12.68,0,1,1,0
4778,3.34,408,12,104,153,9.37,1,1,0,0
8110,5.0,444,11,125,124,12.4,0,1,1,0
24573,4.51,360,12,419,536,10.89,1,1,1,0
15087,4.68,286,14,375,486,10.72,0,1,1,0
20508,4.47,181,4,118,172,2.79,1,1,0,0
20081,2.31,450,1,28,401,5.08,0,1,1,0
5179,2.68,96,7,25,545,8.09,0,0,0,0
12596,2.01,50,11,127,406,2.13,1,0,0,0
8251,2.91,313,11,468,494,7.44,1,0,1,0
12235,2.33,33,8,481,578,6.96,1,0,0,0
21313,3.42,442,4,171,519,3.86,1,0,0,0
17871,4.03,20,2,413,511,3.4,1,1,0,0
4013,4.62,183,9,357,407,4.09,1,1,0,0
19610,4.25,292,6,256,336,9.27,0,1,1,0
4828,4.82,63,0,476,153,6.52,1,0,0,0
10909,2.16,496,9,46,313,6.5,0,0,1,0
8588,2.04,402,2,138,337,3.14,1,1,0,0
16109,3.98,123,8,230,308,11.92,1,1,0,0
5023,2.87,100,1,119,324,10.66,1,1,1,0
24350,2.76,118,10,22,506,6.72,1,1,0,0
17537,2.99,340,13,313,535,2.56,1,0,1,0
8891,2.81,77,8,476,552,10.86,0,0,0,0
4080,3.53,457,10,349,253,13.53,0,0,1,0
8036,3.32,180,0,348,154,3.08,1,0,1,0
18379,3.54,198,3,36,178,9.24,0,1,0,0
13822,4.02,476,11,125,592,6.65,0,1,0,0
5563,3.16,446,9,249,203,1.77,1,1,1,0
6292,2.75,359,12,323,196,11.02,1,1,0,0
6586,2.5,189,5,196,422,1.53,1,0,1,0
19087,3.05,327,14,446,312,10.68,0,1,0,0
19100,4.23,102,12,103,208,4.58,1,1,0,0
23815,4.27,332,6,282,453,8.7,0,0,0,0
9643,4.0,365,14,215,315,2.83,0,1,1,0
6959,2.7,274,14,268,269,5.88,1,1,1,0
14005,3.76,458,2,401,247,2.01,0,0,0,0
13775,3.71,129,8,477,370,7.28,0,0,0,0
3161,3.45,240,3,168,420,3.59,1,1,0,0
19029,3.65,133,4,225,474,3.22,1,0,1,0
19977,3.48,156,7,428,553,2.05,1,1,1,0
17226,3.7,424,14,100,218,11.6,0,1,1,0
14154,4.15,434,11,208,270,9.77,1,1,1,0
15080,2.33,388,14,431,598,2.78,1,0,1,0
6390,4.25,424,13,225,130,7.35,0,1,1,0
8997,2.41,317,2,327,377,10.08,0,1,0,0
15693,2.2,157,7,288,151,13.23,1,1,1,0
20047,4.93,358,13,309,335,1.36,0,1,1,0
12324,4.87,189,13,402,388,5.75,1,1,1,0
3541,2.18,99,10,380,170,9.43,0,1,0,0
24817,3.33,410,0,470,228,0.73,0,0,0,0
8093,2.56,433,7,407,109,4.03,0,0,0,0
16428,3.46,465,13,319,541,11.3,1,0,0,0
14166,4.49,51,12,401,464,5.66,0,0,0,0
20251,4.85,48,14,274,597,1.73,0,1,0,0
19063,3.9,445,10,418,452,9.59,0,1,0,0
13258,3.06,99,10,487,276,4.13,1,0,0,0
19044,3.81,443,14,27,269,10.67,0,0,1,0
8469,2.94,381,11,133,158,13.55,1,0,0,0
9256,4.73,250,9,24,151,8.15,1,0,1,0
13720,4.61,373,7,469,122,9.19,1,1,0,0
4169,3.67,463,5,495,212,7.96,1,0,1,0
3830,2.97,53,4,361,185,12.35,1,1,1,0
4651,2.88,374,8,92,436,4.0,0,1,1,0
20520,2.1,388,5,367,87,6.32,0,1,1,0
22194,4.45,136,14,140,422,13.48,1,0,0,0
12518,3.35,161,0,321,516,10.99,1,0,0,0
16258,2.98,353,11,468,159,5.14,0,0,1,0
19184,3.41,291,5,391,471,12.57,0,1,1,0
4019,4.46,478,0,388,367,3.96,1,0,0,0
24621,2.37,499,5,253,192,9.7,1,1,1,0
13028,4.57,403,2,85,305,14.37,1,1,1,0
15448,4.69,80,5,249,412,8.83,1,1,0,0
15485,4.84,467,12,429,496,12.09,0,1,0,0
4283,3.19,219,5,50,357,11.16,1,0,0,0
20043,2.65,84,0,326,82,13.05,1,1,1,0
21394,3.12,82,12,316,557,14.55,1,1,1,0
4733,3.0,318,8,70,489,0.82,0,1,1,0
21509,2.53,66,7,166,386,0.9,1,1,0,0
21555,3.82,413,14,114,293,9.12,1,0,0,0
19230,3.43,452,14,348,109,14.34,0,1,1,0
17472,4.6,233,1,406,498,7.54,1,1,0,0
15889,2.1,197,1,57,107,12.68,1,1,0,0
6471,3.93,258,4,217,166,11.63,0,0,0,0
12028,4.29,176,14,260,105,7.72,1,0,1,0
11329,4.28,297,9,192,199,7.94,1,0,1,0
5097,4.66,279,1,275,471,6.82,0,1,0,0
17082,4.19,299,10,474,436,4.16,1,0,1,0
24452,4.78,128,0,60,432,12.95,1,1,0,0
16930,3.0,497,1,428,94,3.54,1,0,0,0
13077,3.51,370,4,492,384,13.65,1,0,1,0
9397,2.04,437,10,453,333,5.72,0,1,0,0
5757,2.02,179,14,148,599,0.88,1,0,1,0
23304,2.72,291,9,73,265,2.94,0,0,1,0
21284,2.3,206,13,105,466,13.37,1,1,1,0
21994,2.78,488,6,231,579,2.36,1,1,1,0
20833,2.53,293,4,288,93,11.21,1,1,1,0
8017,2.09,427,0,315,309,3.15,1,0,1,0
19370,4.73,337,6,40,170,7.73,1,1,0,0
10999,2.02,470,5,234,483,3.48,0,1,1,0
13195,4.21,174,6,444,584,5.33,1,0,1,0
5096,2.46,28,1,208,83,2.31,1,1,1,0
18433,4.74,178,4,180,298,8.56,0,0,0,0
13595,4.68,40,13,220,295,5.8,0,1,0,0
18941,3.96,469,7,48,238,5.8,1,1,0,0
22715,4.02,191,12,400,452,1.06,0,1,0,0
18078,2.02,343,11,263,96,2.47,1,0,0,0
8105,4.95,236,6,202,574,10.76,1,1,0,0
22362,4.63,303,5,51,545,4.74,1,1,0,0
5839,4.69,460,12,286,523,6.91,0,0,1,0
6384,3.98,224,5,455,160,11.56,1,1,0,0
13851,3.03,113,11,55,245,6.95,0,1,0,0
13053,4.68,277,0,112,436,3.77,0,0,1,0
16493,2.87,354,0,387,313,8.47,0,0,1,0
20069,3.69,16,6,178,241,12.12,1,1,1,0
17139,2.3,85,2,417,254,9.19,1,1,0,0
10531,4.77,388,5,466,442,6.59,1,0,1,0
7283,2.42,316,11,199,455,2.32,0,0,0,0
10736,2.67,344,4,457,253,4.11,0,0,1,0
10710,3.67,389,2,392,317,14.22,1,1,1,0
4619,4.29,180,5,325,242,11.69,0,1,0,0
16975,3.86,336,2,492,317,1.77,0,0,1,0
15835,2.7,350,7,398,311,0.58,0,0,1,0
18261,2.0,144,13,457,596,3.04,0,1,0,0
4431,4.27,314,14,237,315,14.19,0,1,1,0
12067,4.96,224,6,489,402,8.91,1,0,1,0
7713,4.43,422,8,348,486,12.66,1,0,1,0
12557,3.38,53,4,372,256,7.25,1,0,1,0
12435,4.71,381,11,362,579,12.49,1,0,0,0
7998,3.23,431,14,246,198,0.99,1,1,1,0
3162,3.57,420,0,231,269,6.69,0,0,0,0
4974,3.43,303,10,372,444,5.98,0,1,0,0
22675,3.34,67,9,182,565,14.73,1,0,0,0
11461,4.33,106,14,385,158,4.86,1,0,1,0
20015,3.58,333,10,177,401,6.55,1,1,1,0
20289,2.95,76,7,129,218,11.5,1,0,1,0
5014,2.77,26,1,74,415,13.27,0,0,0,0
12833,2.11,343,5,369,481,13.24,1,1,1,0
10896,3.75,154,0,233,305,6.22,0,0,0,0
3204,2.69,71,5,384,345,14.25,1,1,0,0
19965,2.44,446,3,404,412,9.98,0,1,1,0
12032,3.96,179,4,34,303,12.84,1,1,0,0
8347,4.04,46,14,172,599,13.93,0,1,1,0
5643,4.26,241,9,39,328,3.89,1,0,1,0
11017,3.51,358,6,474,500,7.74,0,1,1,0
21681,4.68,276,12,419,266,9.02,1,1,1,0
20258,4.81,370,5,71,328,12.14,1,1,1,0
8560,4.42,312,0,362,206,6.32,0,0,1,0
18892,3.91,104,8,488,167,3.55,0,1,1,0
17531,2.91,458,5,340,124,11.28,1,1,0,0
20073,4.95,94,5,386,325,9.09,1,0,0,0
7000,2.82,218,8,103,490,13.53,0,1,0,0
17289,2.61,169,11,386,297,10.0,0,0,0,0
20055,3.33,365,9,486,506,0.74,0,1,0,0
10927,2.17,431,4,345,94,14.52,1,0,0,0
18562,4.94,282,10,243,414,9.1,0,1,1,0
4171,3.77,127,14,148,571,9.14,1,0,1,0
24975,3.67,199,5,369,371,13.68,0,0,1,0
14918,3.97,416,5,401,196,10.13,0,1,0,0
12135,3.49,331,6,35,548,7.45,1,0,1,0
9342,2.1,34,8,430,466,2.06,1,0,1,0
20833,3.84,353,4,293,272,14.45,0,1,0,0
14929,4.15,143,4,96,180,1.64,1,0,0,0
5539,3.25,291,3,319,149,2.97,1,0,1,0
6959,4.27,65,9,325,253,12.38,1,0,1,0
16183,2.68,459,3,111,523,7.61,0,0,0,0
8432,2.66,218,11,477,512,3.08,1,0,1,0
23644,2.48,55,7,289,294,4.65,1,0,1,0
21745,3.12,144,12,71,398,14.91,0,1,0,0
23054,4.54,403,1,368,365,8.97,0,0,0,0
4753,4.48,212,9,140,304,6.32,1,0,0,0
21322,3.15,93,7,478,428,13.21,0,0,0,0
13123,3.77,105,1,69,467,7.46,1,1,0,0
19376,4.16,83,14,398,420,4.97,1,1,0,0
9588,2.72,135,0,494,583,2.88,0,0,1,0
9304,2.5,145,9,292,150,11.29,0,1,1,0
10345,4.92,248,12,399,208,9.15,1,0,1,0
18352,3.85,17,14,139,523,1.84,1,1,1,0
3597,4.94,401,8,406,369,9.08,0,1,0,0
22446,3.01,124,10,465,466,2.81,0,1,1,0
5336,4.11,1,7,114,97,14.73,0,1,0,0
12879,2.67,331,5,168,155,4.27,1,0,0,0
3572,2.78,479,3,308,444,10.59,0,0,0,0
10521,3.54,489,1,276,359,10.01,1,0,1,0
9171,2.96,199,7,473,359,10.52,1,1,1,0
21474,2.5,434,2,390,522,6.73,0,0,0,0
16992,2.79,137,9,203,408,1.58,0,1,0,0
14861,2.11,202,3,279,587,14.71,1,0,1,0
15464,4.11,397,4,169,529,3.28,0,1,1,0
24008,3.48,281,12,224,454,11.66,1,0,0,0
4633,2.28,302,3,461,375,2.49,0,0,1,0
20901,2.52,29,10,191,555,4.58,1,0,0,0
15485,2.31,55,7,332,472,8.62,1,0,0,0
13849,3.84,118,8,241,188,6.5,1,0,0,0
6648,2.28,425,13,187,438,14.39,1,1,1,0
18177,4.26,131,13,263,368,12.79,0,1,1,0
16140,2.06,230,13,237,497,13.87,1,0,0,0
20921,2.75,394,0,75,397,9.79,1,1,1,0
17357,4.67,151,1,82,420,3.67,0,0,0,0
16368,4.16,469,11,122,396,8.02,1,1,1,0
6137,2.22,450,3,392,428,11.6,0,0,0,0
3097,4.46,420,0,186,106,1.44,1,0,0,0
14407,3.48,385,10,26,480,13.02,0,0,1,0
15722,4.54,395,5,161,395,9.65,0,0,0,0
15924,3.8,20,14,144,447,10.99,1,1,0,0
6750,4.05,452,11,109,422,10.57,1,1,0,0
11535,4.98,454,4,421,444,12.79,0,1,1,0
24797,2.7,447,12,330,152,1.77,0,1,0,0
7666,3.87,67,6,390,201,5.97,1,0,1,0
19009,3.38,125,11,459,265,7.79,1,1,0,0
19994,2.12,42,5,235,398,8.43,1,1,0,0
4727,2.04,181,13,460,432,14.17,1,0,1,0
4854,2.36,488,13,142,434,1.12,0,1,1,0
13800,3.95,99,2,391,185,13.06,0,0,0,0
8055,3.7,378,4,205,497,8.5,0,1,0,0
13271,3.66,445,2,390,284,8.54,0,1,0,0
21708,2.1,469,8,172,461,5.14,1,0,0,0
15819,3.41,348,1,268,376,9.83,0,0,1,0
12369,4.77,456,5,133,358,9.87,1,1,1,0
12283,3.19,473,8,115,268,3.24,1,0,1,0
16171,3.87,395,9,217,529,10.32,1,0,0,0
8774,4.34,239,6,355,337,4.37,1,1,0,0
9519,4.35,384,4,22,532,10.49,1,1,0,0
13983,3.56,199,1,168,157,9.37,0,1,0,0
21133,4.57,416,1,435,102,10.88,0,1,1,0
17939,3.17,447,3,405,582,0.79,0,1,0,0
3781,4.67,115,9,130,264,2.32,1,1,1,0
19282,2.72,114,11,39,592,12.68,0,1,0,0
9823,2.84,451,1,222,128,6.02,1,0,1,0
21489,2.16,141,11,390,247,12.63,0,1,1,0
23251,4.39,118,12,421,100,1.41,0,1,0,0
10193,3.25,92,12,201,471,11.66,1,1,0,0
24360,2.69,397,7,350,184,1.71,1,1,0,0
5113,2.7,8,9,246,369,7.29,0,0,1,0
19280,4.7,72,6,311,505,14.09,1,1,1,0
16565,4.5,25,6,377,308,1.63,1,0,1,0
23354,3.66,432,2,95,260,5.58,1,1,0,0
13183,3.85,238,6,336,431,8.02,0,1,0,0
20961,3.42,361,7,335,304,13.54,0,0,0,0
12203,3.17,144,4,242,313,5.32,0,0,1,0
21658,4.75,488,0,392,345,12.2,1,0,1,0
24253,2.38,67,14,55,393,10.91,1,0,1,0
18795,3.26,187,0,497,578,4.95,1,1,1,0
21810,3.03,365,11,447,297,5.44,1,1,0,0
16489,3.49,130,10,343,290,3.27,1,0,0,0
8546,3.37,220,13,469,178,10.55,0,1,0,0
9852,3.56,280,3,319,467,8.66,0,1,0,0
5551,2.42,276,1,352,424,2.75,0,1,1,0
9411,3.54,139,6,109,332,9.49,1,0,1,0
19391,2.73,53,12,48,197,7.73,0,1,1,0
21939,2.55,0,2,195,288,1.84,0,1,1,0
3475,2.19,127,11,439,488,14.33,0,1,1,0
24800,4.29,0,3,239,560,12.6,1,1,1,0
13403,3.28,172,8,155,408,1.53,1,0,0,0
10239,3.88,429,1,408,262,14.0,0,1,0,0
9710,4.18,431,11,371,496,13.79,0,0,1,0
24384,4.04,390,7,497,162,1.11,0,1,1,0
24038,3.41,265,0,481,333,3.42,0,0,0,0
11078,3.16,398,2,194,84,10.68,1,0,1,0
5285,3.13,295,3,145,382,14.05,0,1,1,0
8223,3.92,255,13,190,507,12.44,1,1,0,0
16521,3.48,394,5,413,306,4.59,0,0,1,0
17889,4.55,439,0,285,469,0.98,1,1,0,0
9971,4.62,173,13,153,91,7.36,1,1,0,0
22909,2.51,44,7,291,416,1.83,1,1,1,0
14531,2.41,342,1,463,208,4.06,0,0,0,0
17721,3.89,140,4,45,90,9.78,1,1,0,0
22206,2.9,26,5,296,569,7.68,1,0,1,0
7943,2.06,232,7,119,351,5.96,0,1,1,0
9530,4.67,208,2,461,436,13.98,0,1,0,0
14116,2.68,49,11,444,171,3.3,1,0,0,0
3258,4.79,60,8,381,88,7.57,1,1,0,0
3282,4.15,242,11,49,202,8.82,0,0,0,0
16937,4.29,268,4,152,360,5.17,0,0,1,0
4898,2.6,139,7,413,537,10.73,1,1,0,0
7135,2.7,156,3,370,530,13.08,0,0,0,0
9629,3.56,84,11,158,486,8.35,0,1,0,0
14168,2.52,83,8,210,135,11.83,1,1,1,0
22584,2.92,275,7,410,458,1.38,0,1,1,0
24494,2.96,30,4,206,581,2.73,1,1,0,0
3612,2.48,7,2,159,102,7.2,0,0,0,0
17203,2.62,279,0,339,324,13.85,0,0,1,0
20071,4.37,202,14,398,497,8.21,0,1,0,0
23074,2.5,422,4,256,310,6.77,0,0,1,0
5307,2.09,32,4,388,289,9.2,0,0,1,0
10133,3.89,297,3,316,241,2.3,0,0,0,0
14205,4.93,142,9,463,456,9.98,1,1,0,0
8906,2.99,451,9,219,249,1.86,0,0,0,0
5591,2.36,448,7,303,418,8.86,1,1,0,0
18149,3.71,415,2,398,553,10.86,0,1,0,0
15150,4.72,394,11,99,306,6.47,0,0,1,0
10183,4.35,349,9,466,442,13.71,0,1,0,0
24632,3.87,36,8,278,558,2.7,0,0,1,0
13102,2.95,146,2,120,554,2.98,0,1,0,0
24492,3.63,434,3,51,274,8.0,0,1,0,0
22988,2.27,227,5,296,91,14.01,1,0,0,0
20053,4.04,33,8,140,574,6.17,1,0,1,0
23748,4.18,454,9,74,141,13.93,0,0,1,0
4283,4.9,443,1,37,350,10.56,1,1,1,0
3923,2.78,236,1,328,144,11.85,0,1,0,0
4125,2.06,211,1,387,559,14.1,1,0,1,0
4529,3.64,308,4,140,569,8.8,1,0,1,0
11438,4.12,139,5,129,147,9.8,0,1,1,0
23095,4.37,189,2,350,441,8.9,1,1,0,0
19154,2.58,95,2,80,98,11.88,0,0,1,0
11004,2.79,193,1,453,170,4.46,0,1,1,0
12752,3.54,469,10,283,317,11.93,1,0,0,0
13592,2.99,360,5,287,541,10.85,0,0,1,0
6864,4.58,303,0,454,103,9.23,1,0,0,0
3226,3.42,295,8,469,306,1.06,0,0,1,0
18036,4.4,151,14,316,460,11.73,1,0,1,0
14739,3.74,433,10,425,85,2.42,1,1,0,0
19648,4.32,222,9,146,436,14.45,1,1,1,0
12587,3.0,195,3,156,236,1.68,0,1,0,0
14749,4.49,87,13,97,280,10.94,1,1,1,0
3645,2.82,298,1,226,304,5.73,1,0,0,0
19299,3.64,16,12,414,542,11.17,0,0,1,0
24953,2.64,487,11,416,336,8.02,1,1,1,0
22374,3.43,210,5,203,510,9.63,1,1,0,0
16675,2.95,231,4,431,504,1.59,0,0,0,0
21888,2.8,357,2,108,486,14.51,1,1,1,0
13964,4.9,182,12,339,184,0.56,1,0,0,0
19087,2.48,161,2,248,331,14.15,0,1,1,0
16537,4.36,366,4,83,178,8.74,0,1,0,0
16269,4.95,480,3,345,257,4.24,0,0,0,0
12346,2.06,69,4,74,344,9.75,1,1,0,0
3587,4.1,59,1,312,211,10.26,0,1,0,0
15763,2.76,178,10,436,278,11.09,0,0,1,0
12177,2.12,483,0,300,136,0.74,0,0,0,0
7079,3.21,76,4,389,488,14.75,1,1,1,0
6348,4.81,494,10,298,341,9.46,0,0,1,0
23215,2.04,456,0,207,197,5.97,0,0,1,0
21099,3.76,34,2,459,564,8.77,0,1,1,0
13785,3.5,417,7,210,400,3.09,1,0,1,0
15328,4.62,15,14,411,387,4.09,0,0,1,0
9450,2.25,465,10,292,569,1.74,0,0,1,0
16230,4.04,401,7,114,400,13.25,1,1,0,0
8433,4.04,293,8,109,435,4.15,1,1,1,0
4098,4.01,497,0,266,599,11.23,0,0,1,0
10096,4.83,170,3,460,103,4.48,0,1,1,0
21710,4.47,31,5,94,271,2.62,1,1,1,0
14439,2.13,262,6,81,428,2.07,0,0,1,0
12087,3.41,214,4,241,104,12.97,0,1,0,0
19021,3.19,470,12,286,469,2.24,1,1,0,0
9416,2.93,45,6,470,269,1.76,0,0,1,0
9980,3.35,188,10,443,107,0.64,1,0,0,0
21058,3.15,273,14,443,570,5.81,1,1,1,0
14101,3.3,70,9,140,567,14.17,0,0,0,0
10950,4.94,489,7,331,251,13.68,1,1,1,0
12122,2.27,295,9,328,117,2.17,1,0,1,0
15576,4.77,87,5,360,378,0.68,0,1,0,0
4089,3.44,333,10,47,345,11.39,0,0,1,0
7578,3.87,433,3,361,106,4.94,1,0,0,0
12127,4.49,260,0,445,531,12.6,1,0,0,0
13487,3.08,493,10,390,548,3.62,0,1,0,0
3155,3.29,181,4,321,164,7.64,0,1,1,0
4958,3.23,341,9,293,92,0.98,1,1,1,0
13693,3.12,441,9,42,338,13.47,0,0,1,0
9344,4.78,21,9,429,179,3.08,1,1,1,0
8779,4.49,73,3,118,340,4.77,0,0,0,0
24447,2.33,89,4,304,357,7.46,1,0,0,0
6830,2.32,334,3,327,145,4.43,1,0,0,0
12046,3.28,165,8,129,457,1.08,1,0,0,0
12794,2.3,488,2,222,596,0.92,0,1,0,0
3441,3.86,233,2,125,196,14.35,1,1,0,0
17478,2.43,374,14,65,578,5.22,0,1,1,0
7628,3.57,432,9,276,284,5.35,0,0,1,0
9370,2.02,128,6,466,159,13.88,1,1,0,0
12528,2.95,333,1,163,97,12.62,0,1,1,0
20332,4.03,291,8,44,137,10.46,0,1,0,0
14565,3.45,94,7,81,191,10.05,1,0,0,0
11179,4.93,27,11,249,394,12.12,1,1,1,0
19013,4.62,353,13,101,241,2.95,0,0,1,0
19843,3.08,34,5,355,403,10.13,1,0,1,0
24030,2.14,443,13,230,410,1.93,1,1,1,0
3392,4.54,230,12,419,581,2.33,1,0,1,0
15130,4.73,317,8,216,136,4.02,0,0,1,0
21171,4.46,342,10,366,244,10.79,1,0,1,0
13449,2.38,429,2,217,245,13.44,0,0,1,0
20522,4.99,363,3,396,376,10.52,1,1,1,0
24125,2.78,466,6,181,83,6.54,0,1,1,0
10418,4.17,124,0,227,489,7.95,1,0,0,0
5454,4.72,465,12,328,185,10.83,1,1,1,0
23058,2.71,78,0,426,245,9.39,0,0,1,0
20761,4.72,380,0,446,333,8.18,1,0,0,0
18223,2.93,60,11,63,207,3.93,1,0,1,0
9701,4.93,448,7,307,565,9.45,1,1,1,0
5597,2.84,216,12,298,155,0.77,1,0,0,0
3141,4.86,281,5,423,300,8.62,0,0,1,0
5659,2.16,162,2,294,513,12.4,1,1,0,0
23980,4.13,56,9,240,518,3.11,0,1,0,0
12031,3.6,462,6,475,514,2.16,0,0,0,0
18037,3.43,190,5,304,212,14.57,0,1,0,0
16970,2.67,131,4,165,520,12.73,1,0,1,0
8661,4.12,462,2,88,470,4.88,1,0,1,0
9142,2.57,41,13,159,323,3.52,0,0,1,0
15109,3.66,485,3,29,225,5.34,0,0,1,0
11787,2.76,172,14,130,494,6.75,0,0,0,0
13096,4.87,166,12,56,506,12.41,1,1,0,0
11472,2.09,249,12,100,291,3.97,0,1,0,0
19807,2.6,192,10,115,328,10.95,1,0,1,0
7249,2.73,277,10,74,114,13.97,0,0,0,0
17949,3.24,394,0,151,332,6.0,1,1,0,0
4750,2.7,237,8,242,365,0.88,0,0,0,0
24141,3.47,229,4,403,289,12.5,1,0,0,0
21351,4.62,164,1,82,189,10.77,1,0,1,0
7088,4.14,242,11,493,409,2.66,1,1,1,0
23562,3.74,89,10,31,221,9.16,0,0,1,0
18282,2.27,178,8,165,166,12.46,1,0,0,0
22330,4.08,474,11,283,219,3.12,0,0,0,0
12641,2.5,57,6,51,411,3.73,1,0,1,0
24778,4.36,460,13,487,105,3.43,1,0,0,0
8075,2.75,262,13,68,441,14.96,1,1,0,0
13412,3.25,135,7,379,439,3.83,1,1,1,0
18686,3.05,237,12,466,294,4.37,0,1,1,0
10230,4.58,306,2,480,156,1.19,1,1,1,0
18432,2.38,242,13,206,174,14.76,0,1,1,0
14002,3.7,150,6,362,297,4.08,1,0,1,0
16947,2.43,345,10,470,447,11.02,1,1,0,0
16686,4.11,363,0,118,131,0.88,0,0,1,0
20915,4.72,246,5,186,353,11.86,0,1,1,0
16074,3.3,218,9,325,523,11.38,0,1,1,0
22374,3.46,8,5,232,112,1.72,0,0,1,0
7493,4.78,429,10,218,495,2.28,0,0,0,0
20317,3.56,293,9,265,504,4.78,0,0,0,0
4460,3.46,366,11,173,86,5.64,0,1,1,0
17140,3.73,12,5,426,574,11.86,0,0,0,0
22107,4.07,262,2,115,433,1.39,1,1,0,0
13704,2.32,394,5,82,278,9.93,0,1,1,0
19669,4.46,457,13,213,514,3.81,1,0,0,0
19648,3.31,224,2,442,215,6.05,0,0,1,0
9816,2.22,230,9,341,367,0.53,0,1,0,0
14639,4.36,177,8,378,487,4.72,0,1,1,0
17424,3.13,246,6,321,415,2.98,0,0,0,0
16965,2.3,66,13,418,81,7.81,1,0,1,0
21146,3.9,296,12,291,264,2.79,0,0,0,0
14240,4.64,156,3,395,517,12.62,0,1,0,0
3040,4.66,164,2,109,101,13.3,0,0,0,0
8827,4.87,183,5,347,291,12.76,0,1,1,0
11259,4.6,492,14,291,556,14.74,0,1,0,0
20371,2.01,207,8,104,545,13.76,0,0,0,0
17849,3.14,15,2,314,313,4.56,1,0,1,0
19232,4.46,299,7,414,251,5.06,0,0,0,0
10804,3.1,305,5,491,597,8.22,1,1,0,0
22582,3.8,490,3,55,323,6.08,1,1,1,0
8374,3.82,240,4,37,500,14.56,0,1,0,0
24174,3.1,454,2,426,458,5.42,0,1,1,0
5524,4.71,462,13,96,552,11.23,0,1,1,0
12277,3.51,229,1,68,420,8.84,1,0,1,0
21863,3.39,389,8,445,202,14.37,0,0,1,0
12885,4.99,17,12,378,513,11.3,1,0,1,0
24538,3.48,146,2,255,267,4.9,0,0,1,0
3778,2.54,243,5,63,93,3.36,0,0,0,0
4492,3.54,50,4,128,149,12.89,1,1,1,0
20044,4.44,449,9,148,490,13.71,0,0,1,0
20732,4.33,258,10,26,397,12.55,0,1,1,0
16615,4.37,237,7,323,516,11.19,0,1,0,0
15132,4.12,245,4,131,225,5.17,1,1,1,0
13178,2.76,344,10,232,306,7.83,1,1,0,0
10851,4.59,483,7,419,461,13.78,1,1,1,0
19288,4.68,309,10,323,259,2.46,1,0,1,0
10156,2.58,48,4,481,178,7.68,0,1,1,0
5044,2.39,283,10,446,470,5.65,1,0,0,0
10368,4.93,37,9,326,349,10.32,1,0,1,0
22900,4.6,283,12,382,173,9.69,0,0,0,0
16635,4.68,31,5,85,542,8.62,1,0,0,0
12168,4.66,242,14,50,364,4.55,0,1,0,0
23961,3.63,40,4,314,101,2.81,0,0,0,0
20111,3.94,291,1,284,81,11.87,1,0,1,0
14328,3.64,102,9,316,182,14.88,0,0,0,0
16319,2.15,291,9,338,115,2.95,1,1,1,0
3342,4.24,106,5,33,353,1.6,0,1,1,0
4447,3.52,245,13,77,130,11.31,1,0,0,0
9581,3.94,381,6,477,222,5.49,1,0,1,0
14851,3.51,86,14,363,562,3.59,0,1,1,0
9317,3.48,65,2,261,96,8.11,1,0,0,0
19910,2.52,137,2,372,357,10.29,1,1,1,0
13088,2.84,325,11,267,517,3.62,1,1,1,0
15946,2.48,199,6,117,515,14.92,1,1,0,0
19789,2.59,334,14,487,463,5.26,0,1,0,0
17567,4.92,492,10,467,211,5.07,1,0,0,0
17868,2.46,92,9,431,342,6.63,0,1,1,0
12765,2.81,446,3,407,473,11.3,0,0,0,0
23124,3.77,347,14,181,287,13.16,0,0,0,0
15466,3.83,277,1,407,305,5.2,1,0,0,0
21230,2.46,481,8,266,544,2.22,0,1,1,0
20862,4.38,19,14,345,437,4.21,1,1,0,0
13587,4.36,288,13,461,223,1.72,0,0,1,0
3771,2.71,398,12,361,433,9.64,0,1,1,0
24909,2.87,390,8,23,330,11.24,1,1,0,0
19300,4.81,471,5,325,455,6.72,0,0,1,0
11770,4.48,89,13,280,324,14.32,1,0,1,0
14093,4.09,49,1,350,97,11.05,1,0,1,0
16803,2.25,9,2,64,564,6.01,1,1,0,0
3193,3.25,78,4,438,81,1.98,0,1,1,0
5007,3.68,36,10,230,455,7.66,1,1,1,0
20569,2.56,58,10,263,245,7.81,1,0,0,0
21778,3.34,87,14,222,408,8.48,1,1,1,0
14190,3.8,458,4,222,527,10.4,0,1,0,0
12984,2.98,103,12,392,171,4.33,1,1,1,0
12302,4.34,318,8,46,599,0.54,1,0,0,0
23389,4.52,276,9,405,331,12.29,0,0,0,0
10429,2.97,103,2,457,118,12.44,0,1,1,0
5261,4.52,253,1,137,515,13.72,1,0,0,0
23120,2.31,229,9,475,441,14.55,1,0,1,0
9716,4.51,334,7,245,162,2.81,1,1,1,0
24259,2.46,462,6,379,106,5.63,1,0,0,0
11921,2.25,36,11,487,100,12.84,1,0,1,0
7378,3.93,300,8,490,297,14.04,0,0,1,0
10815,3.42,141,2,482,124,0.71,0,1,1,0
16778,4.72,42,5,451,486,6.12,1,0,1,0
22835,3.09,115,4,224,558,2.14,1,0,1,0
15728,2.86,340,4,266,416,11.93,1,1,0,0
13332,3.5,491,9,498,227,11.33,1,0,1,0
12836,3.37,83,7,68,490,11.44,0,0,1,0
5800,3.03,416,0,385,593,6.16,1,0,1,0
11333,4.08,258,0,272,464,6.39,1,0,0,0
8410,4.28,359,2,97,561,4.3,0,1,0,0
20839,4.56,86,10,276,180,5.73,1,0,0,0
8808,4.92,427,1,139,193,14.75,0,0,0,0
9796,2.8,366,1,494,341,1.18,1,1,1,0
24180,4.15,342,1,436,501,5.2,1,1,0,0
24477,3.18,346,3,54,133,11.95,0,1,0,0
13288,4.03,290,0,457,267,6.04,1,0,1,0
20709,3.43,408,9,331,269,14.27,1,1,1,0
24360,4.98,95,14,162,137,5.32,1,0,1,0
20543,4.19,254,8,216,582,12.82,0,1,0,0
7650,4.86,341,13,279,268,12.32,0,1,1,0
7987,4.5,135,4,385,392,0.63,1,0,0,0
18200,4.71,247,4,103,248,6.34,0,0,0,0
7697,4.44,498,8,211,210,4.57,1,1,0,0
19724,3.38,371,13,41,231,7.45,0,0,1,0
6828,2.76,445,4,43,184,7.21,1,1,1,0
21352,3.11,485,12,450,446,13.63,0,1,1,0
20087,2.06,401,12,94,171,3.16,1,0,1,0
15605,3.57,91,10,385,511,3.14,1,1,0,0
8482,3.52,411,13,153,384,2.07,0,1,0,0
21184,3.58,458,7,430,107,11.21,1,0,1,0
8463,4.92,395,10,413,367,13.81,0,0,0,0
16860,4.73,447,0,186,434,5.84,0,1,0,0
7912,2.49,246,0,477,483,1.4,1,1,0,0
7648,3.11,257,3,129,215,2.76,1,1,1,0
3855,3.27,186,7,109,147,1.98,0,1,0,0
5866,3.08,420,2,56,233,9.09,1,1,1,0
14834,4.4,123,0,329,542,4.59,1,1,0,0
19294,3.57,259,10,70,405,13.51,1,1,0,0
19566,3.72,168,11,79,175,2.85,0,1,0,0
6112,4.56,428,8,91,276,13.99,0,0,0,0
7492,4.42,364,8,147,187,5.32,1,0,1,0
18114,2.4,110,8,326,125,13.08,0,1,1,0
4517,4.14,289,8,81,265,14.26,0,0,1,0
19018,3.31,86,1,324,533,14.8,0,0,0,0
24386,2.88,12,13,198,402,12.15,1,1,1,0
20740,2.15,262,13,47,364,1.97,1,0,1,0
23013,3.46,287,10,259,162,1.3,1,0,1,0
23012,3.07,22,10,439,406,11.23,1,0,1,0
14431,2.75,432,10,251,528,13.51,0,0,0,0
11210,4.08,199,3,172,400,2.91,0,0,0,0
14595,4.31,241,14,439,224,14.15,1,1,0,0
15871,2.73,238,1,352,357,9.35,1,1,0,0
15743,2.15,302,6,463,93,2.3,0,0,1,0
12324,4.55,164,10,26,341,2.92,1,1,0,0
14531,2.03,225,2,84,493,1.46,1,0,0,0
9588,4.81,175,8,476,573,2.58,1,0,0,0
6311,3.88,28,6,142,126,11.12,1,1,1,0
3987,2.97,164,7,495,275,3.67,1,0,0,0
6321,2.74,22,8,55,369,8.64,1,0,1,0
18812,2.03,293,7,257,511,10.96,0,0,0,0
7615,2.71,476,6,497,599,13.48,0,1,1,0
18512,2.41,382,14,92,403,9.05,1,1,0,0
16146,3.84,43,8,49,508,8.76,1,1,0,0
16654,2.5,260,10,246,372,13.74,0,1,0,0
23125,3.59,179,0,322,456,4.78,0,0,0,0
6052,3.77,295,10,366,163,3.45,1,1,1,0
3726,2.89,138,14,304,452,13.16,1,1,1,0
6760,2.11,333,3,24,103,1.58,1,0,1,0
4875,2.11,247,3,84,404,3.25,0,1,1,0
16969,2.08,240,4,254,395,6.46,1,0,1,0
7033,4.22,105,7,134,300,5.74,1,0,1,0
8443,2.95,385,9,472,293,10.74,0,0,1,0
20373,4.39,418,0,338,551,1.83,0,1,1,0
6744,3.3,172,5,265,570,7.42,1,0,0,0
19977,3.36,48,8,368,164,12.22,1,1,0,0
4774,3.54,122,9,459,464,10.41,0,1,0,0
13651,4.14,34,7,36,83,9.66,1,1,0,0
3935,2.82,105,14,402,193,3.97,1,0,1,0
16395,2.36,475,1,326,294,6.21,0,0,0,0
6808,3.67,327,6,388,415,3.12,1,1,0,0
19715,2.98,415,4,56,246,7.88,0,1,0,0
14641,3.33,195,1,363,366,8.97,1,0,1,0
22086,3.94,108,10,391,574,9.65,0,0,0,0
17376,3.48,124,0,400,463,13.2,0,0,1,0
8889,3.86,326,1,238,596,1.4,0,0,0,0
8054,3.63,294,10,156,206,6.13,0,0,0,0
6868,4.22,431,9,265,512,9.07,1,1,1,0
23584,4.12,346,5,57,165,8.77,0,1,1,0
19585,3.6,36,10,270,124,0.81,1,1,0,0
21881,4.04,187,11,72,369,3.24,0,0,1,0
4842,4.62,336,7,416,314,12.76,0,0,1,0
13058,3.3,457,2,365,236,7.97,0,1,0,0
12101,3.24,387,4,328,485,6.5,1,1,1,0
15497,4.29,22,14,222,584,13.55,0,0,1,0
7658,3.75,397,10,394,201,1.59,1,0,0,0
14381,2.21,260,1,491,303,13.87,0,1,0,0
10544,4.68,193,11,394,102,0.9,1,1,0,0
10718,2.09,365,7,68,276,8.66,1,1,0,0
16851,4.25,151,3,141,558,8.55,1,0,1,0
20154,4.28,17,10,345,364,9.77,1,0,0,0
22539,4.86,26,9,438,597,0.93,1,1,1,0
14777,2.16,23,11,35,387,8.19,1,0,0,0
4628,3.79,28,5,288,424,2.15,0,1,1,0
3386,3.28,138,2,255,477,2.76,1,1,1,0
9031,2.99,495,10,140,543,3.62,0,0,0,0
9439,2.27,145,14,158,194,9.39,0,1,1,0
16392,3.69,122,7,106,529,6.16,1,1,1,0
23392,3.44,127,7,149,483,1.74,1,1,1,0
21850,2.31,367,2,271,308,4.69,0,1,1,0
5282,3.84,116,11,369,323,1.61,0,0,0,0
4856,4.21,131,8,294,144,10.13,1,0,0,0
18670,4.3,288,9,379,316,8.58,0,1,1,0
4998,4.72,205,12,320,82,6.41,0,1,0,0
8476,3.23,235,4,449,579,13.95,1,0,1,0
12428,4.86,41,9,66,116,8.02,0,0,0,0
7669,4.6,159,8,452,329,13.37,1,1,0,0
15336,2.89,251,6,98,82,8.9,1,1,1,0
12342,2.48,178,14,317,314,5.96,0,1,1,0
23702,3.31,124,14,436,496,8.32,0,0,0,0
10064,3.21,259,14,383,330,2.7,0,0,0,0
10446,3.73,275,9,444,222,10.28,1,0,1,0
20815,3.75,212,2,394,135,14.74,0,0,1,0
8624,4.25,450,5,472,140,4.09,0,0,1,0
10461,3.53,472,9,361,147,5.19,1,0,1,0
4819,2.31,323,1,238,158,6.39,0,0,0,0
13516,4.57,189,5,130,406,7.51,0,0,1,0
16749,2.93,57,11,246,446,10.93,1,0,0,0
20514,4.91,430,4,294,469,2.48,1,0,0,0
5658,2.35,202,12,275,368,4.89,0,1,0,0
6500,4.87,79,2,58,332,8.31,1,0,1,0
5120,2.27,442,13,154,174,9.05,0,0,0,0
7020,2.69,227,14,314,82,8.28,1,1,1,0
13213,2.14,389,6,117,125,6.81,1,1,1,0
6259,4.12,94,10,53,561,10.82,1,1,0,0
13081,4.55,423,3,494,497,3.46,0,0,0,0
4823,3.3,460,10,447,122,4.6,1,0,1,0
20858,4.79,406,13,472,285,6.95,1,0,1,0
21626,3.77,435,5,87,354,10.58,1,1,1,0
16467,3.89,3,8,210,176,1.69,1,1,0,0
22627,4.54,164,11,218,258,2.18,0,0,1,0
9990,2.89,425,13,67,227,11.84,1,1,1,0
24544,3.06,484,5,278,463,4.28,0,0,0,0
6134,4.72,299,3,232,151,14.47,0,1,1,0
21454,4.7,480,14,181,296,14.44,1,1,0,0
19743,4.93,380,9,132,512,10.45,0,0,1,0
18434,4.71,41,14,156,580,10.89,1,0,0,0
18007,2.38,284,1,336,112,9.94,0,0,1,0
13233,4.47,228,8,423,295,3.07,1,1,0,0
19378,3.23,402,14,443,180,7.76,0,0,0,0
4141,4.97,242,13,400,549,12.0,0,0,1,0
21019,3.42,211,3,31,259,11.73,1,1,0,0
23384,3.66,415,3,378,412,13.53,1,1,1,0
13135,3.59,299,1,257,567,13.56,0,0,1,0
15966,2.97,54,14,303,539,4.29,0,1,0,0
6361,2.23,335,4,195,456,10.96,1,0,1,0
10835,4.69,388,12,244,214,9.94,0,0,0,0
14172,4.41,368,5,477,489,13.34,0,1,1,0
19390,2.42,429,9,94,234,3.16,0,1,1,0
6267,4.33,459,5,154,359,11.23,1,0,1,0
9564,3.88,172,2,101,558,6.64,0,1,1,0
24312,3.23,276,11,102,278,6.22,1,0,1,0
21990,2.76,333,14,161,496,1.02,1,1,0,0
14411,4.58,228,14,228,177,14.44,0,1,0,0
8906,4.1,405,13,234,329,10.3,1,0,0,0
19028,3.64,29,8,422,184,9.07,1,0,1,0
22657,3.83,22,6,329,406,4.14,1,0,1,0
10611,2.27,4,12,274,561,10.05,1,1,0,0
20297,3.42,62,13,207,456,14.21,1,1,0,0
5011,2.58,220,2,266,94,2.87,1,0,0,0
20826,2.63,314,3,274,560,14.77,1,1,1,0
24930,3.98,477,6,342,95,6.7,1,0,1,0
14246,4.73,81,10,181,564,14.68,0,0,0,0
16790,3.21,493,7,364,358,9.69,1,0,1,0
14738,2.62,241,5,444,412,5.2,0,1,1,0
17730,3.95,252,3,434,336,5.93,1,0,1,0
14120,4.61,51,11,186,264,4.71,1,1,0,0
21213,4.24,320,1,97,106,5.35,0,0,1,0
11767,4.61,38,9,455,104,9.87,0,0,1,0
16703,3.61,464,7,194,141,0.74,0,0,1,0
3929,4.26,258,0,39,312,14.53,0,1,1,0
14951,2.42,425,8,115,543,11.64,0,1,0,0
23083,3.04,326,14,199,428,14.14,0,1,0,0
18845,3.17,410,7,114,365,10.9,1,1,1,0
20438,3.53,411,2,90,493,7.47,0,1,0,0
18747,4.79,491,9,209,485,3.25,1,1,0,0
8744,4.62,437,3,408,460,7.99,0,1,1,0
21284,2.4,478,9,460,249,10.82,0,1,1,0
12649,2.52,270,3,151,369,12.89,1,0,0,0
9980,3.07,436,1,158,595,5.2,1,1,1,0
10069,2.87,495,11,294,366,7.9,0,0,1,0
12591,3.84,71,10,121,386,9.49,1,1,0,0
22799,4.71,69,9,487,87,9.03,0,1,1,0
3442,4.89,219,4,302,436,1.26,0,1,1,0
7652,3.96,3,12,48,218,7.51,1,0,0,0
12370,4.51,349,11,37,590,12.23,0,0,0,0
10597,3.58,490,2,440,327,12.13,1,1,1,0
17325,2.62,400,11,464,262,7.85,1,0,1,0
7458,3.57,289,10,263,502,14.31,1,1,0,0
9591,3.67,379,0,194,476,12.48,0,0,1,0
19346,4.23,389,1,108,384,11.19,0,1,0,0
14826,2.66,291,10,39,98,7.98,1,0,0,0
21693,3.1,354,11,345,462,9.06,0,0,1,0
17138,3.09,230,6,375,305,3.74,0,0,1,0
20294,4.88,422,14,452,309,8.22,1,0,1,0
23724,3.33,79,0,418,574,8.13,1,0,0,0
23393,4.27,65,14,37,563,3.44,0,1,1,0
5169,4.25,135,11,57,438,14.29,1,1,1,0
21556,2.8,398,12,395,452,4.05,0,1,1,0
9313,3.72,190,12,108,157,2.01,0,1,1,0
11315,4.68,346,1,359,406,7.27,1,0,1,0
11036,3.43,335,13,169,355,10.45,1,0,0,0
3785,4.84,448,9,223,431,3.33,0,0,0,0
9139,2.64,58,6,252,261,3.15,0,1,0,0
9344,2.22,265,0,123,584,4.29,0,0,0,0
21800,4.67,6,6,463,468,4.89,1,0,1,0
23538,4.54,367,12,130,414,4.07,1,1,0,0
17973,4.98,201,7,244,525,7.33,1,1,1,0
8619,4.04,331,10,240,588,0.76,1,0,0,0
4936,4.81,464,12,469,327,1.77,0,0,0,0
6807,4.48,236,13,45,372,11.08,0,1,0,0
10151,4.53,267,1,83,217,6.48,0,1,0,0
12493,3.71,78,3,273,424,5.72,0,1,0,0
15355,3.15,45,6,268,116,0.65,1,0,0,0
6236,4.8,242,0,243,393,4.82,1,1,1,0
18848,3.3,287,5,333,299,12.41,1,0,0,0
5352,3.62,159,4,150,222,5.44,0,0,0,0
4932,3.34,114,10,49,483,14.47,0,1,1,0
13913,3.69,473,5,294,483,6.15,1,1,0,0
11556,3.41,461,7,29,558,7.23,0,0,1,0
24300,2.14,113,10,108,299,12.13,0,1,0,0
8498,4.65,125,10,449,446,14.75,0,0,1,0
13582,3.33,89,0,166,275,5.89,0,0,1,0
20330,3.77,60,2,146,111,2.24,0,1,1,0
16865,2.42,452,10,205,133,8.08,1,1,1,0
12569,2.01,499,12,143,502,9.08,1,0,0,0
20823,2.74,316,8,126,313,14.41,0,0,1,0
7857,4.11,101,11,360,189,6.5,0,0,1,0
3340,2.3,113,7,25,179,1.82,0,0,1,0
14181,4.73,173,3,70,290,9.94,1,1,1,0
19766,2.65,451,10,417,482,0.81,0,0,1,0
11491,2.61,91,13,333,229,6.67,0,1,1,0
3138,2.54,182,9,155,473,6.44,0,1,0,0
3358,2.04,384,8,21,337,4.19,0,0,0,0
24315,4.32,204,6,37,324,14.48,1,0,0,0
12714,4.63,362,1,268,229,6.35,0,1,1,0
22840,3.84,194,0,489,178,13.47,1,1,0,0
4627,2.56,304,0,204,182,7.97,0,0,1,0
18996,2.86,497,12,241,91,12.4,0,0,0,0
8004,3.43,24,2,247,305,7.05,0,0,0,0
16283,4.86,233,12,367,521,14.88,0,1,0,0
9652,2.74,15,13,438,227,9.78,0,1,0,0
22554,4.19,468,14,213,258,2.76,0,0,0,0
23219,3.32,140,9,331,86,0.59,1,1,0,0
5151,2.89,435,1,229,231,13.97,0,1,0,0
12429,3.37,107,3,318,432,10.46,1,0,0,0
17072,2.21,419,13,348,496,2.04,1,1,0,0
14927,4.4,455,14,495,275,11.28,0,1,1,0
9905,2.73,299,13,91,404,3.79,1,0,0,0
22218,4.18,338,7,136,561,12.23,0,0,1,0
15452,2.21,302,4,283,287,9.34,0,0,1,0
19212,4.87,379,4,24,382,2.29,0,1,0,0
21951,2.58,79,5,288,378,1.53,0,1,1,0
4307,4.65,75,12,26,505,7.26,1,1,0,0
17852,4.43,275,11,40,141,14.08,1,0,1,0
5660,4.9,401,14,496,274,8.69,0,0,0,0
13403,3.43,437,14,56,442,11.51,1,1,0,0
23114,4.18,267,4,192,157,7.31,0,1,0,0
13238,3.11,111,4,455,363,6.07,0,1,0,0
9207,2.55,408,14,451,136,12.42,1,1,0,0
22546,3.33,315,13,81,455,7.22,0,0,0,0
4140,2.5,499,6,225,455,2.55,1,0,1,0
4708,4.95,74,5,120,452,4.48,1,0,1,0
6630,2.29,213,12,138,323,8.64,0,1,1,0
22595,3.77,499,12,198,118,6.34,1,0,1,0
13485,3.88,365,13,151,388,5.81,1,0,1,0
15021,3.61,33,9,395,165,10.2,0,1,0,0
19859,3.99,140,10,361,178,9.73,1,1,1,0
10684,2.35,493,1,459,453,5.05,1,1,0,0
4207,3.67,165,12,94,574,5.71,1,0,1,0
16331,2.86,395,0,309,287,11.4,1,0,0,0
4960,4.82,230,0,64,162,13.86,0,0,1,0
3557,4.29,291,3,163,80,5.2,0,0,1,0
18883,4.92,27,1,156,516,4.73,1,1,0,0
16893,2.11,474,5,227,329,4.35,1,1,1,0
3882,2.86,294,11,250,489,2.55,0,0,1,0
7761,2.59,332,11,291,465,5.97,0,0,0,0
8867,2.03,426,8,114,163,7.98,1,1,0,0
15869,2.73,359,9,434,569,8.29,1,0,0,0
10166,4.04,90,10,416,318,10.52,0,0,1,0
15982,2.69,114,14,403,459,1.26,1,1,0,0
10929,3.53,158,13,280,470,8.64,1,0,1,0
8347,4.66,257,9,398,407,4.2,1,0,1,0
10269,4.08,372,7,146,559,3.97,1,1,0,0
16527,3.18,337,3,450,383,11.95,0,0,0,0
5454,3.12,89,12,186,361,2.73,0,0,1,0
23878,3.37,244,11,37,424,5.27,0,0,0,0
21330,2.53,297,1,167,214,9.75,0,1,1,0
15991,3.9,30,0,266,547,9.82,0,0,1,0
5808,3.09,316,6,149,440,1.2,0,0,1,0
9642,4.56,357,9,315,194,1.55,0,0,1,0
6825,4.27,311,2,433,265,10.0,0,0,0,0
6536,3.83,469,13,285,557,14.32,0,0,0,0
18309,3.09,227,5,339,80,14.98,1,0,0,0
6802,2.63,338,4,61,503,14.81,0,0,1,0
24083,4.33,127,4,222,349,5.6,1,1,1,0
21354,3.46,269,11,200,498,4.01,1,0,1,0
9142,2.67,269,1,368,406,1.93,1,0,1,0
22203,2.59,497,13,200,274,5.22,0,1,0,0
12094,2.5,412,8,315,334,4.51,1,1,1,0
3364,4.33,208,10,163,158,8.86,0,0,0,0
23642,2.69,177,3,451,177,5.85,0,1,1,0
22503,3.58,305,9,400,229,3.86,0,0,0,0
18688,3.35,190,0,80,526,9.38,1,0,1,0
4863,3.74,356,1,495,202,5.18,1,1,0,0
19499,4.63,456,8,228,438,5.63,0,1,0,0
10084,4.6,448,6,185,318,9.18,1,0,1,0
11016,3.35,67,9,389,283,2.21,0,1,1,0
5384,2.05,326,1,319,222,11.73,1,1,1,0
18072,3.28,266,6,162,266,14.5,1,1,1,0
6935,3.82,269,13,370,567,7.62,1,1,0,0
16127,3.67,361,3,80,201,8.62,0,1,0,0
17482,3.95,466,9,282,429,6.08,1,1,0,0
10742,2.46,359,1,143,179,14.37,0,1,0,0
19165,3.94,386,11,257,363,2.43,1,0,1,0
24826,2.55,127,3,49,463,12.3,1,0,0,0
5490,4.25,263,4,439,266,9.93,0,0,1,0
16324,3.02,220,12,274,87,11.98,1,1,1,0
21108,4.13,241,13,388,498,14.28,0,0,1,0
22151,2.14,484,3,109,169,7.69,0,0,0,0
4137,3.22,243,14,158,575,4.68,1,0,0,0
23501,4.12,426,2,398,195,11.8,0,1,0,0
6420,2.68,392,5,473,99,12.75,1,1,0,0
8845,4.39,18,0,381,211,10.45,0,1,1,0
24162,3.89,395,7,432,371,12.81,0,1,1,0
6906,3.76,154,11,367,433,11.09,1,1,0,0
23021,3.06,228,4,226,316,14.38,0,1,0,0
22337,3.45,367,7,112,302,8.77,0,0,1,0
15413,3.79,57,9,153,515,6.02,0,1,1,0
3276,3.42,280,3,387,118,10.37,0,0,1,0
21383,4.09,44,3,223,406,1.5,1,1,0,0
20611,3.3,101,4,326,288,7.73,1,1,0,0
9337,2.61,47,4,355,185,11.71,1,0,1,0
14944,2.64,49,10,129,328,2.95,0,1,1,0
23119,2.02,80,5,57,433,6.31,0,0,0,0
18906,2.9,299,4,476,549,5.58,1,0,0,0
20079,4.25,58,4,41,344,5.36,1,0,0,0
23536,4.38,160,12,244,543,9.93,1,0,0,0
15306,2.61,102,7,365,520,7.71,0,0,1,0
13503,4.88,333,5,457,363,12.06,1,0,0,0
22225,3.51,411,1,187,448,1.34,0,1,0,0
7208,4.75,273,3,154,574,7.08,0,1,1,0
14590,4.12,182,3,129,233,0.7,1,0,0,0
13886,4.17,416,4,243,395,3.7,0,1,0,0
15866,2.26,115,14,187,379,11.74,1,1,1,0
4088,2.66,361,14,126,519,2.04,1,0,1,0
6363,2.03,398,5,399,230,2.03,0,0,0,0
3024,4.15,444,10,43,485,6.32,0,0,0,0
12764,3.03,266,4,316,254,11.77,1,0,0,0
23620,4.36,163,13,326,134,9.75,1,0,0,0
12959,3.02,142,13,442,390,11.84,1,0,0,0
15935,4.46,436,10,377,233,1.22,1,0,0,0
11068,2.39,317,5,389,579,8.67,1,0,1,0
21619,2.52,303,7,230,580,7.07,1,0,0,0
10295,3.02,93,3,190,269,13.49,0,0,0,0
11392,3.23,249,10,88,585,11.19,0,1,0,0
14390,3.05,398,2,241,228,6.65,0,0,1,0
11448,4.29,446,8,462,87,8.53,1,1,0,0
23131,2.29,496,2,172,548,6.66,0,0,0,0
13433,3.05,342,10,369,400,6.9,1,1,0,0
18038,4.51,426,7,395,530,9.69,1,1,0,0
22559,2.2,305,9,300,207,3.64,0,1,0,0
14528,4.83,315,11,220,366,5.33,0,0,1,0
24281,4.96,239,4,238,166,4.55,1,0,0,0
24421,2.27,58,8,427,160,12.11,0,0,0,0
18743,2.87,14,2,465,331,14.16,1,1,0,0
11605,3.12,284,9,123,269,6.51,0,0,1,0
5014,4.33,202,9,318,563,1.62,0,0,1,0
4381,3.79,236,7,334,458,1.86,0,1,1,0
4098,3.93,465,13,329,535,6.29,0,1,0,0
22810,4.27,295,12,354,87,6.23,0,0,0,0
23039,2.35,286,12,249,397,2.62,0,0,1,0
12101,4.5,72,6,429,413,12.2,0,1,1,0
3187,4.12,213,11,73,309,7.75,1,0,0,0
14948,3.73,10,6,208,587,2.08,0,0,1,0
13207,4.67,336,13,241,554,1.93,1,1,0,0
24793,4.1,224,10,94,485,6.97,1,1,0,0
5092,2.61,317,9,368,366,2.19,0,0,0,0
21514,3.29,202,8,482,525,8.64,1,0,0,0
8242,3.48,230,11,191,422,6.08,0,1,0,0
11549,2.17,391,7,412,404,13.84,0,1,0,0
8185,4.86,50,2,61,246,6.57,0,0,1,0
18271,2.39,56,13,176,375,9.41,1,0,1,0
8776,4.09,131,12,354,262,12.26,0,1,1,0
15449,3.52,419,5,100,165,4.89,1,0,0,0
10823,2.08,402,10,227,228,7.92,1,1,1,0
18717,4.77,279,5,333,138,2.25,0,0,1,0
10355,4.56,296,4,105,84,6.78,0,1,0,0
9465,3.57,304,2,251,162,5.95,0,1,1,0
15737,2.69,465,8,466,462,6.71,1,1,1,0
20881,2.36,224,6,196,558,2.06,1,1,0,0
16324,3.09,173,3,126,106,6.28,0,1,0,0
13350,2.77,291,5,158,493,13.12,1,1,1,0
5555,3.52,265,4,121,259,14.09,0,0,0,0
24793,4.9,246,0,492,543,4.01,0,1,0,0
5951,3.72,77,1,329,80,4.86,1,0,1,0
20622,4.67,134,0,49,350,0.64,1,0,0,0
7727,3.95,139,8,213,563,2.18,1,1,0,0
23349,3.43,341,8,340,127,5.5,0,1,1,0
8686,4.56,252,4,263,262,10.43,1,0,1,0
6701,3.41,474,7,333,452,4.74,1,1,1,0
5780,4.61,175,9,204,586,1.59,0,1,0,0
20972,2.87,420,3,312,585,11.1,1,0,0,0
5368,2.39,458,0,266,145,7.27,1,1,1,0
18592,4.57,419,12,137,131,8.03,1,1,1,0
3436,3.76,59,12,457,549,5.23,1,1,1,0
5828,4.67,460,3,92,322,9.39,1,1,0,0
4556,4.81,351,6,88,416,13.42,0,1,1,0
16364,2.16,253,10,261,200,8.53,0,0,1,0
18061,3.5,7,1,171,124,9.02,0,1,0,0
13576,3.12,390,1,338,131,5.92,0,0,0,0
19566,3.88,106,5,494,230,1.7,0,1,1,0
10190,4.38,170,8,113,492,6.71,1,0,0,0
8565,2.84,57,2,454,577,13.91,1,1,1,0
18369,3.67,336,6,290,288,10.36,0,1,1,0
24959,4.13,341,9,450,87,7.61,1,1,0,0
4589,2.4,429,14,476,470,9.5,1,1,0,0
3159,4.44,289,13,449,326,8.6,1,0,1,0
15145,3.82,83,8,248,474,13.73,0,0,0,0
18373,4.85,116,10,49,418,3.75,0,1,0,0
9555,3.02,199,12,132,491,13.39,1,0,1,0
19237,2.32,21,8,354,424,10.48,0,0,0,0
12203,3.52,218,10,167,375,2.35,0,0,0,0
11244,2.26,225,3,76,314,5.89,1,0,1,0
17743,4.91,404,1,196,524,6.83,0,0,1,0
16333,2.12,270,14,331,312,1.7,1,0,0,0
16341,4.26,388,0,75,389,8.54,0,0,0,0
21691,3.58,101,5,428,557,4.26,1,1,1,0
4228,3.11,144,4,284,593,7.14,1,1,1,0
8590,2.2,455,5,256,415,6.86,0,0,0,0
8585,3.87,146,6,297,131,8.06,1,0,1,0
12227,3.76,260,8,96,380,12.77,1,0,0,0
9046,2.84,278,9,440,322,11.82,0,1,1,0
15237,4.73,338,9,143,435,13.16,1,0,1,0
18649,2.91,13,10,47,521,8.8,0,1,0,0
7945,3.35,265,5,161,198,9.43,0,1,0,0
10927,3.63,286,5,177,488,6.74,0,0,1,0
15641,2.3,140,12,186,450,10.9,0,0,0,0
18998,4.8,382,14,204,152,3.47,0,1,0,0
16386,3.12,405,2,408,528,7.39,1,1,0,0
10016,2.24,292,12,31,550,10.86,1,1,0,0
17027,3.16,422,7,438,235,11.78,0,0,0,0
18920,3.8,393,8,188,389,4.1,1,0,1,0
16752,3.54,30,0,338,115,3.13,0,1,0,0
24470,4.08,170,5,445,327,4.68,1,0,0,0
21268,2.17,354,6,400,507,13.84,0,1,0,0
21193,2.85,204,10,468,123,2.37,1,1,0,0
6167,4.46,477,7,468,532,14.32,1,1,0,0
14989,2.24,481,14,125,198,14.92,1,0,0,0
17087,4.57,419,11,273,428,11.86,1,1,0,0
5437,2.28,290,9,446,467,11.53,1,1,1,0
18275,4.5,110,14,463,149,14.32,0,0,0,0
8276,3.08,67,10,423,533,4.71,1,1,1,0
11859,3.84,182,7,117,346,2.37,1,1,0,0
10818,2.46,372,6,138,517,12.43,0,1,0,0
7728,2.2,195,7,245,445,2.98,1,1,0,0
22008,2.65,125,10,466,266,1.16,1,1,0,0
8738,2.38,174,8,394,306,3.35,0,1,0,0
23616,2.94,261,9,171,140,6.85,1,1,0,0
8793,3.54,374,6,495,247,7.68,1,1,0,0
7523,3.77,411,14,222,211,1.41,0,1,0,0
8571,4.37,285,14,475,234,6.93,1,0,1,0
19209,3.97,154,2,182,86,9.26,1,0,0,0
18246,3.83,68,14,316,330,14.01,0,1,1,0
13380,3.24,107,8,141,341,3.8,1,0,1,0
5224,3.42,422,0,35,199,3.56,0,0,1,0
11389,3.24,34,13,397,127,6.15,0,0,1,0
18927,4.53,358,7,355,148,14.76,1,0,1,0
14684,2.69,43,5,125,341,5.38,0,0,1,0
13640,2.02,142,10,281,524,1.14,0,1,1,0
11662,3.95,210,2,39,558,4.35,1,1,1,0
9361,2.61,477,8,459,310,8.6,0,1,0,0
4948,4.67,485,5,263,303,6.48,0,0,0,0
15091,4.58,415,14,263,536,11.73,1,0,1,0
14992,2.23,487,6,478,445,9.31,1,0,0,0
9318,2.32,284,10,411,107,8.61,1,0,1,0
23180,3.49,446,1,231,180,5.18,0,0,1,0
15180,3.83,5,0,243,137,8.5,1,1,0,0
3234,2.82,217,0,372,103,9.43,1,1,0,0
18372,4.15,26,2,281,494,3.1,1,0,0,0
22991,3.78,226,10,239,306,11.17,0,0,0,0
3522,2.97,283,2,27,248,6.2,1,0,1,0
15718,2.08,388,7,465,568,11.26,0,0,0,0
24272,4.25,424,6,33,325,3.08,0,0,0,0
12821,2.64,55,14,406,442,10.02,0,0,0,0
8832,4.5,367,9,149,544,0.89,0,1,1,0
15820,3.26,309,7,41,509,2.81,1,1,0,0
19211,3.73,335,0,244,500,13.42,0,1,0,0
10122,4.62,104,3,254,100,7.19,1,1,1,0
8842,4.59,17,7,360,448,7.86,1,1,1,0
4316,3.11,204,9,473,543,13.66,1,0,1,0
16200,2.63,42,1,218,176,7.53,0,1,1,0
20508,4.33,88,6,153,571,9.99,1,0,0,0
24807,3.3,73,7,197,432,3.72,1,1,0,0
18206,2.58,156,13,63,174,1.68,1,1,0,0
21971,4.71,265,8,27,103,5.62,1,1,0,0
4378,2.59,133,6,299,459,12.08,0,0,1,0
22758,2.08,463,11,46,475,6.98,1,0,0,0
4519,2.06,88,8,456,483,2.94,0,1,0,0
10935,3.87,235,1,70,212,8.4,0,1,1,0
9093,3.99,131,10,431,133,4.33,1,1,1,0
8355,2.93,228,0,462,371,14.23,0,1,1,0
24352,2.96,33,0,88,191,8.87,1,0,0,0
12083,3.02,82,10,486,501,14.75,1,0,1,0
8574,4.04,416,11,476,210,1.12,0,0,0,0
23456,2.17,131,3,300,499,0.67,1,1,1,0
16324,4.79,427,0,63,357,7.42,1,1,1,0
5257,2.67,353,6,194,147,13.0,1,0,1,0
16411,5.0,203,7,138,482,8.1,0,1,0,0
18233,2.51,286,2,384,254,13.2,1,0,1,0
18887,4.31,335,13,395,359,2.39,1,0,1,0
23808,2.67,449,0,288,543,10.64,0,0,0,0
22621,2.24,496,2,200,469,10.07,0,0,0,0
23277,4.62,441,1,72,215,8.4,1,1,1,0
5005,4.58,315,5,312,488,6.37,1,0,0,0
21400,3.21,257,10,210,303,9.88,1,0,0,0
13860,4.11,291,6,213,267,8.48,1,1,0,0
13070,3.67,453,8,390,466,4.45,1,1,0,0
12388,4.56,124,4,59,88,2.02,1,0,1,0
21156,2.95,443,3,97,259,6.11,0,0,0,0
23360,3.57,150,0,208,523,7.93,0,1,0,0
21135,3.46,358,10,114,525,7.87,1,1,1,0
17609,3.06,246,13,409,195,6.67,0,1,1,0
19363,4.67,174,5,44,324,5.25,0,1,1,0
22604,2.5,371,10,122,362,5.58,0,0,0,0
19923,2.45,491,7,321,292,4.35,1,1,1,0
17823,3.73,356,3,178,530,8.91,0,1,0,0
20845,3.97,301,0,377,104,12.82,0,0,1,0
24568,2.58,79,13,227,312,13.26,0,1,0,0
11547,3.17,106,13,466,595,14.91,1,0,0,0
14515,4.84,299,4,366,367,1.79,0,1,0,0
3234,2.74,402,9,113,263,3.61,1,1,1,0
17562,4.01,304,4,343,330,11.09,1,0,1,0
20932,4.22,343,1,58,370,9.86,0,0,1,0
10480,3.34,57,5,355,438,2.44,0,0,0,0
7213,4.81,90,9,183,384,9.65,1,0,1,0
13293,4.21,134,8,410,429,6.39,0,1,0,0
4673,3.37,349,13,360,418,14.37,1,0,0,0
5100,3.71,168,5,341,558,12.9,1,0,0,0
14849,4.08,333,7,74,544,1.56,1,0,1,0
23132,3.78,121,9,91,209,1.8,1,1,0,0
22557,4.64,499,2,61,266,6.55,0,0,1,0
21199,3.07,235,9,430,500,0.62,1,1,0,0
6841,2.9,398,1,405,575,1.87,1,0,0,0
13197,2.64,75,3,345,314,14.02,1,0,1,0
11016,2.11,308,11,151,357,11.99,1,1,0,0
10011,2.13,476,8,40,181,10.25,1,1,0,0
7493,4.61,22,8,20,538,12.54,1,1,0,0
20058,4.04,332,2,185,311,4.13,0,0,0,0
11578,3.98,72,11,79,353,11.02,0,0,1,0
5158,3.84,87,12,95,444,9.43,1,0,1,0
22045,4.55,102,0,110,557,12.81,0,1,0,0
5064,3.44,93,0,417,547,4.6,1,1,1,0
6253,4.61,448,3,226,353,11.57,0,0,1,0
24363,3.08,315,3,107,407,12.86,1,1,1,0
15828,4.78,265,10,101,263,8.46,1,1,0,0
4401,4.1,252,11,36,273,6.5,1,0,1,0
22643,2.77,357,14,348,351,14.26,0,0,1,0
18193,3.69,57,9,450,379,2.95,0,0,1,0
15096,3.6,430,5,229,275,1.03,0,0,0,0
23307,2.41,398,4,331,410,3.1,0,0,0,0
7214,3.77,8,5,402,565,10.41,1,0,1,0
22611,2.94,12,9,72,578,11.94,1,0,1,0
14023,2.16,406,6,147,479,10.89,0,0,0,0
14950,4.85,416,6,165,476,6.59,1,0,0,0
13704,3.92,392,9,472,179,14.53,0,0,1,0
13343,4.63,130,13,323,160,6.94,1,1,0,0
14867,4.03,221,9,412,96,14.73,1,0,1,0
5745,3.07,328,8,329,291,13.81,0,0,0,0
6866,3.54,371,14,438,205,6.4,0,0,0,0
14956,4.03,152,5,267,209,2.83,1,1,1,0
8818,4.88,380,7,449,293,1.8,0,1,0,0
21606,2.76,366,1,20,208,8.21,1,0,0,0
19093,4.62,471,7,60,541,11.57,1,0,0,0
22176,4.77,479,8,92,136,3.05,1,0,0,0
18493,4.01,70,3,179,353,5.11,1,1,0,0
23447,4.79,419,14,231,418,9.64,1,1,0,0
20908,3.19,344,4,352,222,7.18,1,0,0,0
11224,4.86,19,4,315,502,9.26,1,0,0,0
7025,4.11,80,1,158,413,10.31,1,0,1,0
21950,2.13,437,4,465,212,6.02,0,1,0,0
22187,4.72,227,8,449,343,11.9,1,1,0,0
23093,3.45,345,3,323,226,10.69,1,1,1,0
9155,3.38,18,9,62,515,10.47,1,0,1,0
16839,3.7,443,2,198,91,2.67,0,1,1,0
3719,2.45,164,13,208,134,7.38,1,0,0,0
17890,3.41,367,6,265,309,8.87,0,1,0,0
23963,4.49,386,7,317,201,3.78,0,0,0,0
20356,2.05,106,12,173,312,11.5,0,0,1,0
23102,2.82,376,12,123,241,2.26,1,0,0,0
23786,2.01,347,9,30,579,2.67,1,0,1,0
23936,3.25,213,5,44,258,6.49,1,1,0,0
21591,4.18,238,5,315,441,2.46,1,0,0,0
7426,4.4,146,12,44,287,0.67,0,1,1,0
15512,4.84,180,4,103,511,6.47,1,1,0,0
18064,3.83,429,10,125,535,9.9,0,1,1,0
16767,2.76,335,5,260,583,7.68,0,1,1,0
14308,4.77,439,8,138,233,1.26,1,0,0,0
14477,4.33,197,14,478,417,3.87,1,0,1,0
15903,3.72,484,1,127,372,8.1,0,1,1,0
11680,4.09,286,9,349,515,11.2,0,0,0,0
5204,4.77,52,10,199,475,12.01,1,0,1,0
24729,4.14,368,14,388,245,8.03,1,0,1,0
22660,3.11,239,2,150,531,9.87,1,1,0,0
4102,4.14,289,0,314,480,13.6,0,1,0,0
8243,2.12,286,3,110,194,1.45,0,0,1,0
9614,3.16,187,1,438,430,1.94,0,0,0,0
19299,3.22,394,5,260,339,7.14,0,0,1,0
11707,2.5,483,14,266,305,9.34,1,1,0,0
16913,2.07,5,12,187,565,0.57,1,1,1,0
24607,2.4,282,14,242,210,7.06,1,1,0,0
3630,3.96,262,0,488,343,3.01,1,1,0,0
14908,4.41,48,7,297,260,9.85,1,0,1,0
13847,4.96,351,9,209,428,4.38,1,1,1,0
12171,3.04,199,5,38,550,13.58,0,0,1,0
15721,3.8,59,8,33,240,1.43,1,1,1,0
19661,4.81,32,11,262,193,12.23,0,1,1,0
19616,2.5,302,5,128,97,6.19,1,0,0,0
12744,4.15,243,9,453,183,12.93,1,0,1,0
8690,4.26,171,6,209,265,12.32,1,1,1,0
16401,2.27,206,4,490,421,3.97,0,1,0,0
10659,4.58,374,13,237,541,1.23,0,0,0,0
13601,4.44,282,7,318,222,10.59,0,1,1,0
14704,2.1,477,7,330,532,3.46,1,1,1,0
3025,2.27,21,9,255,530,13.99,0,1,1,0
18384,2.15,46,8,187,141,1.47,1,0,1,0
16705,3.0,348,11,287,355,5.2,1,1,1,0
11652,3.53,488,5,212,374,0.68,1,0,1,0
23148,3.6,431,0,261,208,5.1,0,1,1,0
16379,2.8,157,8,181,443,8.35,0,1,1,0
24486,4.73,257,2,383,146,10.0,0,1,0,0
10006,3.1,142,8,358,126,11.03,1,0,0,0
22867,2.14,46,6,298,453,12.59,0,0,1,0
21378,2.9,26,13,474,216,2.11,1,0,1,0
11682,3.59,454,11,154,174,11.55,1,0,0,0
4072,3.22,26,12,212,317,4.54,0,1,0,0
3215,2.82,468,2,421,114,2.5,1,0,1,0
12915,2.39,396,8,411,375,4.35,1,1,1,0
12784,4.46,438,13,108,571,12.94,1,0,0,0
21990,4.99,144,6,61,337,9.6,0,1,0,0
17824,2.99,74,6,112,466,9.16,1,1,1,0
24165,3.14,186,6,234,349,8.98,1,1,0,0
6313,3.85,9,1,368,403,6.43,0,0,0,0
14033,4.16,120,10,20,126,6.55,0,1,0,0
12968,3.18,288,3,354,566,2.65,1,0,0,0
19241,4.71,461,9,418,490,5.32,0,0,1,0
8939,3.68,164,7,431,204,7.92,0,1,1,0
17696,3.35,381,11,183,291,9.29,1,0,0,0
17794,3.94,263,1,125,448,1.54,1,0,1,0
5295,4.86,160,12,251,345,5.34,1,1,0,0
4696,4.38,390,3,499,214,5.42,0,0,1,0
14185,2.12,417,9,65,394,7.97,0,0,1,0
21330,3.0,326,7,224,379,10.8,1,0,1,0
15001,3.41,390,14,40,377,9.71,1,1,0,0
17350,2.94,296,11,196,358,8.78,0,0,0,0
22167,4.1,117,2,186,453,4.73,1,1,0,0
6644,4.48,483,11,313,567,12.67,1,1,1,0
24625,4.19,310,5,284,141,11.89,0,0,1,0
9420,4.97,262,11,295,133,3.16,0,1,1,0
14837,2.82,83,1,359,417,10.0,1,1,1,0
22029,4.62,145,7,27,454,13.65,1,0,1,0
9353,4.3,492,7,289,553,6.82,1,0,1,0
13541,3.09,170,11,337,191,13.91,0,0,0,0
4932,4.2,488,12,231,348,0.82,1,1,1,0
14486,2.31,333,0,182,403,7.99,1,0,1,0
4757,4.37,423,2,330,164,4.22,0,0,0,0
8085,3.6,308,13,64,451,4.3,0,1,0,0
8637,2.88,13,14,424,154,13.22,0,0,1,0
4116,3.97,148,1,252,587,5.02,0,0,1,0
13759,3.92,368,6,72,307,0.84,0,0,0,0
14691,2.63,250,6,252,473,8.33,1,1,0,0
3492,2.09,56,3,457,94,14.58,0,0,0,0
11811,3.3,346,11,361,260,1.65,1,1,0,0
9474,3.71,301,11,190,587,4.65,0,1,1,0
17385,4.63,409,7,25,417,7.31,1,0,0,0
12738,4.78,346,2,458,342,12.54,0,0,1,0
24342,3.59,407,13,63,157,4.4,0,0,1,0
16979,4.26,132,8,110,308,5.48,0,0,1,0
14755,3.32,169,4,215,109,6.08,1,1,0,0
12797,4.24,101,13,23,453,6.0,1,0,1,0
17607,2.61,475,12,140,234,3.41,0,1,0,0
15867,3.11,105,14,82,264,13.78,1,0,1,0
22127,3.9,170,13,111,527,12.0,1,0,0,0
10866,2.05,127,1,266,526,14.65,1,1,0,0
18449,4.17,249,8,238,511,5.88,0,1,1,0
13685,4.51,31,0,461,248,1.16,0,1,1,0
8451,3.2,215,10,457,160,2.17,0,0,0,0
24642,3.34,261,7,356,289,5.68,1,0,1,0
11548,4.55,329,5,250,338,13.71,1,0,0,0
10186,4.33,493,11,313,365,14.73,1,1,1,0
9102,2.86,243,0,207,133,12.42,0,1,0,0
3619,2.97,450,13,327,548,3.96,0,1,1,0
3882,4.04,390,3,432,448,10.07,1,1,0,0
6642,3.69,284,2,187,179,9.15,0,0,1,0
4296,2.49,289,6,474,526,12.44,1,1,0,0
17122,2.93,262,6,283,271,7.89,0,0,0,0
5895,4.7,336,5,124,493,5.11,1,1,0,0
20313,4.06,332,13,243,561,0.78,0,0,1,0
8366,4.96,313,9,438,172,12.03,1,0,1,0
11711,4.3,84,13,485,332,8.19,0,0,0,0
22596,4.83,414,9,134,118,8.25,1,0,1,0
21793,2.65,328,11,398,437,14.38,0,0,1,0
11199,4.31,44,7,254,88,7.55,1,0,1,0
13717,2.06,302,6,291,267,5.08,1,0,0,0
6423,4.01,332,3,293,218,5.43,1,1,0,0
13211,3.41,464,6,462,377,0.67,0,1,0,0
15782,3.04,199,14,249,159,2.27,0,1,1,0
24542,4.59,200,0,236,335,1.14,0,1,1,0
15474,4.56,328,2,53,258,4.03,1,1,1,0
6667,2.07,167,1,407,336,1.44,1,1,1,0
11277,3.83,239,6,216,297,5.3,0,0,0,0
15424,3.1,371,8,402,346,2.33,1,0,1,0
21852,3.25,285,4,481,396,13.81,0,0,1,0
23003,4.5,189,8,468,363,14.11,1,0,0,0
21020,2.93,70,11,336,424,9.25,1,1,1,0
11155,4.83,144,12,233,154,12.18,0,1,1,0
6583,2.54,358,7,65,415,10.32,1,0,1,0
18515,3.99,485,0,424,442,12.26,1,1,0,0
7009,4.02,388,13,352,269,9.78,1,1,1,0
22710,2.76,208,10,259,551,6.74,1,1,0,0
13410,2.97,359,1,273,185,13.17,1,0,1,0
21601,4.5,377,5,247,149,6.85,1,0,0,0
7967,4.29,384,4,240,293,6.25,1,1,0,0
21753,2.99,207,14,398,596,9.55,0,1,0,0
23022,3.6,464,10,185,107,14.1,0,1,0,0
13695,2.19,221,6,92,394,6.91,1,0,1,0
12135,2.63,286,8,244,586,8.84,1,1,0,0
8722,3.46,162,13,105,315,7.64,1,1,1,0
18514,2.26,364,3,100,171,13.69,1,0,0,0
14128,4.53,71,7,463,442,10.31,0,1,0,0
7444,4.15,239,3,234,117,6.58,1,0,0,0
10618,4.83,413,2,183,570,9.3,0,0,1,0
23331,4.08,126,11,409,189,2.76,0,0,0,0
21060,4.82,486,1,259,223,5.46,1,1,0,0
4196,3.66,84,7,442,276,11.17,0,1,0,0
15297,3.8,14,14,432,125,8.65,1,1,1,0
5787,4.93,247,10,430,228,5.06,0,0,1,0
10927,3.93,481,7,88,217,5.75,0,1,0,0
22702,2.09,311,10,156,569,12.24,1,1,0,0
5176,4.17,443,11,171,481,8.34,0,0,1,0
23127,4.72,282,2,466,420,3.96,0,0,0,0
11792,4.39,1,0,422,381,4.8,1,1,0,0
23806,3.75,73,12,116,197,7.28,0,0,1,0
23208,4.01,63,5,398,230,11.56,0,1,0,0
12171,4.97,260,4,177,246,14.96,1,1,1,0
5451,2.27,346,7,205,504,3.19,0,1,0,0
3628,4.0,323,14,187,516,11.45,1,0,1,0
12821,2.85,238,5,263,153,9.45,1,1,1,0
10778,3.92,396,3,138,441,8.2,1,0,0,0
6696,3.82,336,9,215,175,14.51,0,1,0,0
23058,2.46,340,9,307,371,5.18,1,0,0,0
23313,2.62,278,11,388,256,3.07,0,0,1,0
22149,3.86,352,14,84,106,13.23,0,1,0,0
23753,2.38,433,11,181,384,1.5,0,1,1,0
15972,2.8,379,10,104,284,12.35,1,0,1,0
11307,4.51,462,1,434,299,9.04,1,0,0,0
7956,2.98,461,7,78,379,2.88,0,1,0,0
13195,3.46,200,4,481,337,3.8,1,0,0,0
20076,4.82,491,11,301,319,2.76,1,1,0,0
22546,2.68,292,14,169,308,10.92,0,1,0,0
4105,3.17,285,7,437,553,2.64,1,1,0,0
22392,3.82,220,14,140,235,10.38,1,1,0,0
21545,4.27,406,4,288,297,2.36,0,1,0,0
18417,4.7,161,5,274,544,12.13,0,0,1,0
17188,4.75,447,12,243,274,13.83,0,0,1,0
23083,4.33,182,14,74,349,8.61,1,0,1,0
15602,2.68,454,9,155,435,14.51,1,1,0,0
23170,2.07,372,13,209,555,6.16,0,1,1,0
12256,3.15,264,4,425,387,4.05,1,0,1,0
23584,2.42,497,10,272,488,3.07,1,0,0,0
17212,4.13,131,2,331,520,7.44,1,1,1,0
4913,3.98,321,9,103,564,2.4,1,0,1,0
24904,2.13,119,7,424,337,13.2,1,0,1,0
13593,4.51,379,2,373,249,11.88,1,0,0,0
4772,2.75,218,3,196,540,8.65,0,1,0,0
22164,3.3,416,5,113,190,10.96,0,0,0,0
15996,4.0,159,1,409,299,1.22,0,1,0,0
5871,3.29,299,13,54,84,3.45,1,1,1,0
16234,3.32,108,6,430,374,9.51,1,0,1,0
20044,2.2,237,4,231,537,7.42,0,0,1,0
13521,3.2,292,11,145,592,9.27,1,0,1,0
13642,4.29,474,9,388,291,1.79,1,0,0,0
4132,4.75,475,12,249,198,9.96,1,0,1,0
3699,3.24,66,4,187,464,12.15,1,0,1,0
17534,3.27,315,4,33,339,8.42,0,1,0,0
13230,4.11,186,12,93,478,5.68,1,1,1,0
9297,4.83,35,12,71,254,3.03,1,0,1,0
15839,2.8,48,1,381,493,4.35,1,0,0,0
10812,3.32,255,10,226,213,8.08,1,1,0,0
7557,4.39,434,12,315,181,4.21,1,0,0,0
5179,3.83,106,14,62,464,11.78,0,0,0,0
14030,2.33,7,14,387,534,2.41,1,0,0,0
12065,3.88,235,11,461,141,7.99,0,1,1,0
11275,2.56,177,9,22,86,7.69,0,0,1,0
20806,3.53,241,8,418,594,2.51,1,1,0,0
18089,3.59,40,2,448,411,14.93,1,1,0,0
6180,4.63,356,11,114,458,12.44,1,1,0,0
23700,3.39,244,6,414,524,6.1,0,0,0,0
9696,2.84,112,4,257,414,10.43,1,0,0,0
12583,2.69,364,9,186,547,10.89,0,0,0,0
19998,4.62,255,9,38,367,9.94,0,0,0,0
16869,2.51,165,4,226,91,6.77,1,1,1,0
14757,3.28,341,14,249,183,13.33,1,0,1,0
23954,2.56,77,3,423,342,11.69,1,0,1,0
19654,4.32,206,9,233,514,8.36,1,0,1,0
15258,3.42,310,5,474,252,0.54,0,0,0,0
5468,3.05,365,6,75,400,3.74,0,1,1,0
17208,3.08,195,6,353,124,7.88,0,1,0,0
18042,4.56,401,10,393,290,13.53,0,1,1,0
18639,3.66,320,11,151,496,9.62,0,1,1,0
14546,4.15,63,14,28,343,6.56,1,1,1,0
15327,4.69,139,7,250,380,1.19,0,1,0,0
17270,4.71,373,4,172,535,9.16,1,0,0,0
18523,2.99,424,6,450,305,5.59,0,0,1,0
17300,4.86,41,11,324,183,8.29,0,1,0,0
22991,2.07,372,13,430,300,11.61,0,1,0,0
13775,3.13,443,14,303,413,12.15,1,1,1,0
15265,4.69,305,3,491,497,13.03,0,0,0,0
22459,2.82,208,14,209,380,9.72,0,1,0,0
19673,2.82,466,8,35,564,13.63,0,1,0,0
9614,2.91,419,4,362,536,10.51,0,0,0,0
6252,3.84,303,2,449,515,11.87,0,1,1,0
10415,3.31,454,4,222,473,10.44,0,0,0,0
19662,4.18,72,8,193,122,13.14,0,1,1,0
14116,4.68,391,12,187,289,3.73,0,0,0,0
19964,4.02,152,12,358,90,11.52,0,0,1,0
7958,2.61,134,10,53,295,2.2,0,0,1,0
7276,4.8,361,7,490,243,1.83,1,0,0,0
7776,2.79,263,0,413,304,7.63,0,1,1,0
20208,2.45,215,4,248,325,4.85,0,1,1,0
6832,2.27,208,5,20,95,8.67,1,0,0,0
17901,3.69,203,14,341,273,10.33,0,1,0,0
8445,2.34,109,12,134,88,3.79,0,0,1,0
4380,2.42,30,9,233,593,10.65,1,1,1,0
12865,2.9,11,12,273,372,14.93,1,1,1,0
16926,2.84,126,10,164,163,11.52,1,0,1,0
22540,3.81,312,1,66,288,3.02,1,1,1,0
14580,4.45,193,13,299,137,9.69,1,1,1,0
23691,4.28,139,14,197,591,0.64,0,0,1,0
8634,2.79,26,5,232,410,7.31,0,1,1,0
8810,2.74,45,13,379,540,8.23,0,0,0,0
13179,4.9,134,8,304,404,14.6,0,0,0,0
15251,2.02,316,13,264,289,11.19,0,1,1,0
16131,4.64,441,3,272,204,10.74,1,1,0,0
22493,2.6,57,2,225,541,8.22,0,0,1,0
23466,4.84,12,8,91,369,7.94,0,0,1,0
15707,3.03,436,1,241,293,14.89,1,1,1,0
22624,3.32,99,11,361,511,0.81,0,0,0,0
21233,4.12,448,8,234,176,4.9,1,0,0,0
5749,3.76,48,10,379,328,2.44,0,1,0,0
16156,2.95,290,9,160,582,5.07,0,0,1,0
19589,3.66,93,10,467,584,7.22,1,0,0,0
23975,4.19,94,10,175,170,5.46,1,1,1,0
6450,2.13,144,1,241,246,14.46,1,0,0,0
10214,2.03,71,13,408,330,10.37,0,1,0,0
23195,3.37,450,12,349,526,11.06,0,0,1,0
14814,2.4,378,10,250,265,11.26,1,0,1,0
8141,3.99,9,13,412,328,13.54,1,1,1,0
5708,2.64,161,14,161,419,11.64,1,0,0,0
21375,3.3,213,9,377,525,0.73,0,1,0,0
18088,2.59,3,2,413,217,4.29,0,0,0,0
14834,3.65,223,12,436,188,14.84,1,0,1,0
15278,2.35,380,6,94,496,9.96,0,1,1,0
13014,2.07,28,1,59,505,1.49,0,1,1,0
6273,2.15,301,0,409,123,7.27,1,1,0,0
17367,4.86,202,8,292,421,14.72,0,1,0,0
7538,2.43,429,5,439,280,14.9,1,1,0,0
15541,4.13,76,8,89,457,6.77,1,1,1,0
11712,2.2,58,11,336,183,13.45,1,1,1,0
12168,2.32,444,2,130,537,9.08,1,0,1,0
23106,3.53,195,2,477,494,7.89,0,0,0,0
6551,3.39,321,9,452,481,6.47,0,1,0,0
15297,4.85,417,11,253,469,13.44,0,0,0,0
13965,4.83,106,2,216,441,9.51,1,1,0,0
5832,4.34,341,1,358,513,5.34,1,1,1,0
16422,3.81,388,12,218,462,7.63,0,0,1,0
3152,3.36,8,10,43,107,6.94,1,0,0,0
14156,3.07,19,5,326,186,7.04,1,0,1,0
14108,4.84,148,2,445,265,5.02,1,1,0,0
5800,3.81,382,4,166,274,9.68,1,1,1,0
8310,3.74,16,12,81,225,1.26,0,1,0,0
12944,2.7,11,10,478,207,13.35,1,0,1,0
5610,2.14,475,4,86,185,6.52,1,1,1,0
15067,4.84,81,9,49,495,12.11,1,1,1,0
4104,2.94,66,2,126,431,11.08,1,1,0,0
13728,3.33,132,2,185,462,7.34,1,1,1,0
23583,2.34,443,0,409,428,3.38,1,1,0,0
23238,4.51,52,5,386,560,8.65,1,1,1,0
10263,2.08,435,2,425,393,14.25,0,1,1,0
4914,4.5,205,14,140,439,3.19,1,0,0,0
22456,2.42,431,0,30,400,4.21,1,0,1,0
3406,4.66,473,12,91,463,14.9,0,1,0,0
16689,4.19,402,13,366,96,13.44,1,1,1,0
3166,2.49,232,13,272,449,8.47,1,0,1,0
3508,3.7,400,12,304,145,10.57,1,0,1,0
21045,2.94,53,9,138,192,6.92,0,1,0,0
6664,2.53,486,8,394,495,6.36,0,0,0,0
22873,4.58,489,10,27,150,6.93,1,0,0,0
16050,3.21,67,0,234,140,6.51,1,1,1,0
3680,3.2,489,4,240,523,10.3,0,1,0,0
21908,2.51,290,4,99,393,5.29,1,1,1,0
21504,3.15,343,14,438,562,2.98,1,1,0,0
24644,4.61,168,1,91,323,10.75,1,1,0,0
7357,3.09,396,13,219,596,0.95,0,1,1,0
4363,4.85,160,13,192,449,10.92,0,1,0,0
12523,4.84,14,12,308,396,4.32,1,1,0,0
5292,2.43,190,0,253,100,3.26,1,0,1,0
4538,2.53,14,5,280,310,5.99,0,0,1,0
6408,4.59,286,14,465,548,2.2,1,1,1,0
11752,3.18,362,6,440,157,6.08,1,1,1,0
21287,2.01,411,10,164,369,1.98,0,0,0,0
3174,2.82,9,10,41,297,7.51,0,1,0,0
5230,3.79,56,8,97,179,3.05,1,0,1,0
7287,4.4,198,7,249,228,2.38,1,1,1,0
23544,2.4,160,9,179,464,8.9,1,0,1,0
15112,2.33,262,2,33,234,9.57,1,1,0,0
10106,4.77,388,8,255,474,0.58,0,1,1,0
12689,4.25,473,0,167,455,6.12,1,0,0,0
15046,3.77,380,12,169,181,1.63,1,1,1,0
22555,4.31,252,5,49,171,11.21,1,0,0,0
20951,3.29,118,12,457,490,10.38,1,0,1,0
4151,4.28,79,13,180,485,1.22,0,0,0,0
10619,3.12,123,9,280,100,14.15,1,0,1,0
9033,2.73,312,1,37,487,14.42,1,0,0,0
11560,4.19,71,9,82,98,5.35,0,0,1,0
7946,3.26,469,8,449,232,2.39,0,1,1,0
4907,4.94,481,8,154,380,2.16,1,0,0,0
6490,3.05,167,7,176,492,12.69,0,0,0,0
21919,4.77,283,12,76,281,7.16,0,0,0,0
7173,4.8,493,10,450,218,0.64,0,1,0,0
14065,2.73,35,6,284,103,13.92,0,1,0,0
20677,4.39,311,13,273,91,9.09,1,0,0,0
7769,3.3,174,5,206,214,10.51,0,0,1,0
7796,4.75,198,1,387,160,12.44,0,1,1,0
16046,3.35,115,13,380,434,12.37,1,1,0,0
17211,4.23,423,3,398,149,1.6,0,1,0,0
22356,3.4,314,9,346,283,8.82,1,0,1,0
23306,2.68,426,6,218,358,10.6,0,0,0,0
7997,2.6,219,13,388,458,1.74,1,0,1,0
20376,3.28,378,12,190,373,3.72,0,1,1,0
11112,4.27,65,5,334,494,6.24,1,0,1,0
8287,3.82,264,8,25,507,13.35,0,1,0,0
13578,4.07,133,12,385,235,12.83,1,1,1,0
21624,2.85,118,12,275,356,11.84,1,1,0,0
20860,3.44,121,4,386,344,14.86,0,0,0,0
9426,2.13,320,11,328,128,4.02,1,1,0,0
14599,4.45,386,11,339,372,7.28,1,0,1,0
3389,4.97,457,5,267,100,6.98,0,0,1,0
3999,3.22,420,9,238,523,10.34,1,1,1,0
15812,2.03,382,5,23,551,12.83,0,1,0,0
18599,2.51,491,13,20,217,7.63,1,1,1,0
4855,3.96,86,7,345,309,7.63,0,0,1,0
11125,3.84,288,7,50,484,9.32,0,1,1,0
16794,4.36,136,5,340,436,11.27,1,1,1,0
5763,2.76,52,7,136,100,3.42,0,1,1,0
23047,4.29,204,6,472,184,14.45,0,0,0,0
7986,4.06,347,0,294,415,1.83,1,0,0,0
4481,2.97,50,4,216,503,0.83,1,0,0,0
6731,3.64,326,10,393,83,5.7,0,1,0,0
19835,2.44,409,14,344,548,10.67,0,1,0,0
22477,3.36,399,9,196,273,14.68,1,0,1,0
20266,4.64,39,9,306,439,14.03,1,1,0,0
23792,3.26,249,12,463,599,10.48,1,0,1,0
23452,4.52,217,9,255,152,6.83,0,1,1,0
13758,3.77,178,4,474,157,9.14,0,1,1,0
22661,2.58,38,9,98,147,14.55,1,0,1,0
19311,3.74,182,13,262,413,4.35,1,0,0,0
11566,3.52,223,8,330,164,7.44,0,0,1,0
14889,3.2,163,6,224,575,10.55,1,0,1,0
14254,2.36,233,6,479,158,0.65,1,1,0,0
24074,3.25,376,9,402,385,6.03,0,1,1,0
14442,2.22,192,14,230,99,8.73,0,0,1,0
16521,2.3,496,1,352,235,13.56,1,0,1,0
23979,3.25,84,7,110,196,14.88,1,1,0,0
7559,2.92,460,2,185,529,8.57,1,0,1,0
19199,4.78,242,14,180,107,14.2,0,1,1,0
10291,3.13,473,8,25,408,1.94,1,1,0,0
11160,4.27,172,14,160,443,10.67,0,0,0,0
3112,3.59,392,5,224,498,6.31,0,0,0,0
24515,4.11,36,8,480,101,11.39,1,0,1,0
22581,2.78,86,14,39,340,13.08,0,1,1,0
18924,4.83,128,8,119,139,1.28,1,1,0,0
19523,3.59,193,6,184,492,14.06,1,1,1,0
4424,4.49,318,9,64,242,1.49,1,1,0,0
22333,3.1,42,11,476,193,11.42,1,0,1,0
22552,2.3,411,7,356,433,1.5,1,0,1,0
13808,4.02,355,1,246,275,12.99,0,1,1,0
9043,2.02,158,4,334,124,3.47,0,1,0,0
9989,3.43,104,14,71,258,6.79,1,0,1,0
9261,2.58,452,2,165,572,14.02,0,0,1,0
3887,3.88,228,0,300,404,11.98,0,1,1,0
22488,4.94,216,12,142,449,11.89,0,1,1,0
19433,3.39,263,5,226,426,11.57,0,0,1,0
23335,4.45,417,12,490,194,8.76,1,0,1,0
22944,3.52,486,11,404,436,14.3,0,0,0,0
19402,3.49,48,14,316,246,12.56,1,1,1,0
24205,4.79,351,8,121,433,6.88,1,1,0,0
15253,4.67,441,1,293,194,11.27,1,0,0,0
21990,4.36,122,8,148,487,14.97,0,1,1,0
10846,2.89,458,7,186,402,13.13,0,0,0,0
9432,3.64,302,10,221,121,0.52,0,1,0,0
16452,2.67,24,8,434,539,11.2,0,1,1,0
16395,3.33,130,4,121,198,13.52,0,0,0,0
6765,3.45,428,12,90,529,5.25,0,0,1,0
21822,4.49,369,1,441,520,14.67,1,1,1,0
18950,4.69,435,9,27,268,6.32,0,0,0,0
15502,3.24,223,9,181,364,6.61,0,1,0,0
12741,2.05,499,5,92,183,2.83,0,1,0,0
8941,4.59,98,6,364,536,1.9,1,0,1,0
7855,2.52,351,2,46,390,8.28,1,0,0,0
18166,3.87,289,13,188,463,9.24,1,0,1,0
22145,2.07,484,5,282,244,5.82,0,0,1,0
23840,3.2,499,5,307,486,9.3,0,0,1,0
8788,4.96,196,7,92,555,6.22,1,1,1,0
3201,2.3,108,0,228,137,13.09,1,0,0,0
13561,3.27,347,3,118,495,14.33,1,1,0,0
19901,2.92,219,14,387,330,9.11,1,1,1,0
10737,4.72,263,0,419,299,12.71,1,0,1,0
4988,4.61,410,7,405,239,12.88,0,0,1,0
18441,2.71,207,1,446,266,10.85,0,1,0,0
14737,2.24,318,7,50,543,3.28,0,0,0,0
17256,3.88,81,2,355,577,2.75,0,0,0,0
23186,3.01,24,7,450,409,13.83,1,0,0,0
10162,4.02,185,5,52,428,4.34,0,1,0,0
16065,2.1,431,0,232,579,4.07,1,0,1,0
17114,2.4,384,6,164,569,2.91,1,0,0,0
11399,4.06,7,12,118,359,8.15,1,1,0,0
8633,2.64,123,6,329,243,10.32,0,0,0,0
8755,4.57,148,5,329,477,10.3,0,1,0,0
13825,2.18,97,14,454,147,4.29,1,0,0,0
7117,2.65,215,0,199,507,1.87,0,0,0,0
4518,5.0,100,4,154,511,5.0,0,0,1,0
19346,3.3,217,0,457,454,7.8,1,0,1,0
5600,4.11,366,0,496,502,9.38,0,0,0,0
16237,2.55,461,5,414,157,4.42,0,1,1,0
21579,3.83,412,7,209,567,3.16,0,1,1,0
6554,4.18,413,0,49,249,12.7,1,1,0,0
19193,2.94,258,1,101,117,12.94,0,0,0,0
22233,4.49,390,14,76,369,4.56,0,0,0,0
18253,3.81,355,4,193,250,8.62,0,1,1,0
19194,3.17,10,7,227,371,6.88,0,1,0,0
4742,3.67,415,10,345,501,2.56,1,0,1,0
4306,3.73,58,3,341,184,14.14,1,0,0,0
6849,2.5,249,14,202,485,0.64,0,1,1,0
15360,3.21,139,13,254,538,3.22,1,1,0,0
15768,3.03,334,4,126,327,5.51,0,0,1,0
16032,3.2,37,9,205,388,12.92,1,0,0,0
7195,4.28,121,4,285,452,11.94,0,0,0,0
24562,3.45,407,2,151,185,8.91,1,0,0,0
21939,4.82,64,5,349,394,10.58,0,1,0,0
21689,2.88,145,4,348,151,5.44,0,1,0,0
10619,3.25,301,14,337,457,14.14,0,0,0,0
12280,4.36,124,1,384,575,0.89,1,0,1,0
5642,3.64,311,13,190,264,1.96,1,1,1,0
12369,3.64,190,9,317,213,13.92,0,1,1,0
17296,2.16,262,13,43,253,14.2,0,0,0,0
18438,3.2,489,3,280,472,7.61,0,1,1,0
18674,2.81,360,10,374,143,8.86,1,1,0,0
7757,5.0,449,3,215,494,13.59,0,1,1,0
5994,2.93,295,6,118,482,12.87,1,1,0,0
18226,4.65,181,14,395,192,13.0,1,1,1,0
4271,4.03,158,6,352,144,5.89,0,0,1,0
4813,3.02,352,8,120,480,12.54,0,0,1,0
21845,3.63,307,14,371,369,1.51,0,0,0,0
23504,4.52,477,9,448,562,7.56,1,1,0,0
11475,4.65,286,11,462,499,3.94,0,0,0,0
7396,2.48,161,1,139,394,1.02,0,0,1,0
12283,3.02,262,5,340,168,9.45,1,1,0,0
16318,3.01,216,1,466,436,1.6,1,0,0,0
20200,2.13,399,8,396,597,2.24,0,1,0,0
3082,3.79,405,1,222,444,1.69,0,0,1,0
4920,4.56,483,5,109,346,14.64,1,1,0,0
10817,3.14,180,7,214,485,1.07,1,0,0,0
14683,4.22,90,5,196,218,4.41,0,0,1,0
14336,3.88,16,11,134,244,9.95,1,1,1,0
18596,3.13,124,14,352,185,12.44,1,0,1,0
5093,2.42,259,2,51,228,9.32,0,1,1,0
15905,4.13,444,4,387,264,14.66,0,0,0,0
11367,4.56,377,3,453,489,5.4,1,0,0,0
8285,4.06,354,0,234,280,7.34,0,0,0,0
13896,2.05,488,4,461,299,12.41,1,1,1,0
7937,2.65,213,9,327,549,10.38,1,0,1,0
19753,2.21,238,11,298,513,3.6,1,0,0,0
21202,3.71,179,4,262,108,7.73,1,0,0,0
21485,4.27,418,6,305,143,14.65,1,0,0,0
15977,2.33,171,14,89,175,13.01,0,0,1,0
22874,4.52,142,11,90,589,3.28,0,1,1,0
21163,3.67,316,6,130,419,3.11,1,1,0,0
10674,4.07,243,1,177,330,12.51,1,0,1,0
20748,4.91,231,13,56,358,3.38,0,0,0,0
6676,2.25,171,3,323,118,7.07,0,1,1,0
5426,4.7,276,0,435,148,3.12,0,1,1,0
5962,2.38,76,12,345,356,0.71,0,0,0,0
3859,3.18,302,4,54,199,13.19,1,0,1,0
15048,4.55,330,4,499,165,11.8,1,1,0,0
7138,4.72,48,3,479,256,7.32,0,1,1,0
5424,3.52,436,9,343,171,2.81,1,1,1,0
13409,3.78,247,11,435,499,12.19,1,1,1,0
7017,4.12,282,11,78,160,5.71,0,1,0,0
13451,4.5,286,6,393,420,10.1,1,1,1,0
13278,2.36,427,5,438,500,5.09,1,0,0,0
13996,4.43,31,12,387,307,6.77,1,1,1,0
4134,3.44,499,9,419,552,8.26,0,1,0,0
24550,3.35,157,2,394,167,11.55,0,1,0,0
8119,3.27,17,1,390,429,12.56,1,0,0,0
8694,3.53,380,14,226,269,6.93,0,0,0,0
24869,4.84,62,3,380,215,3.88,0,0,0,0
7164,3.64,127,8,455,404,2.73,1,0,0,0
21730,4.86,15,9,85,119,5.44,0,1,0,0
8039,2.54,162,4,281,366,12.13,0,0,1,0
24281,4.17,445,0,289,335,4.47,1,1,0,0
17631,4.44,250,10,252,499,1.19,1,0,0,0
13442,4.04,136,2,176,370,8.68,0,1,0,0
11252,3.82,317,8,125,395,0.99,0,0,1,0
24425,3.69,294,6,173,211,13.33,1,0,0,0
23285,4.58,178,2,37,382,10.33,1,0,0,0
20721,4.46,228,0,279,361,4.22,1,0,1,0
20568,2.37,370,3,332,571,7.3,0,0,0,0
23810,4.55,393,8,138,359,11.22,0,0,0,0
4551,3.24,179,11,328,579,13.78,1,1,1,0
15625,2.76,395,6,121,278,13.18,1,0,0,0
4629,4.61,71,4,44,454,1.51,0,1,0,0
20910,3.3,317,12,450,379,1.68,0,0,0,0
4361,4.43,386,10,199,378,9.17,1,1,0,0
7370,2.79,82,13,496,401,7.7,0,1,1,0
8283,2.01,378,5,181,189,4.75,0,0,0,0
10610,3.49,394,0,419,550,14.65,0,1,1,0
13558,2.3,135,6,369,491,11.32,1,1,0,0
17924,4.26,217,11,234,592,10.47,1,1,1,0
17839,2.83,108,4,402,559,3.13,0,1,0,0
14949,3.33,377,6,143,219,4.62,1,0,1,0
13626,2.26,406,4,311,583,9.27,1,1,1,0
4993,2.86,118,4,175,139,12.04,1,1,0,0
3869,4.34,393,2,212,262,14.0,0,0,0,0
4014,2.45,17,4,347,498,10.62,1,1,1,0
13103,3.94,331,7,72,306,6.57,1,0,0,0
19986,4.75,422,13,189,470,10.52,0,0,0,0
15013,4.04,153,7,354,223,1.5,0,0,0,0
3690,4.43,10,1,117,106,9.2,1,0,0,0
19873,2.33,137,10,166,587,13.47,1,0,1,0
13748,2.75,386,0,319,206,9.74,1,1,0,0
11024,4.68,61,1,49,535,0.61,0,1,0,0
19678,4.15,70,10,93,360,10.57,1,1,1,0
8488,3.92,60,6,191,474,11.03,0,1,0,0
23411,3.99,131,2,392,398,8.35,0,0,1,0
14035,3.24,60,7,430,520,12.33,0,1,0,0
22296,2.13,487,3,103,420,3.43,1,1,0,0
24128,4.35,391,9,492,198,6.43,1,0,1,0
21257,4.04,357,9,92,447,12.21,1,0,1,0
15855,3.42,268,7,251,464,9.25,0,0,1,0
22642,4.7,11,13,309,589,14.92,0,1,1,0
5817,3.01,34,1,146,237,1.5,1,0,0,0
23025,2.88,485,12,104,165,4.04,1,1,0,0
7458,4.62,437,13,273,440,3.39,0,1,0,0
8307,4.39,50,14,171,164,14.66,1,0,0,0
11933,3.54,42,4,331,438,13.1,1,1,1,0
21425,2.39,227,5,26,212,2.43,0,1,0,0
20063,2.65,110,0,471,466,5.63,0,1,0,0
13659,3.97,321,14,326,326,1.26,1,1,0,0
8738,3.16,14,13,155,220,9.67,0,1,0,0
8668,4.51,176,0,203,526,5.3,0,0,1,0
17427,4.85,161,13,480,155,4.23,1,1,1,0
10697,4.42,38,8,333,177,8.09,0,1,1,0
19446,3.13,25,4,360,382,12.04,1,1,1,0
10829,4.37,111,14,246,545,6.36,0,0,0,0
13751,3.05,452,14,344,134,11.48,1,1,1,0
16450,2.5,431,13,263,384,6.97,0,0,0,0
10352,2.1,472,3,283,114,3.61,0,0,1,0
16516,3.16,50,13,469,568,6.97,0,1,0,0
11326,4.71,481,0,270,219,8.3,1,0,0,0
6644,2.72,366,14,427,179,7.19,0,0,0,0
24354,2.62,387,2,189,452,4.48,0,0,1,0
11003,4.91,97,12,73,102,3.18,0,0,0,0
6278,2.08,410,3,419,363,14.23,0,1,0,0
10296,4.36,374,10,151,192,4.81,1,0,0,0
6074,2.96,169,10,334,452,10.73,0,0,0,0
16261,2.11,55,4,113,276,5.44,0,1,1,0
14173,4.75,220,13,65,243,14.56,0,0,1,0
11312,2.42,324,9,369,510,14.83,0,0,0,0
4637,3.66,145,11,118,89,12.46,1,0,1,0
16652,2.82,444,13,253,477,8.93,0,0,1,0
8103,2.2,259,4,288,231,8.36,1,0,0,0
20028,2.15,128,9,56,270,5.27,1,1,0,0
5032,2.35,49,7,457,356,2.27,1,1,1,0
5761,2.21,339,12,452,572,1.65,0,0,1,0
18195,4.28,325,12,94,322,7.25,1,0,1,0
21452,3.46,403,2,77,567,14.69,0,1,1,0
19625,3.03,19,6,38,355,4.08,1,1,1,0
5668,3.26,173,13,421,269,6.46,0,0,1,0
17638,4.79,282,12,207,386,9.8,0,1,0,0
18954,4.73,25,5,420,375,5.59,0,1,1,0
20186,4.15,159,9,158,313,0.55,1,1,0,0
24443,4.65,9,10,162,420,6.25,0,0,0,0
15356,2.96,81,9,475,272,12.17,1,0,1,0
3195,3.14,255,9,127,443,14.19,0,0,1,0
5187,3.84,104,10,240,337,4.49,0,1,0,0
14707,3.87,139,5,164,590,13.86,0,0,1,0
5330,3.45,201,9,365,310,13.07,1,1,1,0
24225,3.2,343,8,395,93,6.4,1,0,0,0
6606,4.96,23,13,24,93,0.57,0,0,1,0
3060,4.46,372,14,464,289,12.75,0,1,0,0
17387,3.3,434,6,407,119,4.66,0,0,0,0
6927,4.18,421,12,75,113,11.46,0,1,1,0
9296,2.81,45,10,274,313,8.79,0,0,0,0
16622,2.3,216,6,491,369,3.71,0,0,0,0
17125,3.06,391,10,478,512,9.9,1,1,0,0
5591,3.21,54,13,241,397,11.59,0,1,1,0
15127,2.05,77,0,379,487,7.38,1,0,1,0
18748,4.44,490,0,67,159,11.34,1,1,1,0
9121,3.08,158,8,323,255,6.37,0,0,1,0
4200,3.74,343,8,182,364,14.71,0,0,0,0
18721,2.22,271,11,255,397,3.98,1,0,0,0
22238,2.52,147,10,267,489,11.78,1,1,1,0
14087,4.67,37,9,384,221,11.37,1,1,0,0
9972,3.83,110,2,436,326,8.18,0,0,0,0
3136,4.85,14,14,119,256,5.58,0,0,1,0
20413,5.0,77,10,40,423,6.96,1,1,1,0
18346,3.12,75,10,121,343,9.63,1,0,1,0
21978,2.9,417,7,24,247,8.19,0,0,0,0
3661,4.58,327,8,467,104,11.54,1,1,1,0
5472,5.0,274,0,216,389,5.73,0,0,1,0
3086,3.89,493,11,168,107,2.06,0,1,0,0
13704,4.39,196,13,364,449,7.83,1,1,1,0
9219,4.35,375,2,349,463,4.26,0,1,1,0
19322,3.07,218,12,397,373,9.44,0,0,0,0
17749,3.72,62,5,230,558,8.04,1,1,1,0
9968,4.5,360,14,179,116,11.79,0,0,1,0
22157,4.06,460,3,165,451,8.84,0,1,0,0
16596,2.06,31,7,77,181,6.75,1,1,1,0
4700,3.01,478,14,373,434,2.24,0,0,1,0
5700,2.43,232,8,259,544,2.24,0,1,0,0
14821,2.7,109,6,98,559,9.79,0,1,0,0
21031,4.72,164,10,171,295,13.27,1,1,1,0
24548,2.11,193,0,24,406,6.51,0,0,0,0
8520,2.66,6,13,402,326,8.2,1,0,0,0
14510,2.93,431,1,200,167,9.07,0,0,1,0
6687,3.85,138,0,371,413,7.42,1,1,0,0
19980,3.6,458,8,220,279,1.36,1,1,1,0
23929,2.65,342,3,458,462,9.04,0,0,1,0
11837,2.49,286,9,152,507,2.49,1,1,0,0
17955,2.71,427,13,472,414,8.56,0,1,0,0
14281,3.51,300,7,141,529,11.74,0,0,0,0
16917,2.81,455,4,188,295,0.58,1,1,1,0
7757,4.84,55,4,373,334,6.74,0,1,0,0
16045,3.39,159,4,410,584,11.31,1,0,1,0
23768,2.18,495,10,365,517,8.16,0,1,0,0
11912,4.19,148,4,404,549,3.91,1,1,1,0
7733,2.99,286,2,327,85,10.61,1,1,1,0
10081,3.96,256,5,117,298,11.86,0,1,0,0
11690,2.84,460,13,301,592,5.76,0,1,1,0
24113,3.71,138,0,396,592,4.81,0,1,1,0
4673,4.32,348,7,499,268,8.4,0,1,1,0
17318,4.78,323,12,466,326,5.8,1,1,0,0
14171,2.78,291,3,287,507,12.62,0,1,0,0
16545,3.0,334,5,345,442,11.8,1,1,0,0
14803,3.39,186,1,359,475,5.02,1,1,0,0
5294,4.78,322,1,38,215,7.13,0,0,0,0
6630,4.7,183,7,483,513,13.4,0,1,0,0
18093,2.27,306,13,151,397,2.64,1,0,0,0
19530,2.4,412,0,115,580,11.44,1,1,1,0
17453,3.49,468,7,229,428,5.09,0,1,1,0
15174,2.32,385,14,24,138,2.23,0,1,0,0
6453,3.04,261,9,396,219,2.2,1,0,1,0
7507,2.45,414,9,147,283,4.51,0,1,0,0
13602,3.91,309,14,73,237,8.45,1,0,1,0
8628,4.85,343,0,217,409,13.66,1,1,0,0
11328,4.99,423,14,460,275,4.89,1,0,1,0
18534,3.13,144,8,225,510,3.39,0,1,1,0
22744,3.8,260,0,199,598,7.44,1,0,1,0
22389,4.57,1,3,260,551,2.77,0,0,0,0
6552,2.35,313,8,293,537,4.44,0,0,0,0
19402,4.07,11,0,339,124,14.81,1,1,1,0
5242,3.23,260,8,157,117,8.59,1,1,1,0
17665,2.62,361,13,42,420,11.87,0,0,1,0
8097,3.21,443,7,139,381,3.57,0,0,0,0
11640,2.23,168,4,134,272,8.04,0,0,0,0
4948,4.09,147,5,101,211,7.9,0,0,0,0
8618,2.76,199,4,215,547,12.28,1,1,0,0
7236,2.93,384,3,199,249,0.81,0,1,1,0
4920,2.36,311,11,371,344,12.98,0,1,0,0
14169,4.59,69,9,194,278,1.65,0,1,1,0
7188,3.48,311,14,217,362,13.79,1,0,1,0
15207,3.72,53,14,45,484,2.57,0,1,0,0
3238,3.71,394,13,473,559,8.22,0,1,0,0
3204,3.23,258,12,118,283,1.94,0,0,0,0
13799,2.58,350,11,252,550,6.98,0,0,0,0
8552,4.24,27,3,446,428,4.84,0,1,0,0
7927,2.38,366,13,472,122,6.59,1,0,1,0
14164,2.31,362,9,210,561,8.4,0,1,1,0
7390,4.13,119,7,481,456,7.16,1,1,0,0
22071,2.63,132,7,85,157,0.84,1,0,1,0
24335,2.92,379,8,265,115,13.02,0,1,1,0
18641,3.43,89,2,123,462,1.88,0,0,0,0
9160,3.35,15,9,210,253,14.72,1,1,1,0
24772,4.13,286,14,160,409,12.84,1,0,1,0
18810,3.87,283,7,198,134,8.64,1,0,1,0
8126,3.93,390,14,280,358,4.06,1,0,0,0
3816,4.14,229,2,194,538,1.75,1,0,0,0
16414,2.88,136,1,439,534,10.24,0,0,1,0
3192,2.97,294,1,183,571,3.42,0,0,0,0
21160,3.31,226,8,453,153,11.13,0,1,1,0
6645,2.92,426,3,459,534,12.57,1,0,1,0
15816,4.95,26,4,38,234,14.84,0,1,0,0
9314,4.44,331,1,39,598,7.81,0,0,0,0
21172,2.49,116,8,425,454,14.63,1,0,0,0
10374,2.02,88,6,306,385,2.67,0,0,1,0
6700,2.13,106,2,380,422,12.63,1,1,0,0
13655,2.73,220,5,258,123,5.72,1,0,1,0
18129,2.34,222,6,465,520,5.79,1,1,0,0
12359,3.6,121,13,63,176,4.4,0,1,0,0
6893,4.57,381,11,215,244,3.01,1,0,0,0
9811,4.21,353,5,214,182,6.91,0,0,0,0
12288,2.65,32,9,376,515,14.82,1,1,1,0
22063,3.2,90,10,364,460,5.28,0,0,0,0
23288,3.52,183,9,68,526,7.19,1,1,1,0
3504,4.43,375,5,78,86,3.81,0,0,1,0
12813,4.52,257,12,151,173,5.39,1,1,0,0
17671,4.73,397,14,392,523,1.3,0,1,1,0
13738,3.53,12,7,186,558,14.36,0,1,1,0
14186,4.08,23,13,154,573,7.89,0,0,1,0
9773,2.34,324,7,474,116,11.13,1,1,0,0
6816,3.7,33,4,452,177,7.94,1,1,0,0
3717,2.75,246,13,108,100,11.67,0,1,0,0
14676,3.3,342,3,290,311,8.24,0,0,0,0
7434,3.9,18,10,282,547,10.67,0,0,1,0
20042,2.77,29,4,450,433,10.43,1,1,1,0
8057,2.16,48,8,135,151,8.24,0,1,0,0
23392,2.03,426,11,215,431,3.84,1,1,1,0
7994,2.07,399,9,373,131,3.57,0,0,1,0
7234,2.03,179,5,393,301,13.18,1,1,1,0
6764,2.33,369,2,448,404,2.25,0,1,0,0
14181,2.72,371,2,127,539,8.61,1,0,1,0
7637,2.66,487,13,381,246,7.79,1,0,0,0
5104,4.96,225,0,422,362,12.08,0,1,0,0
12447,2.92,432,14,66,580,2.46,0,1,1,0
13674,2.38,394,14,260,446,10.47,0,0,1,0
21991,3.64,77,4,328,115,9.28,0,1,1,0
11385,4.57,495,5,249,334,10.67,0,0,1,0
14999,4.03,430,7,430,279,9.51,1,0,1,0
6719,2.89,206,10,408,110,8.66,1,0,0,0
5581,3.68,34,8,264,565,13.93,1,1,0,0
21949,4.14,249,6,335,338,5.56,0,1,1,0
5763,4.18,70,0,269,332,3.18,1,1,0,0
8991,4.0,412,6,96,573,12.03,0,0,0,0
13531,4.61,363,9,81,313,2.38,1,1,0,0
22790,4.61,309,8,78,186,10.36,1,0,1,0
14064,3.74,469,3,257,415,8.47,0,1,1,0
14312,3.29,278,10,208,132,0.52,0,1,0,0
7780,3.92,151,11,75,121,3.98,0,0,1,0
7177,4.45,226,6,97,339,7.69,1,1,0,0
18169,2.02,242,8,241,448,5.28,1,0,0,0
9476,4.98,9,0,66,289,6.69,1,0,1,0
21988,2.55,316,11,451,545,9.22,0,0,1,0
5382,3.41,391,9,157,121,11.1,1,1,0,0
19915,4.62,47,8,435,432,2.69,1,0,0,0
15508,2.68,111,3,468,338,4.6,1,1,1,0
3634,3.43,203,11,43,416,9.73,0,0,1,0
14996,2.4,476,7,48,474,9.03,1,0,0,0
17162,3.19,381,2,154,184,11.18,1,0,1,0
19386,2.53,156,1,370,203,9.79,1,0,1,0
17005,3.09,342,12,420,178,5.29,1,1,1,0
11397,3.12,25,11,369,85,7.74,0,0,0,0
15327,4.98,420,7,300,346,13.33,1,0,1,0
17394,4.98,479,7,495,122,3.2,0,1,0,0
5890,2.34,307,2,311,348,5.96,1,0,1,0
13858,4.18,165,12,208,274,12.71,0,0,0,0
11026,2.16,248,7,90,403,5.78,1,0,0,0
6306,2.09,261,10,438,144,6.48,0,1,0,0
3897,2.32,263,10,395,280,5.13,1,1,1,0
12277,4.9,16,5,487,321,13.54,1,1,0,0
12471,4.82,75,9,225,86,10.12,1,1,1,0
17896,2.58,445,8,261,298,3.53,1,1,0,0
18240,2.49,469,9,325,82,11.37,0,1,0,0
17683,2.72,253,12,203,543,1.06,0,0,0,0
3670,3.55,205,5,497,384,6.25,0,0,0,0
20889,3.71,33,7,147,393,13.69,1,1,0,0
14767,2.66,146,1,468,557,10.5,0,1,1,0
16006,4.27,325,0,249,490,12.0,1,0,1,0
24551,2.93,337,9,60,577,14.0,0,1,0,0
18768,4.77,227,9,300,436,11.73,1,1,1,0
24639,3.97,117,1,181,150,1.78,1,0,0,0
19633,3.31,164,11,411,92,3.84,1,1,1,0
4892,4.37,37,3,331,485,7.75,1,0,0,0
6439,4.45,398,9,359,596,0.7,1,0,1,0
5854,2.87,357,8,177,101,9.56,0,0,1,0
14577,3.02,295,6,343,388,10.03,1,1,1,0
14763,4.81,136,8,40,374,10.6,0,0,0,0
23176,2.49,308,8,366,110,8.56,0,1,1,0
14618,2.13,245,8,29,141,7.06,1,1,1,0
24714,3.36,197,7,106,300,12.91,1,1,0,0
11235,4.4,373,5,52,438,11.63,0,1,1,0
22996,4.32,65,13,478,462,9.38,0,1,0,0
5618,4.76,79,10,380,597,1.17,1,1,1,0
24062,3.6,51,9,358,416,10.56,0,1,0,0
6163,2.3,128,6,222,241,8.59,0,0,0,0
5942,3.77,413,14,23,237,10.56,0,0,0,0
4925,4.34,379,1,42,92,5.02,1,0,0,0
5972,2.28,367,10,216,265,11.77,0,0,0,0
14705,2.52,480,0,328,388,6.56,1,1,0,0
13640,2.04,0,12,388,227,13.47,0,1,0,0
13966,3.78,166,4,408,134,2.01,0,0,0,0
20374,4.66,15,7,293,589,7.53,1,0,1,0
14138,4.01,144,2,292,124,3.48,1,1,1,0
21196,4.95,111,6,461,165,7.08,1,0,1,0
18935,2.19,367,4,470,371,5.63,1,1,1,0
16145,4.71,101,11,126,343,12.15,0,1,0,0
3489,4.44,81,9,388,347,2.92,0,0,1,0
14748,2.94,405,12,397,304,9.18,0,0,0,0
23029,4.92,469,7,219,295,6.39,0,0,1,0
22275,2.86,98,5,459,310,8.01,0,0,0,0
6516,4.67,158,5,443,256,10.86,0,1,0,0
22724,4.64,39,6,362,596,5.68,0,0,1,0
9410,4.27,154,6,234,592,5.82,1,0,0,0
3053,3.69,35,3,21,183,1.61,0,1,0,0
21959,2.36,380,9,140,180,8.5,1,1,0,0
19999,3.6,246,11,122,384,6.55,0,1,1,0
8944,3.07,3,9,168,430,12.28,0,1,1,0
10404,4.38,496,9,455,530,6.87,0,1,1,0
3954,4.27,373,14,171,348,14.58,0,1,1,0
13625,4.73,452,12,72,451,2.99,1,0,1,0
4629,2.04,280,7,185,117,4.37,0,1,1,0
13973,4.43,350,5,423,142,6.18,0,0,0,0
9859,4.82,333,10,325,584,2.97,0,0,1,0
11841,4.37,413,12,186,344,14.6,0,1,1,0
13539,2.39,430,7,335,158,9.79,0,1,1,0
15682,2.24,248,6,389,264,0.66,0,1,0,0
6278,2.06,11,0,494,574,8.89,1,1,1,0
24839,3.89,282,3,383,449,11.83,1,0,0,0
23185,3.89,428,6,314,410,1.24,1,1,0,0
21945,4.96,215,8,90,519,8.88,1,1,0,0
9539,3.19,318,1,147,317,5.93,1,0,0,0
19754,3.0,310,14,52,371,8.93,1,1,1,0
3857,3.87,413,4,176,505,4.16,1,1,1,0
7886,4.48,81,8,349,374,10.16,0,0,1,0
15945,4.81,13,8,285,579,10.23,1,0,0,0
10485,4.41,55,5,223,116,8.32,1,1,0,0
16680,3.28,402,6,214,476,13.89,1,0,0,0
19767,3.9,341,8,406,475,13.69,1,1,1,0
17397,4.57,281,13,480,101,1.19,0,1,0,0
13744,3.47,198,13,128,419,4.7,1,0,1,0
7334,2.65,347,9,178,574,5.78,1,0,0,0
23674,2.51,165,7,302,482,1.3,1,0,1,0
22109,2.0,452,13,473,282,8.09,1,0,1,0
15226,4.15,291,9,46,425,0.86,0,1,0,0
16440,2.33,145,5,246,94,10.33,0,1,1,0
18020,2.73,440,5,271,109,0.54,1,1,0,0
7251,2.89,77,6,386,108,0.96,0,0,1,0
15180,3.68,111,6,284,239,12.59,1,1,1,0
19140,3.19,22,1,281,351,4.16,0,0,0,0
3922,4.02,374,8,153,499,1.68,0,0,0,0
22299,2.17,115,3,45,568,6.29,0,0,1,0
10957,2.37,141,12,62,255,1.24,0,0,0,0
22430,3.5,479,12,38,310,11.38,1,1,1,0
18796,3.01,196,9,35,397,7.67,0,1,1,0
4230,2.89,277,8,124,546,8.5,1,0,1,0
13627,2.2,27,14,298,519,11.42,1,1,1,0
13006,4.69,298,14,222,135,11.87,0,0,1,0
7933,4.08,75,11,227,410,2.48,0,1,1,0
17295,2.36,17,10,432,352,4.56,0,1,0,0
19377,2.2,99,14,185,100,3.05,1,1,0,0
23324,4.92,478,9,78,244,1.28,1,0,1,0
3203,4.04,460,2,67,571,8.29,0,0,0,0
19544,3.25,467,4,167,497,4.12,1,1,1,0
18899,4.11,123,4,296,346,2.73,0,1,1,0
6748,4.27,364,6,431,417,7.9,0,1,0,0
9718,4.34,291,11,197,267,9.69,0,0,0,0
21965,3.43,124,3,308,554,11.7,0,1,0,0
4093,3.29,6,10,133,287,0.75,1,1,0,0
18228,2.03,22,14,315,153,8.13,0,0,0,0
23884,4.78,161,12,237,473,4.37,1,1,1,0
19034,3.81,116,11,457,569,14.88,1,1,1,0
8710,2.61,369,3,285,105,2.78,1,1,0,0
12732,4.76,351,12,181,594,6.85,0,1,0,0
22259,4.74,20,14,348,336,14.57,1,0,0,0
6191,4.97,251,12,55,359,3.59,0,1,0,0
21221,4.62,325,0,94,112,12.2,1,1,1,0
3689,4.99,463,5,477,373,4.02,0,0,0,0
23143,2.73,482,3,154,387,1.59,0,0,0,0
5103,4.53,430,10,390,370,1.12,1,1,1,0
3365,4.47,308,14,291,383,14.26,1,0,0,0
17010,2.69,83,9,198,122,3.59,1,0,0,0
14767,2.3,361,9,493,559,4.73,0,0,0,0
19103,4.94,40,4,499,162,14.52,0,1,1,0
15742,2.89,202,13,464,283,10.03,0,0,1,0
15391,4.61,415,14,178,217,7.58,1,0,0,0
7172,2.01,127,14,262,162,6.81,0,0,1,0
18623,2.06,141,10,435,230,1.2,0,1,1,0
5378,3.4,343,8,320,398,12.66,0,0,1,0
20589,2.72,491,3,223,326,11.55,0,1,1,0
24372,4.07,102,0,302,116,1.82,1,1,0,0
15031,3.7,106,14,297,347,5.63,0,0,1,0
8669,2.23,478,10,162,194,13.34,1,1,1,0
5735,2.49,16,8,27,160,3.93,0,1,1,0
12867,3.16,24,4,471,415,9.36,0,1,1,0
11490,2.56,63,9,135,163,7.58,0,1,1,0
3956,4.38,456,12,411,233,12.37,1,0,1,0
12306,3.25,341,11,362,332,1.02,0,1,0,0
9623,2.28,374,12,392,581,12.33,1,1,0,0
17908,3.45,236,10,291,527,2.47,0,0,0,0
20858,2.27,175,6,195,352,0.72,1,1,0,0
7460,2.39,290,2,437,586,9.13,0,0,0,0
16986,2.72,292,3,233,211,4.25,1,0,0,0
15638,4.58,310,11,388,404,10.78,1,0,1,0
22212,4.77,400,9,234,430,7.31,0,0,0,0
5850,4.48,155,8,76,162,9.28,0,0,0,0
16299,3.0,384,9,408,205,10.5,1,1,1,0
13698,2.82,52,12,248,293,13.94,0,1,1,0
22348,3.65,72,0,319,541,12.44,0,0,1,0
7594,4.17,182,11,346,184,7.68,0,1,1,0
17282,4.98,368,10,56,450,6.85,1,0,1,0
19285,2.39,188,4,493,142,9.99,1,1,1,0
17334,2.15,12,7,399,548,11.14,0,1,0,0
9644,4.08,46,9,303,105,3.0,0,0,0,0
5850,4.5,447,6,343,80,0.97,1,0,1,0
17933,4.54,159,13,388,173,7.09,0,1,1,0
3165,4.04,283,13,243,531,1.94,0,0,1,0
13701,4.86,52,3,441,91,4.45,1,1,0,0
3919,3.53,286,6,321,377,8.98,0,1,1,0
11305,4.74,7,0,220,499,2.7,1,1,1,0
22888,4.9,71,5,119,246,0.91,0,1,1,0
20375,4.54,379,8,301,333,8.54,1,1,0,0
18715,2.93,97,2,94,373,7.26,1,1,0,0
6839,2.59,86,3,231,223,4.94,0,0,1,0
20642,3.64,329,7,456,288,7.3,1,1,0,0
14618,3.36,100,11,210,305,10.41,0,0,1,0
16519,4.63,495,4,387,537,2.08,1,1,1,0
24188,2.3,280,4,82,363,4.21,1,1,1,0
13776,2.77,370,14,131,565,12.03,0,1,0,0
3067,4.26,288,0,441,190,10.22,0,1,1,0
12788,2.28,236,5,162,429,4.36,1,0,0,0
8660,2.96,195,13,118,412,6.27,0,0,1,0
7478,3.16,390,1,284,159,2.24,1,0,0,0
11210,3.87,96,0,244,465,4.17,1,1,0,0
13922,2.47,449,5,94,483,12.7,1,1,1,0
6521,4.58,367,4,297,407,6.89,0,1,1,0
3572,3.34,429,12,217,373,9.78,1,0,0,0
10082,4.75,95,4,203,573,2.82,0,0,0,0
8395,3.4,260,8,312,263,3.16,1,1,0,0
18407,2.83,120,11,76,291,14.14,1,1,1,0
21642,2.43,365,14,268,330,12.7,0,0,1,0
14094,2.01,272,9,463,246,11.96,0,0,0,0
3650,3.6,331,9,133,241,5.28,0,1,1,0
8741,2.32,51,12,488,352,8.66,1,0,0,0
16281,3.18,395,2,159,498,7.64,1,0,0,0
9838,3.77,317,0,410,486,14.37,0,0,1,0
21971,2.83,162,13,469,471,3.97,0,1,1,0
6262,2.53,189,13,378,517,14.23,0,1,1,0
20722,4.32,276,7,60,166,10.75,1,0,0,0
7996,4.84,84,14,427,484,6.5,1,1,1,0
14826,2.3,193,11,493,354,4.36,1,1,0,0
5827,2.47,180,4,172,494,11.48,0,1,0,0
17211,4.88,20,10,465,406,12.43,1,0,1,0
8232,2.11,398,4,487,191,5.68,0,1,1,0
5217,4.93,202,7,251,381,2.99,0,0,1,0
22923,2.01,201,7,124,215,7.64,0,1,0,0
17232,4.62,465,10,125,412,7.29,1,1,1,0
17026,2.92,150,1,319,82,11.02,1,1,0,0
23767,4.82,383,2,149,241,14.61,1,0,0,0
22345,2.95,158,9,445,591,8.2,0,0,0,0
22610,3.96,309,9,180,156,11.11,1,1,1,0
16878,2.24,438,0,420,264,5.58,1,1,1,0
9837,2.73,25,14,397,559,9.19,0,1,1,0
10031,4.32,308,2,466,242,2.17,0,0,0,0
17806,3.59,65,11,425,100,12.32,0,0,0,0
6716,4.78,422,3,276,377,5.49,1,1,0,0
6414,3.29,262,10,248,378,1.66,0,0,1,0
20832,4.61,471,6,369,361,14.86,0,1,1,0
3570,3.35,166,8,473,551,13.58,1,0,0,0
22288,4.94,287,11,201,489,3.36,0,1,0,0
16288,4.88,153,4,33,471,5.77,0,1,0,0
21889,2.99,342,11,119,244,14.08,1,1,0,0
3917,4.66,205,0,244,161,12.05,0,1,0,0
13066,4.54,412,1,377,243,13.64,1,1,0,0
9982,2.63,152,9,250,183,8.66,0,0,1,0
9336,3.87,183,1,72,209,4.03,1,0,0,0
21062,2.22,158,8,25,199,3.79,0,0,1,0
19999,4.51,193,9,109,338,8.12,0,1,0,0
12941,2.52,1,6,83,183,13.9,1,0,0,0
15380,2.21,214,1,107,443,9.66,1,0,1,0
24133,3.2,174,0,52,448,1.0,1,1,1,0
22889,3.73,74,4,91,405,8.63,0,1,1,0
14667,4.56,284,11,63,264,9.32,0,1,1,0
7529,4.92,126,0,272,473,8.93,0,1,0,0
20519,3.32,489,8,126,423,10.52,1,0,0,0
15192,2.18,482,2,309,496,4.76,0,1,0,0
11566,4.25,48,1,437,310,2.58,1,1,0,0
10226,3.7,456,13,427,214,11.38,0,1,1,0
8162,3.34,31,12,21,124,3.35,1,1,0,0
19590,2.93,157,5,155,571,2.16,1,0,1,0
24259,3.51,14,2,136,501,5.71,1,1,0,0
4319,3.02,317,4,428,224,12.57,1,0,0,0
4141,4.27,333,9,140,396,1.69,0,1,1,0
7627,3.63,242,13,497,372,3.34,1,0,0,0
17501,4.63,16,7,307,545,7.39,0,1,0,0
5690,3.63,21,9,331,128,4.67,0,1,1,0
10323,2.71,243,1,113,538,10.96,1,1,0,0
6255,4.55,413,11,26,504,10.29,1,1,0,0
8213,3.67,80,12,451,147,12.72,0,1,0,0
7108,2.62,143,4,107,588,3.46,0,1,1,0
22404,3.87,435,10,201,289,9.91,0,1,1,0
21241,3.07,7,7,210,379,11.73,1,0,0,0
22173,4.53,447,0,476,203,1.41,0,0,0,0
23259,3.36,166,9,227,371,1.03,0,1,0,0
12802,4.18,286,9,405,500,8.61,0,0,0,0
23266,2.29,267,13,310,129,9.02,0,0,1,0
14413,3.19,288,10,373,262,6.2,0,0,1,0
17995,4.95,185,12,297,326,1.02,0,1,1,0
15583,4.43,11,11,486,167,6.33,1,1,0,0
8021,2.48,280,12,467,151,9.81,1,1,1,0
24119,2.83,421,11,334,370,10.68,1,1,1,0
21771,2.99,303,3,452,583,7.65,1,0,0,0
9582,3.95,465,4,71,392,8.11,1,1,1,0
16455,4.27,82,13,424,367,10.25,0,0,0,0
16117,4.25,54,9,415,587,7.01,1,1,0,0
21950,3.53,130,11,286,150,4.32,0,1,0,0
20359,4.43,124,13,263,240,3.73,1,1,1,0
4262,3.31,482,10,201,206,11.41,1,0,1,0
24431,2.37,324,2,230,535,7.57,1,1,0,0
10382,3.69,418,11,397,383,9.55,1,0,1,0
6327,4.86,50,1,217,569,7.33,0,1,1,0
21643,4.38,26,11,289,318,12.37,0,0,0,0
13020,3.74,164,2,52,255,7.7,1,1,1,0
20641,3.94,493,14,121,289,14.83,0,0,1,0
19848,4.79,468,10,352,438,4.02,1,1,0,0
17062,3.29,399,4,301,268,2.51,0,1,0,0
22678,2.99,475,6,417,588,5.92,1,1,1,0
9774,4.93,280,1,256,112,13.82,0,1,0,0
18160,4.59,32,12,235,580,12.86,0,1,0,0
4230,2.97,61,14,451,391,4.09,1,1,0,0
12076,3.39,144,13,340,230,9.2,1,0,1,0
6805,3.25,170,6,321,598,9.04,0,0,0,0
17715,2.45,285,5,146,190,4.75,0,1,0,0
8750,4.87,296,13,458,211,3.91,1,0,1,0
18627,3.21,116,6,113,599,6.16,1,0,1,0
16232,4.63,3,6,93,384,11.93,1,1,1,0
23240,2.57,65,8,147,108,3.28,1,0,1,0
6135,3.64,59,6,93,430,6.96,0,1,0,0
9953,2.07,392,13,495,597,7.48,0,1,1,0
23973,4.29,286,11,471,571,14.12,1,0,0,0
4546,3.74,344,12,481,487,4.9,0,1,0,0
18457,3.88,228,5,415,587,0.78,1,0,1,0
20478,2.16,99,9,457,184,10.56,0,1,1,0
5411,2.63,118,7,275,399,11.46,0,0,1,0
22001,2.22,68,6,467,125,10.69,0,1,0,0
17113,2.87,151,5,121,320,10.66,0,1,0,0
7145,3.88,279,3,66,349,7.51,1,0,1,0
5775,3.7,220,6,184,116,0.77,1,0,0,0
16193,3.84,497,11,477,284,11.08,0,1,0,0
15851,3.65,428,7,275,565,14.08,0,1,1,0
16070,2.82,222,7,444,189,2.78,1,1,1,0
22539,2.73,164,11,302,565,1.48,1,1,1,0
6970,2.41,441,11,445,397,4.35,1,0,1,0
17119,4.55,210,3,267,155,12.82,0,0,0,0
24799,3.85,278,9,223,577,2.04,1,0,1,0
7331,2.56,418,8,105,558,10.87,1,1,1,0
13295,2.53,62,2,343,468,1.41,1,0,0,0
4942,4.62,373,8,432,443,0.98,0,0,1,0
19575,4.23,369,2,183,388,13.42,0,1,0,0
16404,3.98,261,12,384,142,11.67,1,0,0,0
3861,3.22,5,6,76,346,9.18,1,1,0,0
12275,2.79,247,3,225,112,2.99,0,0,0,0
20033,4.94,228,4,415,119,4.54,0,1,1,0
7134,4.39,285,12,448,339,1.2,0,1,0,0
14803,2.91,256,14,167,346,9.86,1,0,1,0
18408,4.54,62,2,320,304,10.45,1,1,0,0
20420,4.28,391,1,298,462,5.24,0,1,0,0
19351,2.89,27,11,465,577,5.41,1,1,1,0
7131,3.28,344,7,489,84,9.62,0,0,0,0
21532,2.56,416,13,309,525,14.21,0,0,1,0
15057,2.33,52,6,40,367,6.22,0,1,0,0
14349,4.17,251,6,454,137,7.66,1,1,0,0
14486,2.8,37,7,156,151,10.63,1,1,0,0
8457,4.46,307,12,477,161,5.46,1,1,0,0
9079,4.99,333,0,388,356,13.1,0,1,1,0
15453,2.23,138,11,29,215,12.77,0,0,1,0
21814,3.42,385,7,327,193,10.28,1,1,0,0
21263,4.41,52,9,64,236,8.29,0,1,1,0
15158,4.37,93,11,455,475,14.76,0,1,1,0
18735,4.28,93,13,268,308,10.68,1,1,0,0
18830,3.05,451,13,49,334,9.83,0,0,1,0
18125,3.36,460,4,467,258,13.21,1,0,0,0
14905,3.78,262,7,244,308,8.55,1,0,1,0
15298,4.92,485,8,405,446,4.02,1,1,0,0
5011,2.98,322,12,196,110,2.5,0,1,1,0
6373,4.77,136,1,115,187,7.33,1,1,0,0
13335,2.81,461,2,448,361,7.98,1,1,1,0
13692,4.97,371,5,36,469,12.5,0,0,1,0
17527,4.01,446,8,47,483,2.52,1,1,1,0
15773,3.39,255,13,145,249,10.38,1,0,1,0
4289,3.84,394,9,320,254,4.91,0,1,0,0
4447,2.82,36,9,292,153,14.12,0,0,1,0
22583,2.82,141,7,206,533,7.32,1,0,0,0
22567,2.34,146,13,161,588,9.52,1,0,1,0
17139,2.34,7,12,391,319,9.93,0,0,1,0
16757,3.04,250,5,157,175,1.82,1,0,1,0
8462,4.29,134,4,481,593,12.86,0,1,1,0
22600,3.82,58,13,356,281,2.88,0,1,0,0
22520,2.31,122,12,248,116,6.26,1,0,0,0
22702,4.56,446,2,233,170,10.25,1,0,1,0
22166,3.8,262,11,293,312,1.3,1,1,1,0
10657,4.88,119,3,310,332,8.92,0,0,0,0
7920,4.01,438,12,451,450,6.44,1,1,1,0
13345,2.53,258,12,77,523,1.43,0,0,1,0
11417,3.42,322,6,390,520,11.03,1,1,1,0
20160,3.95,17,6,37,143,7.77,0,0,0,0
8208,2.08,300,2,199,84,4.9,0,1,0,0
3687,2.04,352,3,177,151,1.72,0,1,0,0
19913,2.39,484,2,275,476,8.44,0,0,1,0
24451,2.75,91,14,56,409,4.94,0,1,0,0
16223,3.29,163,14,315,226,14.23,0,0,1,0
11080,3.46,143,1,281,494,9.08,1,1,0,0
24902,2.41,334,5,98,428,4.63,0,1,0,0
21537,4.02,412,6,438,444,8.16,0,1,1,0
12486,3.79,314,3,173,495,8.32,1,0,1,0
9094,2.88,401,4,380,586,11.04,1,0,0,0
24158,2.04,432,7,366,329,13.58,0,0,0,0
10692,2.23,237,8,177,328,14.46,0,1,0,0
14088,3.18,173,6,94,430,10.91,0,0,0,0
6103,2.46,82,9,391,348,8.42,1,1,1,0
5440,3.13,156,13,427,527,3.76,0,0,1,0
23519,3.88,453,0,397,162,6.34,0,1,0,0
10124,3.64,108,10,74,486,7.59,0,0,0,0
24585,2.69,177,13,225,418,2.36,0,0,1,0
20228,3.03,249,2,234,159,4.22,1,1,0,0
17031,3.84,494,10,28,174,14.77,1,0,0,0
17536,4.58,252,4,125,338,11.47,0,0,1,0
3446,4.26,54,2,337,201,7.49,1,0,0,0
6915,3.66,154,14,386,203,3.78,0,1,0,0
18787,3.09,390,0,421,368,8.81,0,1,1,0
22493,3.1,90,1,264,541,3.86,1,0,1,0
20618,4.64,338,7,326,171,3.3,0,0,1,0
9587,2.12,125,6,122,103,1.86,1,1,1,0
3226,4.96,336,12,294,186,5.51,1,1,1,0
23527,3.99,168,9,344,131,8.35,0,1,1,0
14151,4.04,138,2,392,373,2.81,1,1,1,0
8558,2.11,4,3,357,379,3.41,1,1,0,0
14971,3.82,65,13,398,424,6.17,1,1,1,0
3186,3.45,110,12,52,461,7.6,1,0,1,0
17680,2.32,183,2,127,273,11.55,0,1,1,0
17559,2.83,267,12,441,515,8.72,0,1,1,0
14069,4.67,169,3,288,464,9.46,1,0,1,0
5535,3.65,361,7,452,451,10.6,1,0,1,0
4932,3.24,243,8,92,399,7.04,1,1,0,0
5032,2.22,330,6,365,318,5.48,1,0,1,0
4252,4.14,137,8,200,471,12.11,1,1,0,0
8509,4.11,27,13,404,364,12.51,1,0,1,0
8074,3.84,6,8,287,92,2.73,1,0,0,0
16900,3.53,397,6,171,464,14.32,0,0,0,0
17523,3.3,332,6,404,372,13.98,0,0,0,0
4881,3.78,452,7,87,336,13.13,0,1,1,0
3269,2.7,316,11,410,187,6.63,0,0,0,0
4630,4.82,50,9,391,262,12.71,0,0,0,0
23789,3.77,425,11,367,446,9.61,1,0,1,0
20958,2.93,135,11,216,364,3.48,1,1,1,0
16383,3.35,177,2,314,338,11.74,1,0,1,0
19152,4.42,128,7,51,252,6.39,0,1,0,0
14084,2.48,196,0,452,409,4.74,0,1,1,0
4695,2.88,266,12,434,531,13.24,1,0,0,0
22642,4.04,499,14,127,550,13.0,1,0,0,0
17821,2.95,106,5,98,160,13.03,0,1,1,0
6262,4.38,47,1,278,400,12.96,0,1,1,0
4445,2.39,137,6,385,520,8.54,1,0,0,0
19436,4.29,398,12,194,478,9.45,1,1,0,0
12949,2.21,102,2,386,267,14.26,1,0,1,0
24954,2.04,46,10,34,517,2.38,0,0,0,0
21050,4.69,476,9,70,527,12.19,1,0,1,0
9901,3.74,152,4,126,549,8.13,1,1,1,0
22169,3.06,367,9,229,540,14.69,0,0,0,0
3719,2.7,5,1,488,594,9.77,0,0,1,0
11597,3.85,10,0,221,316,2.86,1,0,0,0
9855,3.53,16,4,296,260,12.32,0,0,0,0
21678,4.97,142,8,237,489,10.25,1,0,1,0
11263,4.95,271,14,60,595,2.66,0,0,0,0
17520,3.91,311,8,395,151,0.63,1,0,1,0
14874,3.33,65,6,278,261,8.38,1,0,1,0
23866,3.47,419,13,404,183,4.0,0,1,1,0
17079,4.05,338,8,424,351,13.08,1,1,1,0
20082,2.3,421,3,222,366,4.14,1,1,1,0
10243,2.99,497,2,355,166,10.11,0,0,1,0
12018,2.23,468,10,118,465,5.5,0,1,1,0
19732,2.22,330,3,168,152,5.58,0,0,1,0
24758,2.59,255,14,124,389,3.14,0,1,1,0
15100,3.46,488,6,222,522,7.79,0,1,0,0
19691,4.35,126,7,114,315,8.9,0,0,1,0
22800,3.46,130,1,196,309,8.92,0,1,1,0
7820,3.01,481,4,84,333,12.92,0,1,0,0
14001,2.25,17,4,60,434,9.96,1,0,0,0
16907,3.65,206,12,243,574,11.23,1,1,0,0
22942,2.81,88,8,86,489,5.19,0,1,1,0
23862,3.84,437,12,399,278,6.6,0,0,1,0
14669,4.93,497,12,274,508,0.77,1,1,0,0
24004,2.33,242,14,499,554,1.65,0,0,1,0
18916,2.64,462,12,317,421,6.08,1,1,0,0
13878,3.42,349,2,88,553,3.54,1,1,0,0
5985,4.91,16,11,460,476,12.29,0,1,1,0
11112,4.32,465,5,190,505,10.31,1,0,0,0
11467,4.69,222,14,120,124,14.57,1,0,1,0
21931,3.0,369,9,159,422,13.36,0,1,1,0
3336,4.98,362,11,225,96,14.68,1,1,1,0
13165,2.31,209,4,339,298,5.8,1,0,0,0
22363,2.16,98,1,383,270,7.52,1,1,1,0
15768,4.57,12,1,326,470,5.9,1,0,1,0
6968,4.78,318,3,92,518,14.48,1,0,1,0
3910,2.27,269,11,79,576,6.34,0,0,0,0
21380,2.34,186,3,474,173,2.19,0,1,0,0
18632,2.1,419,14,355,174,4.13,1,0,0,0
19279,2.31,273,6,175,161,6.66,1,0,0,0
6129,2.63,132,13,143,419,9.24,0,1,0,0
8447,4.91,13,11,474,439,9.46,0,0,0,0
9129,4.0,280,13,33,191,11.5,0,1,0,0
8850,4.34,43,0,435,382,9.89,1,1,1,0
23588,4.33,376,10,283,130,7.63,0,1,0,0
10446,3.61,294,5,46,360,0.94,0,1,0,0
14949,4.39,395,10,264,192,10.58,0,1,0,0
11519,3.79,103,12,69,115,1.74,1,1,0,0
3314,2.94,444,8,206,157,7.3,1,0,1,0
14737,3.68,61,1,76,124,13.5,0,1,0,0
4134,3.6,52,11,278,383,9.15,1,1,1,0
13938,4.47,308,4,174,471,3.38,0,1,0,0
24260,4.95,411,9,497,94,12.22,0,0,0,0
18588,3.23,418,14,53,246,4.86,1,0,1,0
11347,4.29,117,10,45,142,8.87,1,1,0,0
8592,2.3,320,9,269,282,9.72,0,1,0,0
21108,4.33,130,3,443,236,11.1,1,0,0,0
22727,3.11,298,3,390,594,1.44,1,1,1,0
20270,2.12,305,7,105,357,12.89,1,1,0,0
13997,3.09,198,13,179,180,2.15,1,0,1,0
3721,3.83,392,5,444,248,1.87,0,0,0,0
12104,2.36,35,6,405,482,7.12,0,0,1,0
22741,4.77,278,10,386,220,5.9,0,0,0,0
3870,2.23,215,11,219,426,1.29,0,0,0,0
9751,4.79,73,8,125,272,2.91,0,1,1,0
19881,4.12,305,12,410,231,6.87,1,1,1,0
4756,2.99,54,2,294,465,12.52,1,0,0,0
4117,3.17,495,10,308,287,2.26,0,0,0,0
14601,4.22,380,1,277,467,2.02,0,1,1,0
5828,3.8,11,2,470,157,12.17,0,1,1,0
17996,4.01,82,14,239,251,7.64,0,0,0,0
21031,3.17,31,7,481,416,5.72,1,1,0,0
16878,3.46,407,12,34,510,7.19,1,1,1,0
9992,4.97,85,8,40,568,6.46,1,1,0,0
16778,2.64,450,9,353,185,11.84,1,1,1,0
9771,3.25,231,4,78,288,0.64,1,0,0,0
19526,2.88,410,7,379,427,6.78,1,1,0,0
22145,4.3,444,13,101,431,2.8,1,1,0,0
6435,4.29,274,10,137,127,4.97,0,1,0,0
9622,2.88,200,6,132,325,2.13,0,0,0,0
15852,2.24,50,11,314,110,6.69,0,1,1,0
17806,2.03,319,13,295,554,9.83,1,0,1,0
13623,3.28,255,11,276,556,10.09,1,0,1,0
23896,3.23,240,12,348,336,12.05,0,1,0,0
4848,4.97,204,8,284,205,12.32,0,0,1,0
5696,3.41,385,3,254,298,9.17,1,0,0,0
4717,2.77,419,14,70,324,5.62,1,0,0,0
22456,4.67,476,12,185,559,1.24,1,0,0,0
12259,3.47,383,9,250,522,1.02,1,1,0,0
5786,3.8,394,2,240,580,2.14,1,1,1,0
17154,2.29,481,8,290,306,14.77,1,0,0,0
16409,3.15,195,7,103,334,11.9,0,1,0,0
6791,4.83,451,14,249,149,6.37,1,0,1,0
6871,3.77,243,6,316,534,7.26,0,0,0,0
4806,3.03,319,0,241,81,11.19,0,1,1,0
20888,3.88,0,1,450,574,7.96,0,0,1,0
22692,4.73,88,8,173,404,5.73,1,1,1,0
16304,2.82,281,4,73,482,5.57,1,1,1,0
24432,3.52,138,0,138,208,3.54,0,0,0,0
21074,4.88,86,8,217,562,13.34,1,1,1,0
18549,2.52,1,0,442,225,6.51,1,1,0,0
6303,4.16,466,7,292,175,11.41,0,1,0,0
22497,3.84,348,4,217,580,8.82,0,1,1,0
19061,4.04,167,13,147,535,11.43,0,0,0,0
18198,3.05,118,10,111,483,5.15,1,1,0,0
20888,2.94,499,11,28,87,11.4,1,0,1,0
13655,4.05,387,5,494,299,11.95,1,1,1,0
11924,2.65,79,0,246,181,2.01,0,0,0,0
12940,3.26,110,1,65,81,1.83,1,0,1,0
6924,2.56,164,6,153,569,14.79,1,0,0,0
12783,2.02,381,1,471,279,2.21,1,1,1,0
7485,4.91,444,4,35,105,10.43,0,0,1,0
15629,3.3,218,10,234,429,11.34,0,0,0,0
16233,4.91,4,8,131,181,1.42,1,0,0,0
15901,2.42,398,4,362,410,11.32,0,1,0,0
3191,3.76,214,11,176,451,6.58,0,1,1,0
7917,2.6,496,2,444,276,4.48,1,1,1,0
8831,4.37,194,10,471,589,10.15,1,0,0,0
13160,4.35,465,12,337,109,12.58,0,0,1,0
23706,2.34,490,5,379,378,8.81,1,0,0,0
16682,4.74,281,6,395,212,13.12,1,0,1,0
15391,2.58,5,9,443,387,0.82,1,1,0,0
4874,3.84,378,13,465,100,11.21,1,1,0,0
12062,4.96,299,10,427,120,2.96,1,0,1,0
7763,4.65,57,9,409,577,4.65,1,1,1,0
13234,4.87,336,10,315,551,8.8,1,1,1,0
12221,3.03,301,7,217,387,4.48,0,1,0,0
14410,2.32,101,14,77,538,2.94,1,1,0,0
17519,2.57,425,2,417,593,13.34,1,1,1,0
4051,3.5,47,10,97,582,13.65,0,1,0,0
15225,4.38,369,3,261,123,1.03,1,0,0,0
12765,2.45,410,9,448,120,7.75,1,0,1,0
14382,3.98,275,3,386,342,3.45,1,1,1,0
15580,2.97,453,1,118,373,13.02,0,1,1,0
14989,3.02,370,14,25,88,7.21,1,1,0,0
14939,3.99,162,6,298,132,7.44,1,0,0,0
21489,3.4,331,11,337,207,9.6,0,0,0,0
3307,4.44,431,3,231,219,1.31,0,1,0,0
6359,2.47,450,3,292,311,2.35,1,0,0,0
6176,4.37,495,14,103,167,7.73,1,1,1,0
4251,2.19,195,14,131,280,14.52,1,0,0,0
8366,2.58,376,12,217,467,12.73,1,0,0,0
20901,3.97,435,11,379,440,13.4,0,0,1,0
9226,4.56,364,7,400,211,2.49,1,0,0,0
24689,2.76,323,5,47,256,14.4,0,1,0,0
17330,2.98,131,5,160,131,11.08,1,1,1,0
7891,3.61,422,10,432,101,5.22,0,1,1,0
7992,2.63,404,8,192,398,13.03,1,0,0,0
4961,4.43,491,3,39,247,11.34,0,0,1,0
15497,4.32,65,8,461,117,11.18,0,0,0,0
22247,2.44,399,0,484,452,11.15,1,0,1,0
13848,3.39,390,10,136,506,12.11,1,0,0,0
16255,4.32,82,8,73,245,14.25,1,1,1,0
7567,3.01,490,14,246,581,2.48,0,1,1,0
19079,3.9,480,0,128,154,14.99,1,0,0,0
9513,2.15,264,14,250,519,13.15,1,1,0,0
18235,3.83,228,6,339,344,6.9,0,1,1,0
23389,2.46,272,5,327,485,2.78,0,1,0,0
14755,4.49,218,6,248,322,7.08,1,0,0,0
14151,3.07,224,8,318,356,11.79,0,1,0,0
19567,2.84,112,9,106,387,9.24,0,0,1,0
6358,4.52,139,3,293,482,4.55,0,0,0,0
12590,2.15,184,11,247,509,6.4,0,0,1,0
13988,3.19,172,8,359,155,14.34,0,1,0,0
10678,3.11,375,2,329,418,12.16,0,1,0,0
8698,2.85,10,9,335,529,2.3,1,0,0,0
4273,4.74,396,10,398,158,8.41,1,1,1,0
14241,4.25,158,10,90,117,14.0,1,0,1,0
20480,2.19,204,8,247,397,1.0,1,1,0,0
12497,4.14,229,12,404,407,1.12,1,1,1,0
12107,3.58,25,0,132,509,10.89,1,1,0,0
14273,4.7,318,13,312,242,8.85,1,0,1,0
11002,2.94,158,4,324,437,1.17,1,1,0,0
7247,3.72,277,14,310,408,14.94,0,1,1,0
12220,3.5,389,9,124,493,8.91,1,0,0,0
24698,3.47,147,4,470,555,7.63,1,1,1,0
22738,3.37,468,0,310,535,6.99,0,0,0,0
13703,2.62,265,0,496,231,10.66,0,0,0,0
18472,4.27,82,2,28,494,7.15,1,0,0,0
19654,3.35,418,8,184,422,10.06,0,1,1,0
20570,4.88,25,6,79,465,7.58,1,1,0,0
15392,2.78,70,5,331,246,9.36,0,1,1,0
14956,4.05,36,8,125,551,12.18,1,1,0,0
18641,4.82,391,3,130,219,12.35,0,0,1,0
16998,3.99,132,3,108,308,12.81,0,1,0,0
9305,4.61,427,2,287,152,3.44,1,1,1,0
21782,4.48,483,4,249,507,1.39,1,0,0,0
15721,3.08,125,4,346,378,12.62,1,0,0,0
9995,3.8,114,11,90,315,1.11,1,0,0,0
15427,2.47,91,13,138,176,3.6,1,0,1,0
16782,3.61,241,9,407,557,8.13,0,0,0,0
23566,2.69,450,6,464,570,12.9,0,1,1,0
5230,4.23,486,6,448,375,13.5,1,1,1,0
9511,3.58,199,14,370,485,9.61,0,1,1,0
19512,3.23,206,5,453,526,14.52,0,0,0,0
12461,2.81,116,3,325,354,11.08,1,1,1,0
23056,5.0,218,6,122,99,8.15,0,1,1,0
7765,2.22,304,13,221,506,2.45,1,1,1,0
23354,2.13,242,1,451,440,6.72,0,1,1,0
16272,2.65,291,12,42,389,12.42,1,1,0,0
8552,4.91,463,11,109,435,4.61,0,0,0,0
3627,4.94,281,8,490,106,8.88,0,0,1,0
14989,3.96,300,6,112,126,14.76,1,0,1,0
16780,4.64,316,1,283,535,3.03,1,1,1,0
9589,2.64,171,9,486,191,1.97,0,1,1,0
5044,4.92,387,1,304,454,12.04,1,1,1,0
16171,2.43,75,12,190,394,0.86,0,1,1,0
21725,2.3,208,5,328,205,9.83,1,1,1,0
8884,2.34,313,10,409,86,5.37,1,1,1,0
11185,3.72,104,6,240,439,11.0,0,0,0,0
3249,4.34,491,8,43,441,2.24,0,0,1,0
22309,3.1,25,14,395,343,5.29,0,1,1,0
24427,4.93,350,3,221,354,0.75,0,0,1,0
20358,3.3,78,7,143,475,3.91,0,0,0,0
12175,2.45,499,13,161,392,7.51,1,1,0,0
19260,3.4,481,9,71,571,3.08,0,0,1,0
5672,4.04,127,14,89,483,9.2,1,0,1,0
10279,4.5,412,12,279,456,2.21,1,1,0,0
11662,3.38,136,1,205,399,11.31,1,1,1,0
4987,3.78,333,5,391,304,13.86,1,0,1,0
19474,2.8,35,3,226,535,6.1,1,1,0,0
15948,3.94,387,7,312,368,8.16,1,1,0,0
23443,4.96,58,8,323,360,7.58,0,1,0,0
16026,2.15,229,1,397,496,11.89,0,1,1,0
5773,4.66,420,6,58,563,14.92,1,0,1,0
16159,3.69,123,6,367,392,11.17,0,0,0,0
12878,2.76,87,7,85,136,3.61,0,0,1,0
13178,4.86,336,12,32,202,10.59,0,0,1,0
13377,3.45,140,4,213,369,9.43,0,1,1,0
23824,3.0,403,10,335,389,3.55,0,1,0,0
10347,2.54,272,12,401,307,3.99,1,0,0,0
4008,2.73,50,2,444,85,9.97,0,0,0,0
6783,4.5,474,0,307,522,12.21,1,1,0,0
7298,3.84,54,3,455,389,11.55,1,1,1,0
7668,4.74,416,2,152,81,9.29,0,0,0,0
23671,2.7,404,1,214,454,14.09,1,1,0,0
5052,2.36,336,5,341,325,11.1,1,1,1,0
4716,2.02,149,6,97,551,8.36,0,1,1,0
3310,3.52,152,9,269,383,12.33,1,1,0,0
17391,4.99,450,6,251,137,4.71,0,0,0,0
23922,4.08,218,11,199,304,4.32,1,0,0,0
4260,2.93,218,7,401,505,14.59,0,0,1,0
16157,4.63,365,12,196,281,14.27,0,0,0,0
23316,4.35,395,13,48,597,13.27,1,1,0,0
14460,2.05,398,1,185,109,3.61,1,1,0,0
19968,4.45,485,13,345,230,9.02,1,1,1,0
17011,2.9,467,10,245,189,8.26,1,0,0,0
5866,2.45,341,11,155,200,3.45,0,0,1,0
17365,2.68,257,9,206,320,6.99,0,1,1,0
8898,3.41,387,12,74,109,7.24,1,1,1,0
21395,3.27,44,5,385,545,3.99,0,0,1,0
9251,2.87,268,12,21,544,14.35,1,0,0,0
7939,2.52,310,5,429,316,7.64,1,0,1,0
7006,4.29,159,9,338,450,8.11,0,1,0,0
4625,4.97,277,11,36,228,9.18,1,0,1,0
13956,4.33,344,0,78,453,13.36,0,1,1,0
20274,2.89,474,1,107,595,8.23,0,0,1,0
9078,2.73,54,12,242,512,8.34,0,0,1,0
11923,2.65,144,8,291,331,3.98,0,0,0,0
6961,2.41,453,7,77,552,9.24,0,0,0,0
21888,3.65,234,11,211,125,6.03,0,0,1,0
11806,3.82,178,12,69,514,9.88,0,1,1,0
23190,4.12,207,3,232,355,4.86,1,1,0,0
21103,4.04,135,5,249,587,10.88,0,0,1,0
16558,2.88,444,1,173,174,9.47,1,0,0,0
9686,2.99,352,11,292,225,7.38,0,1,0,0
4587,4.04,393,4,389,481,1.9,1,1,1,0
12803,3.05,481,1,65,583,9.59,0,1,1,0
20280,2.64,274,14,381,494,12.96,0,1,0,0
24942,3.12,383,12,402,355,2.98,0,0,1,0
24031,2.82,397,4,471,405,1.73,1,1,0,0
13350,2.26,322,6,325,335,1.07,1,1,1,0
21816,4.49,182,6,446,592,0.96,0,0,1,0
23288,4.56,60,8,137,226,12.71,1,1,0,0
14454,2.66,439,2,195,374,11.05,0,0,0,0
18849,2.19,62,11,87,454,3.43,1,1,0,0
9837,4.22,360,3,270,135,13.8,1,1,1,0
4449,2.63,214,8,422,305,2.46,0,1,0,0
23884,3.18,359,13,249,598,5.93,0,1,1,0
8454,2.19,138,7,428,99,7.06,1,0,0,0
12424,2.68,430,11,219,238,1.6,1,1,1,0
7117,4.38,133,6,165,549,5.54,1,1,0,0
11869,4.41,33,7,70,445,1.98,0,0,0,0
13850,2.62,192,8,421,80,11.95,1,0,0,0
21412,3.01,354,11,387,308,1.18,0,1,1,0
17343,2.4,472,3,205,362,0.75,1,1,0,0
9845,2.22,319,4,339,198,11.12,1,0,1,0
23142,4.98,476,8,218,306,11.82,0,1,1,0
7624,3.97,86,6,460,103,7.69,0,1,0,0
11848,3.63,209,13,164,387,5.11,0,0,0,0
19549,4.3,461,3,78,386,3.93,1,0,0,0
16136,4.52,80,5,214,573,2.2,1,1,1,0
23975,4.42,321,10,489,587,7.52,1,1,1,0
3589,2.05,414,0,162,390,7.62,0,0,0,0
23908,2.56,338,0,242,168,7.11,0,1,1,0
22205,3.96,479,8,119,354,11.78,0,0,0,0
9509,3.13,189,14,45,559,1.95,1,0,1,0
10693,4.95,437,7,451,536,10.22,1,0,0,0
12454,4.0,347,14,33,434,6.32,1,1,1,0
19455,4.87,232,12,141,341,3.99,0,0,1,0
14708,2.6,391,0,484,255,10.38,1,0,0,0
15942,4.59,425,12,284,483,3.37,0,1,1,0
22964,2.96,168,14,26,309,3.85,1,0,1,0
19652,4.97,442,10,238,402,14.98,0,0,0,0
12968,2.47,250,1,239,356,13.39,1,0,1,0
5462,3.55,167,12,202,354,10.61,1,0,1,0
12460,4.38,230,3,415,296,5.08,0,0,1,0
4015,3.3,149,0,420,269,8.28,0,1,0,0
12275,3.4,151,1,476,97,2.34,0,0,1,0
16269,4.96,37,4,127,493,5.34,0,0,0,0
3406,3.28,385,7,411,263,1.49,1,1,1,0
10384,3.81,380,5,366,322,9.35,0,1,0,0
14268,2.16,296,14,143,505,12.93,1,0,0,0
20369,4.53,488,5,189,132,12.24,1,0,1,0
14795,3.94,274,3,479,305,12.91,1,0,1,0
7485,3.21,104,1,440,398,3.03,0,1,1,0
11901,2.05,385,2,423,448,9.93,0,1,1,0
5618,3.78,347,12,276,327,14.37,0,0,0,0
12603,2.04,351,5,28,256,11.86,0,1,0,0
9928,2.0,61,5,386,555,0.55,0,1,0,0
8368,3.85,466,4,299,92,13.29,0,0,0,0
7621,2.57,15,5,144,440,10.73,0,1,0,0
17719,2.58,349,10,181,368,2.27,0,0,1,0
14126,3.96,149,5,55,510,5.05,1,1,1,0
10566,2.16,141,12,23,418,2.2,1,0,1,0
15306,2.94,115,0,432,113,11.08,0,1,1,0
24054,2.45,311,5,106,403,0.55,1,1,0,0
18086,3.74,64,4,419,535,7.24,0,1,1,0
20387,3.99,428,7,283,304,15.0,0,1,1,0
21850,4.16,309,8,110,212,12.84,0,0,1,0
21323,2.77,193,13,314,559,9.01,1,0,0,0
21019,2.27,341,5,77,300,10.56,0,0,0,0
12890,2.24,429,12,159,480,9.25,1,1,1,0
11095,3.28,160,11,191,139,12.26,1,0,0,0
15719,4.84,462,11,279,211,13.35,0,1,1,0
13283,2.65,305,9,44,472,11.62,1,0,0,0
21279,2.77,360,3,217,93,3.14,1,0,1,0
17231,2.3,277,2,86,514,5.9,0,1,0,0
17698,3.82,295,9,442,553,11.87,0,0,0,0
20457,4.04,38,11,137,230,12.44,0,0,1,0
8184,3.93,360,0,299,549,9.62,0,1,0,0
5402,4.58,168,6,488,490,10.86,0,0,0,0
7895,3.46,458,4,25,424,3.03,1,0,1,0
14404,2.4,67,3,116,275,5.9,1,1,1,0
18161,2.87,6,8,91,152,8.25,1,0,0,0
12343,3.99,84,6,436,273,14.76,1,1,1,0
13637,3.84,198,9,451,271,12.09,1,1,0,0
4956,3.59,131,12,470,509,3.29,0,0,0,0
10023,4.05,75,7,399,580,5.61,1,0,1,0
17062,3.91,249,3,277,296,3.65,0,1,1,0
17333,4.64,346,9,57,564,2.71,1,0,0,0
6907,3.76,442,11,315,439,2.24,1,0,1,0
3807,4.34,208,9,75,388,14.5,1,1,1,0
17031,2.75,83,7,122,500,13.65,0,0,1,0
7827,4.03,222,3,122,490,7.51,1,1,1,0
16699,4.71,252,14,235,596,8.45,0,1,1,0
7524,3.16,409,0,40,322,12.66,1,1,1,0
18193,4.34,30,10,134,251,9.91,1,1,0,0
19223,4.17,354,14,229,539,11.12,0,1,0,0
21668,2.18,200,7,310,444,11.97,0,1,1,0
8313,3.74,452,0,222,157,7.5,1,0,1,0
16598,2.39,51,12,478,569,14.63,1,0,0,0
16058,4.9,367,11,342,285,9.61,1,1,0,0
20141,4.43,71,2,207,370,9.69,1,0,1,0
7887,2.33,20,6,170,583,2.55,0,0,1,0
6854,2.37,15,2,468,507,14.82,1,1,1,0
15458,3.78,434,12,210,550,1.53,0,1,1,0
17536,3.03,15,7,426,592,14.79,0,1,1,0
6558,2.1,401,4,233,403,13.7,1,0,0,0
12772,3.62,174,2,398,334,12.92,0,0,0,0
20345,3.16,311,4,61,130,10.27,1,0,0,0
23231,2.3,411,4,497,179,9.33,1,1,1,0
6575,4.41,337,7,467,543,14.95,0,0,1,0
5418,4.75,77,11,213,578,14.62,0,1,0,0
7198,4.27,439,8,269,316,12.27,1,1,0,0
4001,4.47,239,5,100,551,1.76,1,0,0,0
24628,2.65,36,9,60,477,5.9,0,0,1,0
10119,2.79,231,2,389,236,13.06,0,0,0,0
23450,2.63,399,1,39,377,10.69,0,1,0,0
22229,4.3,212,10,28,93,2.27,1,0,0,0
12673,4.84,192,2,332,195,5.55,1,1,1,0
8316,4.15,59,8,143,218,0.78,0,0,0,0
19244,4.64,188,6,222,154,13.45,1,0,1,0
19806,3.92,266,14,420,439,11.33,1,0,0,0
14873,3.16,125,10,97,103,6.82,0,1,0,0
7266,3.28,202,10,229,485,11.53,0,0,0,0
10549,2.23,321,8,37,405,14.03,0,0,0,0
22094,2.09,381,12,255,413,4.56,1,1,1,0
13589,4.09,31,14,338,408,4.64,1,0,0,0
4657,3.32,402,5,219,379,7.5,0,1,1,0
21925,3.66,311,7,368,168,10.75,1,0,1,0
9763,3.67,260,9,475,94,14.9,1,1,0,0
22459,2.83,386,10,301,380,2.86,0,0,1,0
6164,3.43,411,8,495,397,5.46,0,0,1,0
21437,3.41,345,2,475,257,5.77,1,0,1,0
11479,3.17,470,6,271,541,11.02,1,0,0,0
8737,4.46,93,8,359,348,13.36,1,0,1,0
22601,3.35,327,1,258,184,3.17,0,1,1,0
20831,3.81,99,11,475,596,10.85,1,1,1,0
9009,4.69,284,6,481,418,13.69,1,1,0,0
19991,4.6,460,4,288,471,2.26,1,1,0,0
7552,4.67,314,7,138,220,9.71,0,0,0,0
21148,2.81,24,3,420,248,3.43,1,0,1,0
12417,2.1,405,0,390,96,6.9,1,0,1,0
12221,2.78,493,10,301,84,2.34,1,0,0,0
5671,2.84,352,12,409,216,10.41,0,1,1,0
9519,4.73,356,14,356,241,6.32,0,1,0,0
6962,3.95,116,9,407,542,8.73,1,1,0,0
15734,2.25,198,7,364,517,8.09,1,0,0,0
16122,2.41,278,14,26,461,10.56,0,0,0,0
22561,2.47,69,5,292,461,13.49,1,1,1,0
6722,3.89,334,12,272,561,4.56,1,1,0,0
7906,4.21,78,7,361,434,9.13,0,0,1,0
10263,4.58,423,2,147,324,8.82,0,0,1,0
16699,4.82,353,7,393,555,5.07,1,1,0,0
24438,2.61,13,7,111,544,7.74,0,1,1,0
14088,2.93,28,11,325,269,1.09,1,0,1,0
3808,2.72,143,0,403,573,6.69,0,1,1,0
12170,3.08,476,3,25,361,4.42,0,0,1,0
19260,4.74,342,6,433,509,13.03,1,1,1,0
20109,3.73,9,12,93,332,5.69,0,1,0,0
13693,4.21,46,13,75,122,3.29,0,0,1,0
10701,3.47,259,10,314,561,8.18,1,1,0,0
20600,2.09,11,0,417,220,12.26,1,1,1,0
23435,2.19,297,2,329,590,5.63,1,0,1,0
21581,3.61,225,2,257,349,12.78,1,0,0,0
17191,4.16,259,5,41,440,5.23,0,1,1,0
22190,2.65,83,4,460,374,11.17,1,0,0,0
20356,4.17,347,11,60,554,2.17,1,1,1,0
16704,4.43,347,10,365,551,1.4,0,1,0,0
5123,3.24,5,14,285,240,11.19,1,0,1,0
14533,4.24,397,6,277,124,5.84,0,1,0,0
19608,3.21,246,2,470,286,6.2,0,1,0,0
17448,4.04,34,10,67,187,8.83,0,0,0,0
17586,4.29,174,0,317,583,14.81,0,1,0,0
4814,4.98,441,10,158,521,2.99,1,0,0,0
16001,3.04,64,14,221,144,4.85,0,1,0,0
20490,3.23,146,2,159,346,9.91,1,0,1,0
19508,2.5,56,7,161,478,10.66,1,1,1,0
22630,2.61,192,4,305,303,10.74,0,1,0,0
16380,4.08,12,14,252,368,9.13,0,0,0,0
18406,4.75,391,2,335,364,9.03,1,0,1,0
5931,3.18,17,13,480,265,2.65,0,1,1,0
16567,2.54,245,7,177,305,12.6,0,0,1,0
17038,2.86,162,5,57,279,0.63,1,0,0,0
15317,3.37,342,14,94,583,6.55,0,0,0,0
5971,2.87,113,2,340,90,3.62,1,0,0,0
5017,2.7,499,13,494,577,2.01,0,1,1,0
5415,4.21,281,4,194,356,5.13,0,0,0,0
22480,2.02,232,0,58,82,10.03,1,1,0,0
4609,3.62,165,5,452,84,7.71,0,0,0,0
3717,4.38,467,14,92,359,13.17,1,0,1,0
22945,2.8,321,13,77,502,9.2,0,0,1,0
15662,3.81,25,11,382,317,4.17,1,1,1,0
9782,4.01,125,12,493,396,7.97,0,0,0,0
4048,3.97,312,13,108,206,3.8,1,1,1,0
14618,3.34,483,8,292,383,3.09,1,0,1,0
11307,3.04,280,11,153,257,14.35,0,0,0,0
10905,4.51,285,6,162,569,7.29,1,0,1,0
12993,4.28,465,14,470,516,9.94,1,0,0,0
13338,2.96,390,10,114,117,13.16,0,0,0,0
8578,2.31,282,12,175,562,5.17,0,1,0,0
16834,2.22,138,7,220,394,11.94,1,0,0,0
21004,2.28,100,5,447,563,11.94,1,1,1,0
9548,3.75,391,10,421,176,12.45,1,0,0,0
10381,2.15,10,4,179,96,3.25,0,0,1,0
24164,3.01,381,14,230,526,14.46,0,0,1,0
23176,4.26,215,11,472,358,4.48,1,0,1,0
5941,2.88,29,5,191,531,11.76,0,0,0,0
8695,4.29,93,6,89,108,2.85,1,0,0,0
9401,4.24,115,8,338,89,13.9,0,1,0,0
18179,2.74,499,7,479,180,6.7,0,0,1,0
17456,4.19,270,4,333,166,10.2,1,0,0,0
16097,4.24,439,14,450,549,12.83,0,1,0,0
9197,3.19,290,6,401,380,4.59,0,0,0,0
8450,2.63,38,7,164,285,6.14,0,0,1,0
20937,3.56,23,0,186,161,5.04,1,0,0,0
20396,4.76,263,7,462,291,4.6,0,1,1,0
11378,3.92,42,10,410,198,7.9,1,0,0,0
4881,2.52,169,6,338,215,8.43,0,0,0,0
9799,4.05,339,10,136,456,1.61,1,1,1,0
17597,3.28,168,11,204,507,10.26,0,1,1,0
16675,3.77,302,11,222,393,6.59,0,0,0,0
7586,4.2,25,1,181,483,13.4,0,1,1,0
11430,3.54,179,1,328,322,13.34,1,1,1,0
5345,4.44,471,11,469,424,10.94,0,1,0,0
19459,4.17,149,5,481,503,12.88,1,0,1,0
12548,3.85,132,2,357,95,13.88,1,0,1,0
8877,2.45,142,0,451,595,8.87,1,0,1,0
9785,4.51,163,14,207,345,14.59,0,0,0,0
18833,4.81,100,7,62,99,14.35,0,0,0,0
7922,2.41,62,6,220,90,2.09,0,1,0,0
21714,3.46,92,3,250,99,8.08,0,1,0,0
7686,2.78,206,13,23,358,2.16,1,0,0,0
17407,4.26,474,0,259,412,10.42,1,1,0,0
21286,4.16,432,1,225,480,11.6,0,0,0,0
15205,2.42,310,8,350,117,13.33,1,1,0,0
24054,4.63,71,3,113,162,9.93,1,1,0,0
16179,2.54,59,2,251,111,7.08,1,0,0,0
21443,4.39,440,7,382,133,2.76,0,0,1,0
19524,3.37,28,3,366,124,2.31,1,0,1,0
21173,2.98,18,6,368,373,7.54,0,1,0,0
3016,2.47,478,14,455,204,12.57,0,0,1,0
16374,2.5,72,12,179,423,11.39,0,0,0,0
19848,3.99,393,13,132,502,13.27,1,1,1,0
23855,3.65,356,13,271,246,12.26,1,1,0,0
21211,2.37,393,13,241,348,3.48,0,0,0,0
8956,2.34,245,4,365,273,3.4,1,0,1,0
19473,2.22,480,4,113,203,7.14,0,0,1,0
7815,4.23,472,10,454,350,3.27,0,1,1,0
22235,4.14,312,5,413,137,3.22,0,0,0,0
5843,2.18,437,11,415,138,4.38,0,1,0,0
18972,3.68,439,12,485,529,0.83,1,1,1,0
20353,2.25,323,3,186,296,8.78,0,1,0,0
4094,4.71,452,1,483,561,6.25,0,0,1,0
9124,4.72,86,5,471,323,3.94,1,0,0,0
22579,4.09,358,12,157,182,2.45,1,1,1,0
4404,4.78,182,4,367,596,7.11,1,1,0,0
23674,4.43,196,2,380,343,9.23,0,1,0,0
6982,4.49,243,3,229,320,14.61,0,1,0,0
15515,3.71,327,2,275,308,4.18,0,1,1,0
18790,2.92,464,2,92,531,0.88,1,1,1,0
15205,2.65,384,3,233,534,11.17,0,1,1,0
24939,2.98,117,1,285,453,3.91,1,1,1,0
15748,3.89,497,3,379,103,7.52,1,0,0,0
24097,2.52,395,9,170,385,12.22,0,0,1,0
6092,2.78,418,10,254,453,1.04,0,1,1,0
23543,3.4,371,1,480,266,2.55,1,0,0,0
16971,2.7,461,13,235,191,1.92,1,0,0,0
17616,3.77,495,9,416,572,3.89,1,1,1,0
7933,4.77,81,7,323,373,3.01,0,1,1,0
7926,4.24,457,9,128,501,5.09,1,1,1,0
6969,4.0,246,4,364,228,11.32,1,0,0,0
5965,3.75,462,12,319,230,1.11,0,0,0,0
7319,3.46,233,6,368,253,1.57,1,0,1,0
11975,2.56,416,10,483,276,8.68,0,0,1,0
10108,4.68,466,3,339,334,8.04,1,1,1,0
12141,2.75,481,9,315,493,7.37,1,0,1,0
23323,2.27,364,5,409,247,7.98,0,0,0,0
19428,4.25,152,12,139,161,11.26,0,0,0,0
4810,2.53,271,11,347,149,8.85,1,0,1,0
23950,3.12,391,13,117,505,7.13,0,0,1,0
13273,2.08,34,9,229,481,1.69,0,1,0,0
12021,2.41,212,3,446,291,14.63,1,1,0,0
21293,2.52,210,14,51,181,3.97,1,1,1,0
9364,2.16,429,5,452,417,13.1,1,1,0,0
5581,3.97,138,0,349,412,6.0,0,0,0,0
3691,4.51,188,5,245,284,10.42,0,0,0,0
3931,3.12,299,5,234,566,7.08,1,1,0,0
16128,4.62,394,1,142,308,5.64,0,0,1,0
17226,2.64,251,11,166,268,9.41,1,0,0,0
16861,2.98,394,9,359,178,8.27,0,0,1,0
18475,2.45,149,9,71,490,3.87,1,1,0,0
6406,3.86,340,8,199,539,5.38,0,1,0,0
11339,3.26,218,14,309,273,1.0,0,0,1,0
20416,3.84,81,5,206,99,3.31,1,0,0,0
20695,4.29,189,11,356,390,5.37,0,1,1,0
11579,3.64,233,14,127,158,14.6,0,1,1,0
6121,3.88,175,10,145,249,8.14,1,0,0,0
21257,4.81,231,12,280,325,10.66,1,0,1,0
18946,2.9,357,6,213,551,10.27,1,0,1,0
6748,3.08,477,1,316,178,14.72,0,1,0,0
3277,4.15,62,1,53,401,8.56,0,0,1,0
21243,3.83,434,1,457,220,8.99,0,1,0,0
14563,2.54,428,9,295,188,4.85,1,0,1,0
9792,3.13,494,12,201,392,9.58,1,0,1,0
24097,3.4,236,10,258,200,11.49,1,1,0,0
16918,3.26,32,8,341,178,2.0,0,1,1,0
13374,2.53,212,2,367,573,7.46,1,0,0,0
7675,4.77,59,12,165,223,6.62,0,0,0,0
4170,4.29,378,3,63,189,2.15,0,1,1,0
11681,3.44,1,0,378,563,5.45,0,0,1,0
13717,4.04,396,0,323,209,8.26,1,0,0,0
15450,4.69,449,3,310,479,9.92,0,1,0,0
13680,2.41,56,13,482,585,4.69,0,1,1,0
13068,2.75,426,1,386,289,7.41,1,1,1,0
24692,3.63,300,7,314,440,11.14,1,0,0,0
5462,4.4,286,12,278,233,6.62,1,0,1,0
16650,2.11,137,3,38,439,14.14,1,0,0,0
3287,4.95,278,2,234,389,0.95,0,1,1,0
23666,3.36,213,2,230,553,4.27,0,0,0,0
21291,3.08,238,5,400,379,2.43,1,1,1,0
4161,2.88,284,11,421,420,8.35,0,1,1,0
19513,2.52,480,12,497,83,3.07,1,0,1,0
5363,4.37,30,5,250,248,11.26,0,0,0,0
8983,4.87,205,5,358,499,13.82,1,0,1,0
19527,3.24,457,5,24,359,3.5,1,1,0,0
11207,4.86,273,7,330,468,13.65,0,1,0,0
17758,4.47,10,7,288,264,9.66,0,1,1,0
3244,3.44,358,8,181,402,3.34,0,1,1,0
20310,4.02,46,0,235,90,11.18,0,0,1,0
6178,3.3,2,9,293,357,1.82,1,0,1,0
5176,3.68,129,7,343,218,10.54,0,0,1,0
8002,2.17,437,4,119,165,12.99,0,1,0,0
3886,4.09,71,2,475,310,14.28,1,1,1,0
22782,2.16,158,10,190,530,1.29,0,0,0,0
16721,4.45,391,9,468,217,1.4,1,1,1,0
15142,4.47,426,2,271,417,13.99,0,0,0,0
5654,2.71,431,5,188,235,11.95,0,0,1,0
14984,2.97,129,7,57,96,11.73,1,0,0,0
20755,3.44,21,9,247,340,11.27,1,1,1,0
10135,3.79,379,1,441,239,10.9,1,1,1,0
3320,2.86,388,11,416,388,9.39,1,0,1,0
7654,3.78,134,8,144,160,12.28,0,0,1,0
24684,2.89,19,4,297,292,1.0,0,0,0,0
24889,2.17,219,4,304,506,11.23,0,1,1,0
19131,2.01,332,0,156,421,8.95,0,1,1,0
13770,2.3,129,5,494,438,13.66,1,0,1,0
9553,4.38,31,12,385,285,14.08,1,0,1,0
23426,4.88,89,10,127,415,4.0,1,0,0,0
14559,3.28,258,10,87,340,11.95,1,0,0,0
12009,3.54,424,4,123,322,14.38,0,0,1,0
16482,2.44,297,6,420,474,4.37,0,1,0,0
10498,3.65,332,6,265,416,12.84,1,0,1,0
9636,2.43,248,3,184,358,9.0,0,1,1,0
10362,3.83,468,4,211,328,6.23,1,0,0,0
19395,4.8,172,9,214,109,12.44,0,1,1,0
19578,2.59,356,13,151,210,13.12,1,1,1,0
5537,4.29,470,7,315,539,4.6,0,0,0,0
22226,2.07,454,1,163,474,12.02,0,1,0,0
18216,3.13,400,0,414,492,1.22,0,1,1,0
21613,2.33,475,13,238,196,6.56,1,0,1,0
6009,3.06,383,5,45,228,1.51,1,1,1,0
17209,2.52,46,10,270,188,4.76,1,1,1,0
18675,3.12,477,13,114,315,14.28,0,0,1,0
18029,3.25,196,3,373,506,11.15,0,1,1,0
5077,2.9,407,12,219,596,11.46,0,1,1,0
16907,3.97,454,9,122,259,2.45,0,1,1,0
6867,4.76,378,2,212,475,8.89,0,0,0,0
19152,3.2,33,6,400,80,6.14,0,0,0,0
7873,2.58,253,7,21,87,11.15,0,0,1,0
11635,2.81,247,10,266,223,2.78,1,1,1,0
3297,4.56,433,11,110,354,4.59,1,0,1,0
16095,3.71,41,3,64,366,13.53,1,0,1,0
12036,3.37,288,11,446,569,2.96,1,1,1,0
4015,2.45,122,11,22,110,9.67,0,0,0,0
4384,3.35,26,14,437,531,5.07,0,0,0,0
11745,2.84,461,9,355,323,1.69,1,1,0,0
21734,4.83,58,11,468,219,3.74,0,0,1,0
20653,4.65,146,10,83,480,13.11,0,0,0,0
4260,2.25,495,10,154,243,13.7,0,1,1,0
10701,3.55,114,14,310,183,6.59,1,0,1,0
23947,2.68,485,5,297,142,9.5,1,0,0,0
13401,3.23,459,12,195,94,8.05,0,1,0,0
18519,4.63,386,10,435,573,4.56,1,1,1,0
24977,3.58,198,10,301,258,5.5,0,0,0,0
14864,3.0,127,14,139,520,8.14,0,1,1,0
18681,2.62,375,1,281,567,10.58,1,1,0,0
8543,4.4,482,7,193,390,5.57,1,0,0,0
24067,3.87,152,5,458,209,10.63,0,1,1,0
21265,3.4,368,10,478,545,14.43,0,1,1,0
15488,2.65,270,8,498,581,0.86,0,0,0,0
13079,3.0,338,10,137,342,2.88,0,1,1,0
13744,4.88,443,12,458,250,13.79,1,0,0,0
6809,3.56,82,12,360,485,1.54,1,0,0,0
24267,3.2,22,5,204,104,11.59,1,1,0,0
10206,3.56,10,5,262,528,9.55,1,0,0,0
23539,4.34,186,11,233,239,1.19,0,1,1,0
24057,3.02,468,1,140,296,0.51,0,0,1,0
16746,2.54,115,4,82,569,7.78,1,0,1,0
18995,3.75,161,8,404,359,2.2,0,1,0,0
19035,4.0,102,0,168,160,13.15,1,1,1,0
14671,4.14,242,3,295,204,7.47,0,1,1,0
16210,4.65,6,9,476,249,3.9,1,1,0,0
20793,3.11,361,9,494,169,2.94,1,0,1,0
8197,2.23,171,13,48,459,12.62,0,0,0,0
18553,4.88,255,2,318,190,10.92,1,1,1,0
10452,3.31,246,0,244,243,10.91,1,0,0,0
11718,3.87,474,0,192,494,1.74,1,1,0,0
17859,4.0,191,14,263,234,9.56,0,1,1,0
5172,3.64,113,0,340,273,13.11,0,0,1,0
16158,2.62,22,0,150,555,11.61,1,0,1,0
19663,4.27,357,14,371,100,2.21,1,1,1,0
23361,4.41,313,12,39,188,14.26,1,0,0,0
22053,3.66,275,1,100,478,1.51,0,1,0,0
14085,3.47,410,10,312,208,8.58,1,1,1,0
6981,2.34,372,4,313,588,14.2,0,1,0,0
24153,2.25,443,1,477,359,12.42,1,1,1,0
8247,3.02,135,3,254,506,10.37,0,0,0,0
13553,2.93,356,8,320,106,12.92,1,0,1,0
23811,4.86,194,2,240,423,10.26,1,0,1,0
9135,4.35,257,1,189,480,1.3,1,1,0,0
8573,3.98,277,3,65,374,5.59,1,1,0,0
23515,3.55,69,8,79,275,6.69,0,1,0,0
16731,2.5,358,3,115,235,8.42,1,1,0,0
10189,4.94,359,14,288,519,3.83,1,0,1,0
17541,3.13,35,11,50,180,13.28,0,1,1,0
13878,2.32,107,4,399,579,3.82,0,1,0,0
14087,3.48,23,3,343,364,10.04,1,1,0,0
16667,4.62,139,12,135,148,13.21,0,0,0,0
23919,4.66,464,7,81,465,11.13,1,1,1,0
5776,2.03,21,13,452,531,2.47,0,0,1,0
12311,4.66,338,12,165,217,14.3,1,1,0,0
10697,2.81,328,14,350,327,1.83,0,0,1,0
17629,2.12,203,14,381,182,3.4,0,1,0,0
11386,4.54,379,3,72,589,2.52,1,0,1,0
20046,4.59,223,1,421,454,10.17,0,0,1,0
11044,3.79,222,11,70,234,12.21,0,0,0,0
23602,3.72,80,3,188,166,3.95,1,1,0,0
12615,4.44,406,1,376,561,14.7,0,0,1,0
18034,4.36,329,8,376,288,2.52,1,0,0,0
8060,4.67,190,10,214,257,5.08,1,0,1,0
13900,3.66,285,13,468,337,7.61,0,0,1,0
8581,4.9,146,7,102,352,12.23,0,0,0,0
5014,4.99,281,8,398,103,5.96,1,0,0,0
23173,2.35,473,3,153,479,3.11,1,0,1,0
15997,4.55,383,0,477,432,7.24,0,0,0,0
13635,3.5,10,2,440,380,7.41,1,1,1,0
16648,3.16,275,6,287,89,0.73,0,0,0,0
10148,3.84,373,0,100,122,0.8,0,0,1,0
21748,2.17,55,10,238,130,4.53,0,0,0,0
17022,3.52,172,7,21,186,11.25,0,0,1,0
23013,4.61,451,8,328,314,5.81,1,0,0,0
8919,2.64,302,7,428,569,3.56,0,1,1,0
18886,3.28,203,4,270,554,2.14,1,1,0,0
9638,4.82,344,11,255,371,4.57,1,0,1,0
7651,3.29,247,10,175,560,7.48,0,1,0,0
3609,3.08,313,13,448,539,1.85,0,1,1,0
10940,3.32,265,11,56,504,0.72,0,1,0,0
13348,3.56,21,12,248,408,2.35,0,1,0,0
6866,3.9,326,14,164,264,11.2,1,0,1,0
19755,4.4,23,8,344,585,7.26,0,1,0,0
19999,3.36,193,3,75,557,6.95,1,1,0,0
5253,4.45,95,8,140,93,0.79,1,0,1,0
7942,3.6,468,0,333,172,10.81,0,0,1,0
15330,3.02,444,11,230,259,3.43,0,0,0,0
3864,3.97,262,10,279,384,1.82,1,0,0,0
4268,4.15,71,2,122,554,12.71,1,1,0,0
10454,3.67,242,3,458,190,7.54,1,1,0,0
16666,2.17,382,10,324,494,11.36,1,1,1,0
23955,2.51,37,9,254,500,12.42,1,1,0,0
15370,2.86,404,0,57,490,14.49,0,1,1,0
8229,2.85,391,11,320,408,9.54,1,1,0,0
19309,4.02,376,5,127,351,1.49,1,0,0,0
21621,2.06,88,12,433,93,8.59,1,1,0,0
7054,4.27,27,14,243,254,7.89,0,0,1,0
3935,2.8,91,3,312,237,1.33,1,1,0,0
15172,2.93,53,3,203,313,4.94,0,0,0,0
13530,3.58,158,0,174,220,6.48,1,0,0,0
18560,2.65,371,4,51,560,2.83,0,0,0,0
19156,4.65,227,8,253,198,0.63,0,1,0,0
19709,2.26,472,5,414,461,11.48,0,1,1,0
12726,3.33,371,14,269,489,12.85,1,1,0,0
10774,4.55,375,7,77,128,3.82,1,1,0,0
23245,3.85,40,10,352,449,0.56,0,1,1,0
4985,2.88,36,3,182,412,13.4,0,0,1,0
17252,3.26,124,8,36,228,2.44,1,1,1,0
24316,4.12,421,6,433,236,6.35,0,0,1,0
7603,4.92,178,13,273,231,5.81,0,0,0,0
22162,4.68,331,13,165,540,2.88,0,1,1,0
18960,3.03,36,6,248,455,9.18,0,1,1,0
12462,4.99,100,7,259,504,13.82,0,0,1,0
17166,2.01,30,1,305,127,7.95,0,1,0,0
10754,2.08,189,11,365,414,14.61,0,0,0,0
17246,4.47,145,5,394,548,3.27,1,0,1,0
7078,2.6,89,6,35,324,12.8,0,1,0,0
15853,2.18,5,2,94,341,4.23,0,0,0,0
20751,2.71,392,7,457,329,4.13,0,1,0,0
7042,3.28,138,0,279,576,2.21,1,1,1,0
19284,4.19,94,0,402,131,13.02,1,0,0,0
17389,3.87,118,9,380,568,11.01,0,1,0,0
5575,2.71,365,2,418,221,5.45,0,0,0,0
9754,3.51,119,5,479,451,5.57,1,1,1,0
20965,4.78,385,6,430,330,12.75,0,0,0,0
4986,4.45,122,1,23,393,13.95,1,1,1,0
21624,2.97,284,13,438,304,9.24,0,1,0,0
23350,4.95,365,5,270,135,6.4,0,0,1,0
18470,4.13,376,11,104,418,1.27,1,1,0,0
8968,2.19,178,4,82,579,2.34,1,1,0,0
10493,2.11,489,14,119,563,2.56,1,0,1,0
7103,2.51,324,5,341,243,4.51,0,1,1,0
5076,4.18,406,0,262,520,4.23,0,1,0,0
24615,2.55,483,13,314,212,8.37,0,0,0,0
5994,3.53,6,9,431,160,14.19,0,1,0,0
6744,2.28,383,6,181,429,12.99,0,1,0,0
17466,4.76,311,7,436,213,7.88,0,1,1,0
17523,3.03,126,13,197,131,0.75,0,1,0,0
8594,4.72,76,6,463,573,1.49,1,1,0,0
10531,4.83,233,8,347,281,12.98,0,1,1,0
10371,2.02,317,0,347,587,4.61,1,1,1,0
17547,3.39,73,9,271,93,5.11,0,0,0,0
21028,2.07,483,8,61,464,2.53,1,1,1,0
6144,4.73,463,10,261,280,3.74,1,0,1,0
16990,3.56,270,10,361,244,4.08,0,0,0,0
17083,2.22,308,12,110,212,6.48,0,1,1,0
19626,2.33,426,14,47,198,9.54,0,0,1,0
23469,3.15,466,2,478,565,5.62,0,0,1,0
10954,4.82,468,1,174,262,7.02,0,0,1,0
10269,4.08,119,5,138,537,3.14,1,1,0,0
10130,4.6,34,10,404,414,1.32,0,0,1,0
9828,3.1,206,4,239,310,5.55,0,0,1,0
11844,2.13,495,14,366,390,1.41,1,1,1,0
17220,4.92,269,3,283,82,4.85,0,0,1,0
9331,2.05,92,3,140,160,12.65,1,0,0,0
22896,4.84,452,7,65,354,5.82,1,0,0,0
16397,3.11,377,9,299,467,3.3,0,0,1,0
20883,2.03,176,12,134,424,13.58,1,0,1,0
13291,4.07,273,2,187,298,9.77,0,1,0,0
21542,4.94,178,12,454,142,14.83,1,1,1,0
13164,4.9,128,0,265,519,4.85,1,1,0,0
24546,2.48,124,4,394,106,3.41,1,1,0,0
13450,2.54,26,7,299,460,4.82,0,0,1,0
23423,3.7,63,2,253,327,12.28,0,1,1,0
5035,3.91,59,1,41,233,2.7,0,1,1,0
14463,4.22,218,0,221,289,4.0,1,1,0,0
10977,2.54,216,12,87,101,10.67,1,1,0,0
20241,4.88,168,3,155,98,11.2,1,0,1,0
23207,3.92,148,10,250,588,14.4,0,1,1,0
15182,4.54,269,1,77,508,14.71,1,1,0,0
3298,3.62,115,13,34,116,10.12,0,1,1,0
3923,3.24,244,7,283,486,5.76,1,0,0,0
23616,4.93,147,10,496,503,7.07,1,1,1,0
16331,3.75,91,12,189,417,6.87,1,0,0,0
23690,4.6,84,14,442,350,6.12,1,1,0,0
22183,4.86,86,9,310,541,5.4,1,1,1,0
9578,4.03,394,11,188,394,2.93,0,0,1,0
7875,3.65,119,8,67,137,5.81,1,0,1,0
24710,2.01,449,12,481,455,14.55,1,1,0,0
15254,2.12,339,9,115,535,13.29,1,1,1,0
21186,2.6,23,0,346,486,9.45,1,1,0,0
13905,2.56,374,14,63,464,3.3,1,0,0,0
16353,2.76,88,1,372,135,13.24,0,0,0,0
18882,2.91,36,5,259,538,5.02,0,0,0,0
22041,3.08,341,12,310,554,8.41,0,0,1,0
22730,3.26,382,9,302,595,13.72,1,0,0,0
12663,2.3,407,11,468,96,5.35,0,0,1,0
22333,2.13,270,6,89,512,13.74,1,1,1,0
3941,4.02,11,1,272,316,3.91,1,1,0,0
4907,3.61,493,7,85,386,13.97,1,1,0,0
7837,3.33,94,12,346,512,5.7,0,0,0,0
16680,3.9,490,9,475,103,5.93,1,1,0,0
20627,4.48,447,8,466,379,8.52,0,1,1,0
8696,3.28,30,7,496,317,5.53,0,0,0,0
19226,3.92,436,8,355,571,7.02,1,1,0,0
16543,4.86,349,14,304,367,7.77,1,0,0,0
15615,4.52,232,5,50,494,7.62,1,0,0,0
4466,3.28,339,10,467,479,14.44,1,1,0,0
23341,3.93,327,6,233,495,4.59,0,1,1,0
21350,2.53,299,5,200,562,4.63,0,1,0,0
3375,3.68,285,6,221,330,12.65,1,1,0,0
3262,4.94,34,2,87,479,6.18,0,0,1,0
23746,3.55,20,3,44,220,1.56,1,0,1,0
14580,4.78,110,8,267,457,7.48,0,0,0,0
13136,3.22,487,2,392,199,8.48,0,1,1,0
10833,5.0,318,1,416,417,9.46,0,1,1,0
4893,3.74,347,11,356,529,3.91,0,0,1,0
11106,2.13,486,12,443,240,14.61,0,0,0,0
14826,3.76,144,10,475,184,11.19,1,1,0,0
4652,2.82,11,6,362,171,10.94,0,1,1,0
24924,2.1,243,5,410,564,13.16,1,1,0,0
23276,4.46,497,2,179,498,0.88,0,1,0,0
3599,2.83,145,5,299,500,9.39,0,0,1,0
24199,4.39,238,14,276,133,12.36,1,0,0,0
21296,2.86,91,6,130,593,1.0,1,0,0,0
11792,2.58,315,5,66,176,11.46,0,1,0,0
23597,4.92,322,0,198,264,14.85,1,0,0,0
6637,3.08,114,11,55,512,9.1,1,0,0,0
13355,3.8,14,13,430,550,6.66,0,1,0,0
18989,3.83,271,0,217,204,7.08,1,1,0,0
12290,3.68,21,8,61,413,10.35,0,1,0,0
8599,4.74,117,5,498,343,8.76,0,1,1,0
17342,4.02,368,11,351,270,11.92,1,1,0,0
16945,3.21,94,1,109,300,6.61,1,0,1,0
13762,4.59,446,14,364,278,6.55,0,1,1,0
17312,2.54,414,10,87,423,11.32,1,0,0,0
10382,3.63,256,0,89,253,9.86,0,0,0,0
11982,4.85,330,10,129,296,11.78,0,1,1,0
22953,3.88,261,11,401,285,13.36,1,1,1,0
10707,4.45,86,1,416,452,4.32,0,1,1,0
20130,3.96,392,7,428,253,5.07,0,0,0,0
7633,4.52,435,4,370,157,8.14,0,0,1,0
20304,4.83,463,6,41,402,13.99,0,1,1,0
12269,2.82,317,6,296,463,12.6,0,0,0,0
16778,2.51,57,1,418,516,7.29,0,1,0,0
10008,3.45,229,3,214,278,8.81,1,1,1,0
18523,4.11,107,1,440,86,10.83,1,0,0,0
21765,2.68,18,6,64,342,8.08,1,1,0,0
6618,2.01,364,4,429,99,1.93,0,0,0,0
23827,3.03,140,0,130,333,5.61,0,1,1,0
3272,4.91,378,1,228,259,1.19,1,1,0,0
16007,4.08,159,5,249,432,10.21,0,0,1,0
21157,3.2,99,13,458,294,5.39,0,1,0,0
5547,2.58,264,3,197,437,11.21,1,1,0,0
6164,3.07,237,6,438,299,6.73,0,1,0,0
24164,2.51,237,14,269,416,1.16,1,0,1,0
17414,2.32,48,1,444,398,6.0,0,1,0,0
17327,4.72,164,12,347,545,3.67,1,0,1,0
18576,4.99,286,11,391,233,3.61,1,1,1,0
3946,2.49,414,1,30,430,5.98,0,1,0,0
17693,2.16,58,11,271,141,14.69,0,0,0,0
19890,2.99,182,5,363,539,14.42,1,0,0,0
18540,3.38,146,7,254,319,12.15,0,0,0,0
9719,2.61,446,12,155,269,4.06,1,1,1,0
11435,2.9,385,0,273,225,11.58,1,1,1,0
14350,2.6,300,4,73,371,0.72,0,1,1,0
6590,4.32,95,0,497,139,1.32,1,1,1,0
13064,4.14,42,14,148,552,12.62,1,0,1,0
20576,3.9,353,10,245,152,8.68,0,0,0,0
20848,3.16,256,5,39,318,5.91,0,1,0,0
3390,4.73,212,6,119,495,11.24,1,0,1,0
24999,4.91,188,5,309,258,2.16,1,0,0,0
15668,2.52,130,13,76,146,4.66,0,1,1,0
14569,2.67,346,12,245,156,11.05,1,0,0,0
16029,3.58,299,8,160,327,3.5,0,0,0,0
16107,2.27,390,2,144,147,9.21,1,0,0,0
5560,3.31,288,7,457,178,6.99,1,1,1,0
8867,3.75,136,2,328,403,3.43,0,0,0,0
18284,3.57,29,10,71,202,13.38,1,1,1,0
4211,2.99,145,14,153,112,6.82,1,1,0,0
12121,3.63,311,11,311,224,9.18,0,1,1,0
4539,4.88,473,12,172,596,4.17,1,0,0,0
20027,2.62,467,12,366,389,5.53,1,0,1,0
11693,3.96,485,6,205,223,1.21,0,0,0,0
11921,2.13,104,13,258,596,7.51,1,0,1,0
20667,2.2,286,12,202,274,5.5,0,0,0,0
13310,3.66,455,4,370,562,5.28,1,0,1,0
15744,2.31,190,11,22,554,13.4,1,0,1,0
7386,2.07,470,12,303,248,10.71,1,0,0,0
20303,2.51,177,0,397,262,7.13,0,0,1,0
15242,3.69,344,14,215,192,3.33,1,0,0,0
21723,4.11,238,10,484,355,14.61,1,0,1,0
17257,2.61,0,11,185,555,1.58,1,1,1,0
11947,4.0,109,3,309,257,2.47,1,0,1,0
16946,2.55,337,13,359,370,4.42,1,0,1,0
8930,3.84,274,12,160,513,14.34,1,1,1,0
8402,3.24,370,10,130,542,4.54,0,1,0,0
19017,3.96,381,14,280,496,7.63,0,0,1,0
24659,4.99,233,8,403,217,11.54,1,0,0,0
3507,4.81,63,14,207,568,13.97,0,1,0,0
4436,2.01,243,7,363,247,9.27,0,0,0,0
14618,4.66,52,2,390,213,6.07,1,1,1,0
11750,2.2,261,14,377,240,14.79,1,1,0,0
19122,4.86,16,1,292,456,0.88,1,1,0,0
10354,2.85,301,10,204,409,12.57,0,1,1,0
14294,3.15,492,8,306,474,4.52,1,0,1,0
23900,2.27,455,0,111,251,12.35,0,1,1,0
16840,2.34,373,8,468,549,2.85,1,1,1,0
23006,4.18,233,11,213,501,5.53,1,0,0,0
7399,4.83,72,6,436,335,1.31,1,1,1,0
8037,3.83,356,11,379,199,3.39,1,1,0,0
18848,4.15,438,1,368,98,9.24,1,1,0,0
6715,4.29,90,10,407,326,11.54,1,1,1,0
17877,2.79,483,4,357,284,13.71,1,1,1,0
10837,2.14,5,13,330,499,2.24,0,0,1,0
4301,2.01,197,1,427,146,2.54,1,0,0,0
10370,3.05,364,14,435,421,14.11,0,1,1,0
24569,2.72,195,4,348,424,11.61,1,0,1,0
21539,2.19,469,6,66,466,8.33,0,0,1,0
9411,2.54,295,4,163,421,7.41,0,1,1,0
9365,2.37,346,1,168,187,2.79,1,1,0,0
18449,4.74,484,10,369,481,6.0,0,1,0,0
3692,2.42,321,13,342,381,5.9,1,1,1,0
4478,3.61,136,4,372,186,9.9,1,1,1,0
9396,3.78,266,11,434,556,9.18,0,1,1,0
11448,3.63,403,11,139,416,1.37,0,0,1,0
13622,2.3,115,9,417,539,12.8,0,0,0,0
19825,2.96,42,13,153,392,14.09,1,0,1,0
13073,2.15,230,5,216,233,11.81,0,1,1,0
5646,3.19,57,14,432,428,3.09,1,1,1,0
8209,2.57,205,4,458,379,3.0,0,1,0,0
9533,3.68,409,1,56,315,11.03,1,1,0,0
24061,4.08,293,5,206,290,6.89,1,1,1,0
10211,3.6,93,5,439,365,11.79,1,0,1,0
12927,3.3,35,11,232,502,1.59,0,0,0,0
14927,3.16,229,1,479,573,10.89,1,1,1,0
22029,4.53,226,12,129,498,6.65,0,0,1,0
12316,2.66,182,12,206,424,0.95,0,0,1,0
15177,4.2,261,3,490,398,8.4,1,0,1,0
13846,4.27,130,6,97,421,10.64,1,0,0,0
10933,3.26,64,0,467,458,8.16,0,0,0,0
8476,2.89,379,0,446,287,2.28,1,0,0,0
16853,3.41,447,13,393,265,12.33,0,1,1,0
10928,2.28,185,10,317,96,5.1,1,0,0,0
5080,2.14,116,11,349,369,13.86,1,1,0,0
9089,2.33,185,10,144,333,13.65,1,0,0,0
10797,2.56,273,5,335,525,3.41,1,1,0,0
20245,3.51,150,6,465,535,7.41,1,1,0,0
11346,4.55,351,11,339,226,2.49,1,1,0,0
22878,2.71,412,4,494,193,10.33,1,0,0,0
3904,4.81,150,14,333,176,12.85,0,0,1,0
20653,4.86,383,11,21,461,9.9,1,1,1,0
19788,4.88,35,9,353,455,4.28,1,1,0,0
12974,4.51,325,7,90,585,1.61,0,0,1,0
4184,3.09,464,10,484,401,1.5,0,1,0,0
4725,2.22,465,3,395,407,9.36,1,0,1,0
14380,3.71,94,2,231,428,14.32,0,1,0,0
16057,3.68,133,6,27,249,10.58,0,0,0,0
8606,4.55,161,13,203,386,11.09,0,0,0,0
6956,4.99,43,3,487,278,5.27,0,0,1,0
19555,3.52,299,0,183,256,9.0,1,1,1,0
21690,3.04,282,10,472,203,5.09,1,0,0,0
19081,2.56,355,7,288,236,13.57,1,1,1,0
3421,2.01,239,4,314,365,2.42,1,1,0,0
8540,3.53,51,12,377,314,9.66,0,0,1,0
19288,3.67,425,7,100,373,11.1,0,1,0,0
18966,4.47,280,7,281,97,10.63,0,1,0,0
18882,3.51,73,11,294,253,4.23,0,1,1,0
7675,4.75,294,4,428,482,7.55,1,1,0,0
12082,3.88,237,7,406,460,10.12,1,1,0,0
16009,4.52,166,6,124,199,14.0,1,1,0,0
9748,2.44,139,12,328,175,7.75,0,0,0,0
9103,4.57,138,2,47,110,4.86,1,1,1,0
20857,4.03,368,14,429,176,6.1,0,1,0,0
22627,2.51,234,3,66,549,8.35,1,0,1,0
21565,2.57,2,10,411,125,14.66,0,0,1,0
22480,4.78,255,11,332,315,9.61,0,1,0,0
14348,2.1,370,12,74,416,2.74,0,1,0,0
12782,3.39,277,6,98,364,12.73,1,0,0,0
8882,2.94,3,3,20,213,3.13,1,0,1,0
8798,4.0,391,5,187,339,1.06,0,0,0,0
12627,4.52,269,11,42,582,1.95,0,1,1,0
11415,3.08,211,1,247,259,11.9,0,0,0,0
15466,3.28,215,11,457,346,13.58,0,1,0,0
12846,4.95,269,1,317,163,4.39,0,0,1,0
15720,4.35,475,2,483,489,7.72,0,1,0,0
12145,4.69,15,9,453,235,9.16,1,0,0,0
7524,3.32,415,6,279,569,6.57,1,0,0,0
9559,2.7,63,2,283,407,1.45,0,1,1,0
10620,3.24,238,11,183,425,1.32,1,0,1,0
22158,4.15,459,2,29,176,6.89,1,1,0,0
6124,2.33,15,12,135,262,12.07,1,0,1,0
11671,2.81,51,13,177,406,1.73,1,1,1,0
14706,2.14,18,3,375,457,3.48,1,1,0,0
20737,3.3,324,14,291,166,4.41,1,1,1,0
15070,4.48,395,9,177,214,8.61,1,1,0,0
23238,2.07,92,5,339,169,1.13,0,1,1,0
11134,4.03,260,0,383,567,12.97,1,0,0,0
3924,4.8,297,5,221,168,7.33,0,1,1,0
21554,2.71,16,7,140,372,7.54,1,1,1,0
8506,4.08,110,11,158,525,5.23,1,0,0,0
16650,4.93,327,14,181,478,3.57,0,0,0,0
5395,4.89,359,14,227,593,5.77,0,1,1,0
18310,2.7,487,7,74,474,13.74,1,0,0,0
11226,2.3,93,5,358,96,1.87,1,1,0,0
14781,2.44,9,5,279,321,1.38,0,0,0,0
8515,4.11,211,12,452,83,2.16,1,0,0,0
22054,4.18,236,2,63,360,11.77,1,1,0,0
6365,4.02,253,13,178,550,1.2,1,1,1,0
19972,3.01,15,1,323,317,5.33,0,0,1,0
14410,2.51,488,6,374,557,6.66,1,1,1,0
22522,3.74,143,7,117,168,7.85,1,0,0,0
12095,3.45,41,9,45,192,0.55,0,1,1,0
23470,4.19,2,12,378,221,7.56,1,0,0,0
13361,3.32,406,13,217,130,3.33,1,1,1,0
11531,3.02,469,5,116,287,1.92,1,1,0,0
7270,2.88,376,4,258,587,8.23,1,0,1,0
12906,2.63,155,3,494,349,11.29,1,1,1,0
19940,2.8,493,0,31,342,14.05,0,0,1,0
14279,2.28,172,8,64,265,13.73,0,1,0,0
8452,3.04,483,10,411,300,6.29,0,0,0,0
22951,2.11,451,9,28,160,10.71,0,1,1,0
23283,2.56,485,3,20,488,10.59,1,1,0,0
9477,4.24,23,1,408,165,6.48,1,0,1,0
20400,2.98,274,3,346,183,1.92,1,0,1,0
9470,4.0,74,12,229,363,6.04,1,1,1,0
5062,4.15,39,10,73,539,14.89,1,0,1,0
12030,3.74,301,4,123,540,8.55,0,1,1,0
23705,4.88,39,1,171,200,5.45,1,0,1,0
22880,2.06,61,6,429,431,11.29,1,1,0,0
4813,4.22,237,2,29,519,10.45,1,0,0,0
14671,4.88,486,13,464,268,8.89,0,1,1,0
17308,4.59,244,14,59,308,9.74,1,0,0,0
5313,2.5,17,7,63,465,8.98,0,1,0,0
12706,2.98,139,3,387,210,14.37,0,0,1,0
20615,2.52,397,11,287,250,7.88,1,0,1,0
12837,3.8,494,10,297,409,9.06,1,0,1,0
8831,4.14,81,4,174,114,7.34,0,1,0,0
22383,2.95,188,2,470,280,9.2,0,0,1,0
22824,3.62,107,12,101,247,13.42,1,0,0,0
7056,4.07,233,10,216,588,5.43,1,0,1,0
3305,3.26,267,4,417,590,7.69,0,1,0,0
17347,4.56,103,8,428,325,7.0,0,1,1,0
4689,4.31,410,10,71,303,6.27,1,0,0,0
6917,2.19,133,12,242,420,12.41,1,1,0,0
5936,3.86,343,13,488,519,3.86,0,0,0,0
6862,2.71,370,1,387,229,7.75,0,0,0,0
17506,3.67,32,6,393,435,13.91,0,1,0,0
17318,4.87,236,14,78,452,2.84,0,0,1,0
18300,4.64,373,14,313,491,0.57,1,0,0,0
8649,3.21,335,9,295,331,4.35,1,0,1,0
22645,2.87,177,7,353,93,13.87,1,1,0,0
21203,2.7,11,2,295,294,1.77,0,1,1,0
18674,3.6,350,10,459,99,2.49,1,0,0,0
20726,2.34,440,3,376,567,5.14,1,0,0,0
8560,3.65,228,12,129,515,11.66,0,1,1,0
18451,2.0,308,10,49,400,11.39,0,1,0,0
21610,2.97,268,9,126,131,1.76,0,1,0,0
4079,2.66,377,1,316,436,14.04,0,1,0,0
16983,4.91,455,14,359,427,3.96,0,0,1,0
23590,4.18,357,9,346,405,4.57,1,1,0,0
18327,3.05,130,12,338,298,6.1,0,0,1,0
15755,2.28,248,8,472,484,9.7,1,0,0,0
10235,3.55,447,2,114,98,8.06,1,0,0,0
20197,2.64,467,14,304,373,13.96,0,1,0,0
24473,3.61,57,8,226,94,8.69,1,1,0,0
5031,4.51,3,12,492,405,12.93,0,1,0,0
11514,3.85,235,6,352,237,1.63,1,1,0,0
12095,3.9,172,5,191,183,12.91,1,1,1,0
17287,3.62,321,10,491,361,3.37,1,0,1,0
8911,4.78,370,11,98,226,5.76,0,1,1,0
14695,4.8,35,10,491,593,5.14,1,0,0,0
22037,3.54,278,2,269,147,5.39,1,0,1,0
6340,2.92,236,10,237,583,13.82,1,1,0,0
10876,3.38,274,6,358,148,6.9,1,1,1,0
18896,2.56,295,14,76,492,4.39,1,0,1,0
15435,3.91,327,10,427,143,4.77,0,1,1,0
4141,3.5,399,13,166,316,12.15,0,0,0,0
22281,2.31,57,2,253,475,8.32,1,0,0,0
12281,2.59,362,12,36,218,7.02,1,1,0,0
23425,3.44,17,10,387,395,13.94,1,0,0,0
5038,4.66,35,5,216,502,13.99,1,0,1,0
7270,3.7,407,7,208,211,11.46,1,1,1,0
13046,4.04,128,4,151,305,8.01,0,0,0,0
7683,3.02,0,10,267,552,2.19,1,1,1,0
19878,3.71,63,10,169,197,10.77,0,1,0,0
10116,3.34,61,12,221,418,12.32,0,0,0,0
4784,3.98,365,2,232,498,12.85,0,0,1,0
22894,2.15,419,5,236,514,8.94,1,1,0,0
6786,3.48,330,14,25,258,9.44,0,0,1,0
24650,2.89,145,7,177,541,10.78,1,1,0,0
12190,2.98,271,9,368,183,13.17,0,0,0,0
8428,4.88,16,2,94,193,1.16,1,0,0,0
9681,2.55,279,11,414,350,8.67,0,1,0,0
9893,2.93,97,12,270,385,5.85,0,0,0,0
15661,3.53,451,13,323,134,12.58,1,1,0,0
17892,4.59,226,10,65,513,2.44,1,1,1,0
12643,3.25,462,10,430,269,13.69,0,1,1,0
12943,4.23,385,4,422,468,2.3,1,0,0,0
13472,4.57,242,8,361,414,1.8,0,1,1,0
15992,2.93,478,13,367,425,5.52,0,0,0,0
24042,3.18,200,13,334,344,14.92,1,0,0,0
14126,3.07,393,9,399,183,9.69,1,0,0,0
9869,4.5,436,14,471,220,0.88,1,1,1,0
10669,2.13,472,14,248,318,4.11,1,1,1,0
14538,2.93,178,9,201,509,2.66,0,0,0,0
13065,4.04,452,2,102,177,0.51,0,0,0,0
23918,3.7,269,12,164,540,7.97,0,0,1,0
13171,3.31,233,11,69,336,6.03,1,1,1,0
20696,3.62,111,10,443,90,9.39,0,1,1,0
5962,2.59,485,1,119,257,3.64,1,1,1,0
16851,3.29,487,10,362,472,12.55,0,0,0,0
22322,3.51,65,12,389,373,6.06,1,0,1,0
15979,4.7,337,13,239,476,7.5,0,0,1,0
22581,2.78,348,7,158,468,11.12,1,0,0,0
8296,4.6,436,13,397,345,2.91,1,1,0,0
17745,3.93,244,13,33,212,4.3,0,1,1,0
8730,2.06,244,13,32,357,2.74,1,1,0,0
16921,4.17,467,6,363,180,11.64,1,0,0,0
3126,2.11,447,11,269,483,1.91,0,0,0,0
8602,4.99,71,8,355,363,7.59,0,0,1,0
20575,4.62,356,14,431,356,11.37,1,1,0,0
22023,2.89,48,3,497,218,7.86,0,0,0,0
15581,2.77,495,2,191,300,7.88,0,0,0,0
18997,3.14,345,9,338,148,1.42,1,0,0,0
20750,3.07,189,4,378,256,11.85,0,0,1,0
12211,3.12,292,10,125,452,9.26,0,0,1,0
17997,2.95,176,0,208,380,10.18,0,1,1,0
9671,3.86,451,4,494,307,11.6,0,0,1,0
15271,2.49,160,12,36,451,8.63,1,0,1,0
23923,4.54,149,12,69,478,7.88,0,0,1,0
11876,4.44,69,2,268,222,10.12,1,0,0,0
5887,3.43,32,0,429,216,13.55,0,1,1,0
12654,4.56,283,2,410,135,9.76,0,0,1,0
7086,2.74,343,4,398,461,11.93,1,1,0,0
21645,2.05,259,4,246,550,7.46,0,1,1,0
7180,3.86,321,14,98,287,9.05,0,1,0,0
5841,3.37,76,9,291,114,3.11,1,1,0,0
9040,3.7,109,11,232,345,7.58,0,1,1,0
22944,4.7,304,7,36,100,2.66,0,1,1,0
13304,4.91,383,10,365,219,7.27,1,0,0,0
7758,3.9,138,0,438,344,1.44,0,0,0,0
20010,4.29,34,6,270,479,8.86,0,1,0,0
19234,2.25,422,4,359,536,4.66,0,1,0,0
8014,2.48,393,2,103,199,12.7,1,1,0,0
4375,4.2,234,3,426,462,5.96,0,0,0,0
4181,3.29,329,2,216,118,13.81,1,0,0,0
3490,3.34,199,7,284,101,7.36,1,1,1,0
6729,2.93,324,3,490,126,12.81,1,1,0,0
8974,3.82,150,2,37,463,4.81,1,0,1,0
22918,2.56,33,1,240,561,7.05,1,0,1,0
22680,3.88,123,2,350,127,9.69,0,1,1,0
21324,2.52,366,6,254,160,4.25,1,1,0,0
24398,2.19,31,5,195,124,10.03,1,1,1,0
4882,2.99,271,9,91,354,4.68,0,0,0,0
24292,2.69,323,11,110,390,7.52,0,0,0,0
5987,4.67,309,12,341,311,0.84,1,0,1,0
8585,2.16,123,4,42,165,1.63,1,0,0,0
6159,2.53,411,7,232,184,3.79,1,1,1,0
7530,3.65,367,10,413,256,12.19,0,0,0,0
20065,3.44,491,0,313,268,10.08,0,1,1,0
24638,2.14,315,2,147,139,13.45,1,1,1,0
4073,2.02,77,1,78,299,13.62,1,1,1,0
16743,4.96,75,1,343,195,5.93,0,1,0,0
21771,3.98,59,11,104,549,5.83,1,1,0,0
5693,3.1,84,10,248,246,12.62,0,0,0,0
12562,3.41,367,11,394,524,6.68,1,0,0,0
7340,2.8,79,0,446,312,12.93,1,1,1,0
5156,3.03,373,4,287,193,7.84,1,1,1,0
19184,3.95,171,4,131,587,6.66,0,0,1,0
10966,4.65,257,2,135,230,4.55,0,0,1,0
5580,2.55,278,11,456,449,2.33,1,1,1,0
10257,4.52,220,11,257,428,8.13,1,0,0,0
5159,2.36,45,8,417,246,5.22,0,1,0,0
19172,2.64,490,11,71,151,4.12,1,1,0,0
16900,2.11,72,5,103,432,2.96,1,0,1,0
14440,2.42,53,13,130,90,6.14,0,1,0,0
17678,4.75,326,9,219,232,8.56,1,0,1,0
17436,3.38,220,13,238,241,12.64,1,0,1,0
15021,2.23,491,5,248,465,12.39,0,1,1,0
9772,4.88,380,9,336,223,12.9,0,1,1,0
4627,4.64,336,5,444,218,8.86,1,1,0,0
14664,4.26,8,13,40,285,8.61,0,0,1,0
11219,4.8,325,1,195,175,13.62,0,1,0,0
21369,2.66,171,10,75,435,4.68,0,0,0,0
12713,4.51,83,14,310,550,2.61,0,0,1,0
11488,4.07,329,9,319,397,1.7,0,1,1,0
5181,4.61,328,9,314,591,13.28,1,0,0,0
14594,4.39,11,7,162,98,5.89,1,1,1,0
21680,3.04,480,5,415,492,7.73,0,1,1,0
10164,4.32,31,12,392,486,12.14,0,0,1,0
21981,2.79,417,14,245,481,5.91,1,1,0,0
3901,2.99,338,13,27,180,13.09,1,1,0,0
12290,2.32,288,2,143,97,5.16,1,1,1,0
21061,4.81,319,9,265,234,11.12,0,1,0,0
5881,2.87,303,8,120,208,10.18,1,1,0,0
16058,3.56,271,1,497,394,3.42,1,1,0,0
8622,3.17,177,6,342,445,2.31,0,1,1,0
4378,4.88,113,2,369,541,2.12,0,0,0,0
20632,3.01,406,14,112,240,9.94,1,1,0,0
8650,4.34,25,11,404,455,0.69,0,1,0,0
15433,4.57,236,14,273,411,10.08,0,0,0,0
12456,3.31,309,5,99,99,11.84,0,1,0,0
10036,3.13,171,4,317,541,4.89,1,1,0,0
9487,4.24,232,12,50,237,11.31,1,0,1,0
20442,4.74,36,5,397,443,2.9,1,1,0,0
21432,4.26,264,7,349,402,14.43,1,0,0,0
7248,2.68,477,13,433,168,3.86,1,1,1,0
21860,4.66,12,2,318,252,7.58,1,0,0,0
7603,3.16,495,1,301,119,14.72,0,1,1,0
22937,3.73,315,7,31,282,13.65,1,0,1,0
15632,4.49,105,0,146,322,10.06,1,0,0,0
3220,2.57,125,1,379,585,5.85,1,0,1,0
17226,4.35,335,9,206,167,10.65,0,1,1,0
7818,3.79,493,0,88,230,7.17,0,0,0,0
24007,4.68,383,4,348,179,2.08,1,1,0,0
10349,2.52,129,7,30,326,12.04,0,0,0,0
8618,3.26,478,1,322,575,13.14,0,1,1,0
12856,4.5,315,3,42,368,6.41,1,0,1,0
7576,2.06,255,3,356,494,10.15,0,0,1,0
21255,2.34,440,10,446,158,0.94,0,0,1,0
18207,4.97,114,10,352,464,3.36,1,0,1,0
4462,2.84,298,6,228,517,8.77,0,1,1,0
24905,4.93,402,0,234,420,4.47,0,1,1,0
18905,2.55,123,8,142,138,14.19,1,0,1,0
19252,3.08,255,2,442,298,12.64,1,0,1,0
11236,4.26,138,5,92,179,10.0,0,1,0,0
10813,3.97,205,9,229,182,14.98,0,1,1,0
5068,3.74,46,13,330,198,4.03,1,1,0,0
8753,3.59,216,4,293,86,13.83,0,0,0,0
10237,4.53,318,3,113,467,4.92,0,1,0,0
17175,2.7,390,8,445,557,9.15,0,0,0,0
9191,3.33,462,10,255,360,6.8,0,1,1,0
20898,2.47,349,11,173,121,6.93,1,0,1,0
21982,3.79,122,13,293,175,11.56,1,1,0,0
17622,2.75,30,8,232,583,5.54,1,0,0,0
4001,3.0,471,0,147,325,7.86,0,0,1,0
20417,3.41,54,6,252,303,3.57,0,1,1,0
17877,2.08,152,9,60,193,11.57,1,1,0,0
13232,2.28,455,8,445,409,8.5,0,0,1,0
24435,4.06,285,4,308,582,4.2,1,1,0,0
7476,3.29,35,0,62,232,4.36,1,0,1,0
19862,4.59,305,7,289,296,4.76,0,0,1,0
3515,4.08,397,4,458,568,10.64,0,0,0,0
15478,2.02,284,5,333,351,9.13,1,1,0,0
4191,3.85,410,6,413,479,12.42,0,1,1,0
13860,2.28,372,9,47,429,8.79,1,0,0,0
16448,4.34,255,6,289,501,4.95,0,0,1,0
9297,4.97,177,12,486,340,14.46,1,0,1,0
19655,3.59,35,13,429,598,13.35,0,1,1,0
11334,4.05,253,11,93,343,4.54,0,0,1,0
9008,2.71,161,6,164,397,13.73,0,0,0,0
10987,3.31,20,14,181,195,10.94,1,0,1,0
6332,4.57,293,0,265,291,6.51,1,0,0,0
3787,2.5,74,6,289,239,7.27,0,1,0,0
9222,2.8,480,10,429,556,6.97,0,0,0,0
12873,3.34,206,2,437,227,12.05,0,0,1,0
20006,4.14,459,4,230,526,3.04,0,0,1,0
23225,3.13,471,9,299,157,1.35,1,0,0,0
6676,4.78,177,4,242,341,7.73,0,1,0,0
5572,2.28,381,7,379,131,4.71,0,0,0,0
9915,3.11,36,6,89,337,8.68,1,1,0,0
8033,4.13,458,6,39,327,14.68,0,0,0,0
10788,2.68,119,5,442,367,10.24,0,1,0,0
18689,3.97,402,6,140,333,14.41,0,0,0,0
14452,2.49,117,13,192,293,11.11,1,1,0,0
24598,2.17,0,6,53,171,1.6,0,1,1,0
7712,2.36,208,14,425,311,13.39,0,1,1,0
3066,4.79,423,4,90,92,3.38,1,1,1,0
18855,3.66,310,4,52,524,13.04,1,0,1,0
15478,4.39,207,3,281,582,11.36,0,1,1,0
10533,3.0,153,13,291,485,12.66,1,0,1,0
18103,3.78,249,3,475,367,4.18,1,0,1,0
7616,3.48,170,4,128,505,12.21,1,0,1,0
16277,4.84,314,9,42,515,9.35,0,0,1,0
20524,4.24,306,8,165,160,1.69,0,0,0,0
8730,4.19,106,13,33,567,13.39,1,1,1,0
13724,2.14,142,10,325,261,13.21,1,0,0,0
14772,3.65,7,11,336,437,8.79,0,1,0,0
19268,3.4,93,5,55,334,7.06,0,0,1,0
23855,4.78,397,7,290,245,6.31,0,0,0,0
15940,2.77,96,8,280,544,9.24,0,1,1,0
22723,2.81,489,11,72,335,12.7,1,0,0,0
19932,3.23,6,13,67,502,8.71,1,1,1,0
17643,2.73,273,3,482,277,2.38,0,0,1,0
3198,2.39,11,11,30,292,4.94,0,1,1,0
19955,4.57,1,12,277,131,10.19,1,0,1,0
20174,3.67,433,6,362,344,9.88,0,1,0,0
12830,4.58,348,4,299,404,8.02,1,1,1,0
16798,4.49,404,3,229,86,3.99,0,1,1,0
20558,2.85,6,11,343,123,4.42,0,0,0,0
14469,3.64,499,6,354,251,7.52,0,1,0,0
3178,2.25,474,2,31,181,6.22,1,0,1,0
21628,4.75,11,0,462,375,5.08,1,1,1,0
23470,3.21,339,6,270,284,12.53,1,0,1,0
20118,3.18,56,8,342,570,7.81,1,0,1,0
3798,2.91,77,1,179,397,7.79,0,0,0,0
10601,3.38,73,6,55,250,6.71,0,0,1,0
5795,2.76,232,9,168,297,10.37,1,1,1,0
15496,3.12,278,1,387,580,3.05,1,1,1,0
7588,4.4,29,12,217,272,14.18,1,1,1,0
10297,4.5,366,12,469,412,2.02,0,1,0,0
6084,2.91,313,2,397,232,10.8,0,0,0,0
14110,3.41,94,12,265,102,10.71,1,1,1,0
3731,4.62,307,9,412,295,2.15,1,0,1,0
4129,2.16,55,13,223,122,14.9,1,1,1,0
4605,4.67,9,11,63,440,1.0,0,0,0,0
14970,2.66,402,9,334,493,5.79,0,0,1,0
13937,4.04,146,2,427,497,6.66,0,0,1,0
14362,3.75,363,11,402,395,12.14,1,0,0,0
5933,3.66,86,12,338,509,0.93,0,0,0,0
18187,4.58,252,3,225,578,8.58,0,0,1,0
8074,2.3,186,5,260,428,3.46,0,0,0,0
17037,3.04,427,2,60,154,8.8,0,0,1,0
10099,3.61,232,12,95,312,9.87,1,1,0,0
20874,4.43,252,8,494,117,1.0,0,0,1,0
3893,2.65,442,1,221,341,1.48,0,1,0,0
4390,4.41,223,6,382,525,1.74,1,1,0,0
22773,3.2,339,5,405,291,12.86,0,0,1,0
7239,2.57,3,13,114,537,13.94,1,1,0,0
23863,4.28,352,14,47,361,6.85,1,1,0,0
21647,2.27,111,1,163,285,13.18,0,1,0,0
6432,3.54,192,10,78,84,7.41,0,0,1,0
5371,2.19,140,2,148,322,6.32,0,1,0,0
23696,3.07,322,5,361,227,8.2,1,0,1,0
4515,3.8,139,9,20,402,11.96,1,0,0,0
18906,3.67,348,3,306,466,3.74,1,1,1,0
9326,3.21,438,0,41,472,4.88,1,0,0,0
17605,3.29,444,0,245,329,12.81,0,1,0,0
8586,2.68,94,2,223,507,13.78,0,0,1,0
5917,3.37,40,7,206,448,2.28,1,1,0,0
18901,4.86,419,10,394,526,10.72,0,0,1,0
20551,4.55,1,3,490,101,0.64,1,1,1,0
24493,2.44,277,10,303,361,4.07,0,1,1,0
23711,2.09,149,0,391,358,1.5,1,0,0,0
23039,4.8,40,7,351,199,7.97,1,1,1,0
6793,3.58,350,9,46,332,5.48,1,0,1,0
12947,3.61,115,5,362,556,2.5,0,0,1,0
18859,4.34,119,0,148,144,0.5,0,0,0,0
4577,2.94,236,11,399,382,6.13,1,0,0,0
12488,3.45,269,9,382,396,4.77,1,1,0,0
21604,4.91,348,9,405,253,1.18,1,1,1,0
12164,4.02,290,5,114,494,12.85,0,1,1,0
4030,2.46,433,0,85,339,6.46,1,1,0,0
18881,2.4,8,14,196,364,11.73,0,0,0,0
13785,2.61,238,9,492,152,6.62,0,0,0,0
9691,4.3,117,9,294,158,1.48,1,0,1,0
23376,2.89,351,2,175,123,6.22,0,1,0,0
20297,2.06,314,1,473,82,13.35,1,1,0,0
9358,4.83,311,3,442,522,0.61,1,0,0,0
21565,2.51,474,1,38,158,13.48,0,0,0,0
22581,2.03,9,10,402,456,10.02,0,0,1,0
4462,2.71,24,12,391,218,14.94,0,0,0,0
18511,2.71,496,4,339,86,13.78,0,0,0,0
13570,3.27,172,3,77,592,13.1,0,0,0,0
18897,4.76,224,5,292,156,1.04,0,1,0,0
14646,4.64,10,13,217,122,4.56,0,1,1,0
18474,3.37,100,14,98,236,5.93,1,0,0,0
10037,3.23,264,6,489,299,10.65,0,1,1,0
12499,3.67,390,11,60,269,9.91,1,1,1,0
24378,2.73,326,1,245,341,2.99,0,1,1,0
16386,2.16,417,1,280,223,11.18,0,1,1,0
24692,4.82,82,7,264,564,2.76,1,0,0,0
9221,2.56,275,12,42,357,7.12,1,0,1,0
10769,2.6,369,12,216,386,8.89,1,1,1,0
20071,3.42,489,8,255,235,13.12,1,0,1,0
17356,3.47,344,4,145,379,9.65,0,1,0,0
24045,2.06,260,6,285,426,14.35,0,0,1,0
21278,2.44,367,12,343,502,14.92,1,0,1,0
10389,3.13,220,11,159,505,7.88,0,1,0,0
7922,4.05,310,8,386,121,1.25,0,0,0,0
16639,2.69,218,13,413,395,0.91,1,0,1,0
13003,3.27,88,0,335,156,12.91,1,0,1,0
22567,3.67,484,7,146,175,7.75,0,1,0,0
23181,4.67,14,9,305,342,5.82,1,1,0,0
8178,2.98,245,9,133,284,4.62,0,1,0,0
18240,2.4,175,8,427,367,4.59,1,0,1,0
6968,3.47,3,8,344,342,1.56,0,0,1,0
5716,4.24,333,9,32,394,4.89,1,1,1,0
19574,2.33,375,6,247,448,9.85,1,1,0,0
16511,3.27,368,11,28,331,6.09,1,1,1,0
20719,2.05,464,11,165,412,14.24,1,1,1,0
11181,2.1,20,11,182,505,10.19,0,0,1,0
15995,3.45,207,11,242,374,13.03,0,0,1,0
14298,2.89,473,9,235,364,2.16,0,0,0,0
19762,4.54,136,14,407,396,7.03,0,0,0,0
23213,3.81,321,2,188,591,1.1,1,1,0,0
9380,3.36,362,12,45,108,13.48,0,1,1,0
3615,3.22,462,12,144,373,2.63,1,1,1,0
21714,3.49,418,4,319,86,12.18,0,0,0,0
21138,2.12,215,12,269,294,13.9,1,1,0,0
3463,4.68,367,1,445,294,6.91,0,1,1,0
12158,4.99,116,10,29,243,6.15,1,1,1,0
23651,2.54,178,9,124,249,9.2,0,0,1,0
6158,2.36,245,2,125,300,11.23,1,1,1,0
23008,2.43,127,9,476,339,9.86,1,1,0,0
16434,3.98,357,6,20,340,0.52,0,0,1,0
7938,3.98,77,0,201,551,11.9,0,0,0,0
8417,4.54,228,2,419,334,2.64,1,1,0,0
11881,4.26,292,4,321,357,7.02,0,1,0,0
8603,3.35,261,10,160,103,4.59,0,1,1,0
5212,3.84,81,13,249,512,13.95,1,0,1,0
19766,4.06,341,3,83,557,7.78,1,0,0,0
21640,3.54,337,2,97,573,8.07,1,1,1,0
14695,3.43,306,5,251,461,1.6,0,0,0,0
20796,3.94,65,11,106,453,13.51,0,0,0,0
12775,3.67,95,5,202,402,3.97,1,0,1,0
17559,3.93,144,3,338,168,6.5,0,1,1,0
9146,3.84,64,8,165,171,14.79,0,0,0,0
3371,4.16,8,10,336,456,2.15,0,0,1,0
8565,3.93,396,5,111,160,10.92,1,1,0,0
11802,3.56,483,14,142,179,4.27,0,0,1,0
11307,4.05,356,8,295,202,6.59,0,1,1,0
10437,3.35,185,12,468,475,6.56,1,0,1,0
3446,2.73,157,10,83,102,14.02,0,1,1,0
4391,2.0,30,9,351,598,0.65,1,0,0,0
14516,3.68,150,9,238,356,5.82,0,0,0,0
20724,3.77,318,1,211,174,12.86,0,0,0,0
18454,4.92,241,14,126,461,13.7,1,0,1,0
22323,3.08,155,5,416,456,5.01,1,1,1,0
14891,3.18,58,13,266,104,4.01,1,0,0,0
17998,2.61,9,3,471,370,7.19,0,0,0,0
8969,2.21,344,1,492,306,11.31,0,0,0,0
12265,4.32,123,4,473,252,2.73,1,1,1,0
18861,2.75,355,13,76,532,11.87,1,0,0,0
24197,3.83,345,14,64,367,7.93,0,0,0,0
22953,4.06,281,2,395,148,2.54,0,0,0,0
8454,3.41,236,5,105,360,10.24,1,1,1,0
6150,4.63,332,10,57,421,9.61,0,0,1,0
18386,3.33,16,14,201,412,9.52,1,1,0,0
9414,2.85,423,13,183,465,11.44,0,0,1,0
7657,4.69,323,7,264,421,3.13,0,0,1,0
13486,4.58,22,3,342,396,10.61,0,1,0,0
23046,2.49,418,11,396,386,13.37,0,0,1,0
23866,2.08,458,3,145,252,8.19,0,1,1,0
24181,2.27,459,4,226,279,7.55,1,1,0,0
17894,2.86,8,5,286,154,12.07,1,1,0,0
24452,4.92,206,10,373,296,2.62,1,0,0,0
8480,3.68,44,6,430,528,5.44,1,0,1,0
11033,3.12,420,5,106,86,12.88,1,1,0,0
3983,4.67,452,6,164,472,7.75,1,0,0,0
24991,3.36,402,8,141,465,12.69,0,1,1,0
11543,2.95,330,3,490,580,4.15,1,0,1,0
12916,4.82,456,9,117,226,6.15,0,1,1,0
13143,4.55,482,14,488,395,12.44,1,1,1,0
18581,4.53,497,0,308,533,2.87,1,0,1,0
4907,3.54,26,14,152,266,13.47,1,1,1,0
12216,4.37,396,8,398,404,4.99,0,1,1,0
11737,2.54,440,6,356,397,14.6,0,0,1,0
16757,3.72,187,3,337,473,12.5,0,0,1,0
7174,4.95,139,9,84,458,7.11,1,0,0,0
18708,2.87,8,7,218,553,11.26,1,1,1,0
12297,4.38,233,11,144,97,8.55,0,0,0,0
4990,3.47,91,6,470,228,12.87,1,1,1,0
8596,2.12,76,11,365,91,8.01,1,0,0,0
19374,4.29,339,1,227,541,14.83,1,0,1,0
23382,2.51,243,0,227,239,2.44,1,0,0,0
6775,3.89,332,8,319,345,10.31,1,1,1,0
24029,2.26,154,6,140,159,4.06,0,0,1,0
21445,4.84,217,13,161,597,3.27,0,1,0,0
23871,2.88,446,9,493,147,6.42,1,0,0,0
18706,2.68,476,0,366,323,5.83,1,0,1,0
17645,2.39,284,12,76,88,1.17,0,0,1,0
16668,4.84,149,3,323,236,6.7,1,0,1,0
18960,4.14,328,14,164,543,14.3,1,0,1,0
14357,4.22,87,4,63,379,7.27,1,0,1,0
7435,3.5,105,4,151,399,4.88,1,1,1,0
22028,3.42,402,13,100,328,14.26,1,1,1,0
18804,2.33,293,13,372,402,7.83,1,1,1,0
20429,3.68,94,13,49,541,4.66,0,1,0,0
17626,2.74,252,4,396,477,11.85,0,1,0,0
10951,4.93,38,10,360,472,3.74,1,1,0,0
9449,4.39,398,2,228,307,4.09,0,0,1,0
22065,3.24,254,4,478,323,5.2,1,0,1,0
6199,2.45,53,3,262,136,6.22,0,0,0,0
9768,4.36,415,14,202,222,8.95,1,1,0,0
12130,2.37,242,4,177,271,7.97,0,1,1,0
11633,2.57,109,6,165,598,11.28,1,0,1,0
21934,2.63,253,4,359,483,10.9,0,1,1,0
7225,3.67,111,13,373,354,1.16,1,1,0,0
19980,4.36,173,14,252,118,2.44,1,0,0,0
9054,2.94,188,13,111,272,3.62,1,1,0,0
4505,2.25,220,13,348,406,9.17,0,1,1,0
12053,3.39,248,7,191,562,13.48,1,0,1,0
18749,4.24,51,7,209,104,5.21,1,0,0,0
13832,2.66,161,2,50,181,14.47,1,0,1,0
19344,2.66,456,4,128,296,3.01,0,1,0,0
17783,4.84,34,11,291,346,13.91,1,1,0,0
4551,4.86,453,3,114,241,12.11,0,1,1,0
18154,4.97,36,13,496,366,6.14,0,1,1,0
16799,4.42,333,13,96,326,3.49,1,0,1,0
9852,2.56,316,4,170,253,6.17,1,0,1,0
4449,2.64,110,7,161,475,3.6,1,1,0,0
5659,3.02,369,3,250,88,8.64,1,0,0,0
10509,2.95,176,4,277,527,8.83,0,1,0,0
5721,4.87,8,6,415,400,11.64,0,0,0,0
15444,4.37,274,2,461,204,8.15,1,0,1,0
12637,4.17,470,12,147,120,5.5,1,1,0,0
13490,2.56,120,5,367,416,13.72,0,1,0,0
5925,4.73,104,8,243,405,1.63,1,1,0,0
12824,4.48,155,10,203,265,12.23,0,1,0,0
9240,2.49,335,3,299,320,6.44,0,1,1,0
19896,4.61,25,3,312,418,3.13,0,0,0,0
3215,2.82,421,5,48,173,2.25,0,0,1,0
10299,2.24,295,5,317,495,3.7,0,0,1,0
14523,3.97,24,2,37,142,2.27,0,1,0,0
13364,3.96,354,13,150,599,7.15,1,1,1,0
6153,2.28,373,0,480,288,5.57,1,1,1,0
4706,2.96,68,2,288,288,5.67,1,0,0,0
13298,4.98,326,7,125,455,2.77,1,0,0,0
4567,4.04,150,7,176,164,10.07,1,1,1,0
13400,4.19,344,5,469,286,9.31,0,1,0,0
13345,2.64,64,6,78,426,14.74,0,0,1,0
4128,2.24,149,1,111,240,2.93,0,1,1,0
22894,2.83,319,8,451,529,12.59,1,1,0,0
10867,2.75,244,2,279,195,0.99,0,0,0,0
21749,2.7,451,1,70,441,1.56,0,1,0,0
8583,2.58,57,4,152,330,9.9,1,1,0,0
7897,3.72,155,0,186,262,6.39,0,1,1,0
9001,2.98,111,4,316,407,3.84,1,1,1,0
14113,4.46,122,9,24,86,0.54,0,1,1,0
7567,2.55,461,3,155,599,10.12,1,0,1,0
12271,3.39,352,11,245,466,6.89,0,0,0,0
17348,2.04,451,5,203,449,2.98,1,1,1,0
14703,3.45,361,11,428,158,14.6,1,1,1,0
16329,2.17,202,4,110,300,5.59,0,0,1,0
5741,4.93,486,8,455,491,4.89,1,0,1,0
22404,4.37,479,4,327,558,7.9,1,1,0,0
9256,3.47,3,12,410,176,4.52,0,1,0,0
3228,2.26,128,7,208,472,4.46,0,0,0,0
19678,3.78,25,11,499,547,14.51,0,1,1,0
7284,4.28,288,12,488,450,4.29,0,1,1,0
16264,2.57,464,1,322,472,9.28,0,0,0,0
16390,3.7,26,2,402,97,1.04,0,1,0,0
3918,4.44,41,2,357,263,2.74,1,0,1,0
14445,4.3,452,2,341,222,0.82,0,0,1,0
3498,4.41,70,5,462,542,8.25,0,1,1,0
5809,4.64,63,6,152,586,7.63,0,0,1,0
7961,4.81,24,6,191,413,5.3,1,1,1,0
12017,3.22,71,11,445,141,10.65,0,0,0,0
6779,3.71,481,6,269,242,9.57,1,1,0,0
13050,4.37,360,11,80,258,9.2,0,0,0,0
5118,4.09,387,2,466,314,5.38,1,0,0,0
9391,4.99,267,0,69,139,5.24,0,1,1,0
3145,2.04,313,5,441,307,13.17,0,0,1,0
16929,3.07,94,2,495,318,8.39,1,1,1,0
17917,2.84,394,12,242,163,4.45,0,0,0,0
7565,2.79,356,14,457,120,8.38,0,1,0,0
19576,2.67,363,2,191,517,4.37,1,0,1,0
24571,4.13,314,14,427,184,3.19,0,1,0,0
9637,2.25,116,2,403,461,4.59,1,0,1,0
11243,4.22,163,14,338,172,9.62,0,1,1,0
5410,4.08,364,8,244,294,7.98,0,0,0,0
4820,2.75,277,11,442,296,2.89,1,1,0,0
22348,2.76,64,14,415,568,13.66,0,1,1,0
5521,3.89,305,3,210,230,7.73,1,0,0,0
21952,4.29,259,4,378,453,12.01,0,1,0,0
8882,4.63,227,2,284,528,5.29,1,0,0,0
4867,4.56,199,9,263,501,14.38,0,1,0,0
10465,4.89,472,12,98,286,11.41,1,1,0,0
14461,3.74,219,14,362,556,7.09,0,1,0,0
22583,4.73,179,11,384,305,13.58,0,1,0,0
9103,4.43,357,0,41,466,10.9,1,0,0,0
15197,4.68,227,14,55,185,6.74,1,1,0,0
18424,2.03,483,11,349,155,14.62,0,1,1,0
19053,4.9,251,3,175,595,4.83,1,1,0,0
3240,3.42,298,14,75,266,4.22,1,1,1,0
22824,4.39,360,0,374,354,13.47,1,0,1,0
7631,2.38,429,10,267,97,10.76,1,1,1,0
12599,3.19,3,10,432,364,5.51,0,0,0,0
14694,2.81,140,6,280,381,3.86,1,0,0,0
8077,2.87,165,6,279,578,3.08,0,1,0,0
6768,2.37,253,14,454,336,5.05,1,1,1,0
12142,4.42,428,3,34,298,2.32,0,1,0,0
10995,2.03,152,14,497,436,2.61,1,1,1,0
16276,2.94,66,4,207,335,11.76,0,1,0,0
22989,2.52,54,9,45,353,1.42,0,0,0,0
15746,3.77,95,6,42,413,6.87,0,1,0,0
14475,2.76,166,12,400,447,6.37,1,1,1,0
21557,2.78,320,5,122,94,14.42,1,1,1,0
9568,3.47,330,12,48,258,7.25,1,0,0,0
5601,3.96,385,3,361,524,2.83,1,1,0,0
22041,2.36,452,3,76,482,1.78,0,0,1,0
9080,2.53,375,1,81,167,11.12,1,0,1,0
16854,2.74,341,9,462,173,2.64,0,0,0,0
5159,4.92,61,1,67,474,14.1,1,0,1,0
23214,3.19,173,11,386,107,8.61,0,0,1,0
11313,3.8,252,3,485,154,6.32,0,0,0,0
7368,2.72,460,4,54,133,10.42,0,1,0,0
4317,3.47,111,3,65,400,3.38,1,1,0,0
23877,2.22,214,13,52,313,6.04,0,0,0,0
16272,2.1,238,2,346,309,0.98,0,1,1,0
4230,3.41,414,10,245,411,13.23,1,1,0,0
20517,3.2,226,1,285,551,6.67,1,1,1,0
4301,2.41,229,3,235,396,11.5,0,0,0,0
18927,4.06,232,13,236,180,13.79,1,1,1,0
4910,4.98,162,10,195,327,9.97,0,0,0,0
17904,3.19,125,4,63,559,5.95,1,0,1,0
11107,3.87,428,0,238,300,9.48,0,1,0,0
21300,4.89,252,14,145,418,5.72,1,0,0,0
5757,4.49,332,12,389,227,8.73,0,1,0,0
9464,3.39,437,0,473,375,6.77,1,1,0,0
19562,4.21,198,5,398,486,2.67,1,1,0,0
12088,2.38,196,4,338,557,11.81,1,0,0,0
18124,3.54,121,10,324,103,7.7,1,0,0,0
17260,2.84,412,3,219,265,3.26,1,1,0,0
12743,2.48,455,0,104,249,13.43,1,0,1,0
11683,3.28,263,11,60,517,12.87,0,1,0,0
3060,2.39,53,13,230,380,8.6,0,1,1,0
12269,4.1,134,6,373,443,14.57,0,1,0,0
5895,3.37,338,14,58,256,13.94,0,0,0,0
18323,3.59,358,3,382,223,13.51,0,1,0,0
15352,2.44,150,2,426,560,2.43,0,0,1,0
14875,2.42,99,13,288,571,4.77,0,1,1,0
19969,3.75,233,6,381,565,6.45,1,1,1,0
8823,4.96,31,1,386,564,12.56,0,1,1,0
14962,2.29,61,9,200,516,13.13,1,1,1,0
3534,2.86,428,0,250,274,11.4,1,1,0,0
22846,4.61,195,10,495,545,7.35,1,1,1,0
7011,2.22,29,3,89,155,2.85,0,1,1,0
22782,4.63,242,12,332,239,1.01,1,0,1,0
5155,3.57,105,7,95,569,10.64,1,1,1,0
9957,3.22,294,12,470,179,14.92,1,1,1,0
12196,2.93,132,5,451,195,5.51,0,1,1,0
13691,2.89,450,8,295,459,8.75,0,1,1,0
24709,2.92,21,0,253,142,12.25,1,1,0,0
16327,4.65,155,0,337,211,3.2,1,1,1,0
24087,4.17,405,10,448,327,12.53,1,1,1,0
5706,4.01,383,4,338,474,9.57,1,1,0,0
3001,4.4,213,5,155,490,8.76,0,0,0,0
12225,2.77,225,7,173,507,11.55,1,1,0,0
20488,3.85,284,2,313,405,3.99,1,0,0,0
17820,3.38,170,5,367,454,9.41,1,0,1,0
13891,4.35,41,2,118,377,3.99,0,0,1,0
4861,2.93,59,7,383,358,3.1,1,0,1,0
8269,3.93,374,11,380,375,9.54,0,1,1,0
14112,4.65,76,10,444,194,4.4,0,1,0,0
18699,3.21,454,10,382,572,10.86,1,0,1,0
11320,2.2,201,3,377,136,7.96,1,1,1,0
19821,3.55,219,1,149,221,10.58,0,0,1,0
24230,3.04,451,11,26,488,13.43,1,0,1,0
13740,4.02,186,8,402,157,2.5,1,0,1,0
6129,4.85,95,14,124,81,1.47,0,0,1,0
20285,3.46,341,9,428,114,6.3,0,0,0,0
17380,3.4,211,14,326,474,10.89,0,1,0,0
14360,3.96,367,12,69,297,13.35,0,0,1,0
8398,2.31,339,7,243,146,1.0,1,1,0,0
8529,2.76,261,14,83,148,12.0,1,0,0,0
6918,4.76,328,5,415,303,1.59,1,0,1,0
20451,4.01,411,2,200,440,8.92,0,0,0,0
19410,2.04,76,1,94,537,5.49,1,1,0,0
9937,2.61,30,12,285,373,0.76,0,1,0,0
10118,4.05,38,3,208,405,1.91,1,1,1,0
19931,4.29,305,3,202,282,5.63,0,0,1,0
13860,4.52,333,0,374,376,14.33,0,1,0,0
8338,2.88,213,14,87,340,2.75,0,0,1,0
15472,4.79,125,8,189,597,4.44,1,1,1,0
6140,3.66,164,9,341,211,14.91,0,0,1,0
10996,4.09,245,7,191,404,7.47,0,1,1,0
18489,3.79,108,6,303,147,4.3,0,0,1,0
20974,2.37,87,5,126,205,9.43,1,1,0,0
17201,4.89,199,2,385,472,6.82,0,0,1,0
10776,2.37,270,3,130,481,12.95,1,0,0,0
7943,2.76,50,1,97,415,0.62,0,1,1,0
15886,4.44,488,6,205,108,14.95,0,1,1,0
11997,3.86,197,1,272,124,1.46,1,1,0,0
10798,4.51,22,13,255,180,8.29,1,1,0,0
23175,3.55,152,14,112,305,10.61,0,0,0,0
20741,3.13,222,9,149,498,8.47,1,0,0,0
11092,4.77,429,0,202,341,4.86,1,1,1,0
6225,2.11,220,5,53,371,12.9,0,0,0,0
14810,4.57,150,3,423,291,6.74,1,1,1,0
17914,2.69,265,14,322,535,4.86,0,1,1,0
5460,4.55,72,7,241,315,11.64,1,0,0,0
11737,2.42,368,0,393,148,2.61,1,1,0,0
16920,3.74,76,8,403,325,3.47,1,1,0,0
22112,4.66,31,5,301,316,4.17,1,0,1,0
13754,3.42,368,13,359,410,6.81,1,1,0,0
13833,4.24,434,1,20,442,0.79,1,0,1,0
6114,4.41,492,7,468,544,14.88,0,1,0,0
20000,4.21,424,4,492,308,9.2,0,0,0,0
18360,4.78,64,4,116,588,14.58,1,1,1,0
23028,3.34,448,4,106,461,12.21,1,0,1,0
20587,2.52,356,6,350,206,2.45,1,1,0,0
12951,2.14,423,6,271,193,3.53,1,0,1,0
5565,2.74,17,9,383,322,1.0,1,1,0,0
6174,2.43,163,10,34,224,12.59,0,1,0,0
22465,3.67,286,6,161,518,9.11,1,1,1,0
5630,2.55,53,11,330,417,3.62,0,0,0,0
6161,2.12,62,9,404,487,14.57,0,0,1,0
7321,2.11,256,1,308,247,11.18,1,0,1,0
16204,4.49,238,7,89,246,10.73,0,1,0,0
10099,3.77,435,0,331,244,4.37,0,1,0,0
14360,3.07,483,12,298,341,5.04,0,0,1,0
13313,4.68,440,13,73,340,10.19,0,0,1,0
16502,2.21,8,1,365,254,9.11,1,0,0,0
23462,4.94,469,10,406,175,9.89,1,0,0,0
8801,3.85,119,6,321,436,13.24,0,1,0,0
17130,2.55,347,3,271,449,2.83,1,0,0,0
17271,4.04,89,10,266,221,2.19,1,1,0,0
19075,4.29,371,9,153,246,8.69,0,1,1,0
7151,3.29,457,9,263,398,7.75,1,0,1,0
11911,4.58,311,8,428,414,6.34,1,0,1,0
21984,2.45,174,10,258,553,13.62,0,1,1,0
15861,2.84,2,8,36,224,8.6,1,0,1,0
3666,2.28,129,13,431,133,8.73,1,0,1,0
19667,2.63,53,2,435,201,5.81,1,0,0,0
8840,2.72,292,12,368,203,5.49,0,1,1,0
6565,4.75,183,13,298,246,14.82,1,0,0,0
13426,2.23,414,12,252,101,9.53,1,1,1,0
23977,3.28,352,2,419,355,12.46,1,0,1,0
20849,3.6,223,8,371,487,6.99,1,1,1,0
24118,4.7,490,12,173,561,3.28,0,1,0,0
10366,4.99,11,9,436,378,5.21,0,0,1,0
18630,4.26,441,14,205,356,5.52,0,0,1,0
23056,4.91,194,11,451,401,8.69,0,0,0,0
10382,4.36,246,7,102,194,2.74,0,0,0,0
19149,4.89,367,0,74,351,6.11,0,0,1,0
18871,4.12,153,5,444,247,1.96,0,1,1,0
16273,2.24,77,6,81,515,7.7,1,1,0,0
3992,3.21,139,13,420,343,14.24,0,1,1,0
9858,3.94,499,10,377,329,5.41,0,0,0,0
5121,3.05,89,13,78,541,1.22,1,1,0,0
15388,2.82,143,7,161,518,9.33,0,1,0,0
21607,3.73,436,11,485,421,9.7,0,0,0,0
23906,4.8,71,11,168,545,7.45,1,0,1,0
22572,2.1,432,1,466,137,6.25,1,0,1,0
22621,4.31,176,13,193,84,13.44,1,0,1,0
7136,4.17,347,0,330,344,14.11,0,0,1,0
19727,4.89,262,3,81,328,10.26,1,0,0,0
15653,4.79,270,0,186,174,7.77,0,1,0,0
18479,4.29,104,1,189,536,1.48,1,0,1,0
24088,3.56,419,2,323,396,4.87,1,1,0,0
7823,2.61,71,3,122,198,4.63,0,1,0,0
7920,3.64,73,11,47,281,1.34,1,1,1,0
22585,4.3,142,11,103,132,12.73,0,1,1,0
8471,4.69,61,5,153,396,13.07,1,1,1,0
20272,4.37,145,7,78,323,13.73,0,0,0,0
12533,2.59,45,8,109,173,11.26,0,0,0,0
10127,3.8,228,14,89,359,10.8,1,1,1,0
6720,3.0,104,3,442,171,7.43,0,0,1,0
22267,2.03,108,0,204,117,12.93,1,0,0,0
18696,2.6,316,13,457,492,7.9,0,0,0,0
23596,2.34,120,4,79,322,0.93,0,1,1,0
21799,4.53,498,4,493,443,8.98,1,1,1,0
22385,2.78,42,8,164,143,6.16,1,0,0,0
21122,2.85,427,5,187,280,8.06,1,1,0,0
4364,4.88,98,4,85,386,6.89,1,1,0,0
5708,3.14,193,9,390,254,7.7,0,0,1,0
15982,2.03,310,9,143,178,2.07,0,0,0,0
20308,2.85,213,4,232,305,0.71,1,0,0,0
3151,2.36,462,7,201,352,5.43,0,0,0,0
20296,2.31,228,10,90,265,4.19,1,1,0,0
5321,2.23,422,0,63,531,4.13,0,0,0,0
16865,3.78,483,4,359,584,14.09,1,1,0,0
3495,2.57,388,0,214,173,12.38,0,0,0,0
14987,3.08,184,14,76,386,0.69,0,0,1,0
5148,4.59,111,6,311,596,0.63,0,1,1,0
3556,3.27,398,13,76,253,11.77,1,0,1,0
16393,4.75,346,14,396,152,14.78,0,0,1,0
4552,3.49,271,6,190,224,7.25,1,0,1,0
21504,3.2,312,12,319,135,6.78,0,0,1,0
6085,4.25,483,9,337,323,4.5,0,0,1,0
22888,2.22,101,7,390,283,10.17,0,0,1,0
3156,2.27,209,13,102,95,7.34,0,0,1,0
11926,3.96,226,6,336,205,2.93,1,1,0,0
10162,3.46,280,10,113,545,7.48,1,0,0,0
24907,4.37,21,8,286,507,5.96,0,1,1,0
11055,4.75,247,7,352,430,13.4,1,0,0,0
7654,3.17,158,7,395,158,11.69,1,1,0,0
14468,3.79,378,2,180,580,10.67,0,1,0,0
3154,3.5,228,14,121,458,5.24,0,1,1,0
10950,4.94,417,9,396,343,2.52,0,0,1,0
18323,4.49,342,14,131,384,13.04,0,0,1,0
20380,4.74,399,3,85,567,5.47,1,1,0,0
7626,2.76,453,3,129,204,9.1,0,1,0,0
22289,4.32,186,0,139,160,9.07,0,0,0,0
17259,2.8,142,5,298,254,13.96,1,1,1,0
17873,2.63,337,1,261,204,2.99,0,1,1,0
16016,4.83,357,14,452,427,11.69,0,0,1,0
12369,2.06,396,8,167,446,7.21,1,1,0,0
3153,4.9,23,13,261,494,3.03,1,1,1,0
10853,2.45,140,0,241,331,12.62,0,1,0,0
15379,4.46,448,0,290,313,12.39,1,1,0,0
18792,2.83,239,10,469,437,1.08,0,0,1,0
8599,3.05,291,12,305,405,10.79,1,0,0,0
21100,2.65,304,9,492,144,2.73,1,1,0,0
17785,3.76,81,10,23,372,9.35,0,0,0,0
14049,3.04,47,5,339,403,9.84,0,1,0,0
3786,3.97,352,12,340,410,10.15,0,0,0,0
7368,2.05,357,0,27,214,2.24,0,0,0,0
17923,2.19,170,11,71,498,9.18,1,0,1,0
7272,2.3,261,14,161,209,1.95,0,0,0,0
23151,3.26,464,2,333,436,11.31,0,0,1,0
8994,4.44,67,9,286,539,1.42,0,0,0,0
22810,4.66,13,1,334,574,11.49,1,1,0,0
23167,2.73,29,12,299,340,13.31,0,0,1,0
24811,3.72,109,10,107,215,4.83,1,1,1,0
10011,4.31,211,8,179,306,11.79,0,1,1,0
23085,2.87,263,4,492,307,6.55,1,0,1,0
17086,3.23,437,5,321,337,12.07,1,1,1,0
12261,3.57,321,1,47,493,10.45,1,1,0,0
21733,2.4,484,7,35,299,4.69,1,0,1,0
10011,2.08,387,5,317,315,3.31,1,0,0,0
4212,2.46,201,10,378,99,13.76,0,0,1,0
17141,3.88,83,11,291,503,12.67,1,1,1,0
12344,2.22,443,7,119,492,10.07,1,1,0,0
9704,2.57,375,7,415,468,5.57,1,1,0,0
18896,3.01,52,13,223,424,7.9,0,0,1,0
21895,2.23,354,14,209,546,8.59,0,1,0,0
3143,2.58,495,0,53,268,1.75,1,1,0,0
13681,4.73,255,6,313,447,14.6,0,0,1,0
10367,2.06,73,1,402,464,1.83,0,1,0,0
6228,3.96,219,14,487,177,10.96,0,1,1,0
7582,3.15,142,10,450,349,7.65,0,0,1,0
16147,4.02,99,7,482,297,11.52,0,1,1,0
14397,3.77,128,11,297,100,4.28,0,1,1,0
9031,2.67,405,1,355,351,6.23,0,0,1,0
7243,4.54,218,3,363,239,8.12,1,0,1,0
16647,3.48,476,1,278,571,2.25,0,0,1,0
14496,4.47,270,12,276,508,12.85,1,0,0,0
12549,3.22,457,6,72,126,14.88,1,0,1,0
18146,4.95,467,4,211,302,6.56,0,0,0,0
22097,4.31,21,12,191,237,5.96,0,1,0,0
7185,4.9,177,10,66,126,9.11,0,0,1,0
15486,3.54,47,12,441,430,10.49,0,0,0,0
10328,3.42,116,10,210,398,13.09,1,1,0,0
24017,4.27,328,8,390,310,5.91,0,1,0,0
22576,4.64,375,4,484,377,11.59,1,1,0,0
19684,4.89,178,10,60,524,3.98,0,1,0,0
20107,2.97,479,7,424,184,10.37,0,0,1,0
6010,4.4,272,1,448,378,7.27,1,1,1,0
8555,2.63,361,2,416,147,10.09,1,0,0,0
3067,3.64,338,5,213,120,6.01,1,1,1,0
15185,2.54,359,10,85,279,4.77,0,0,1,0
21890,3.04,346,6,62,454,7.55,1,0,0,0
4537,4.79,178,13,209,485,13.48,1,0,0,0
19781,2.44,420,9,108,313,10.29,1,0,0,0
14549,3.9,481,7,495,587,9.37,0,0,1,0
8680,3.78,494,14,195,321,10.94,1,0,0,0
24209,2.36,48,2,388,418,11.07,1,0,0,0
11747,2.98,314,6,45,99,4.77,0,0,1,0
18116,3.69,393,7,118,250,3.87,1,0,0,0
23045,2.56,254,9,495,295,7.88,1,1,1,0
5941,4.4,29,14,80,95,2.64,1,0,1,0
13849,4.92,84,5,400,362,7.38,1,0,1,0
10067,2.64,276,3,269,380,10.55,0,1,0,0
24475,2.56,33,12,394,244,0.61,1,0,0,0
13151,3.36,328,5,337,337,2.11,0,1,0,0
20985,4.24,97,8,244,432,14.45,1,1,0,0
20864,2.84,433,2,101,166,13.96,0,0,1,0
22660,2.06,75,14,417,88,6.56,0,0,1,0
18126,3.62,174,1,201,542,9.06,0,0,1,0
18613,4.87,340,4,444,376,2.75,0,0,1,0
9447,3.17,248,6,207,296,5.3,1,0,0,0
8499,3.26,339,2,412,307,12.0,0,1,1,0
9273,4.91,133,4,63,111,12.91,0,1,0,0
4299,4.08,177,3,331,510,6.38,1,0,0,0
9701,4.16,364,10,497,249,5.01,0,0,1,0
7994,3.69,227,6,278,310,10.38,1,1,1,0
18627,4.92,62,1,117,149,10.91,0,0,0,0
10489,4.07,267,11,372,190,14.77,1,1,1,0
11269,4.69,424,10,110,168,10.61,1,0,1,0
5831,4.1,414,12,334,81,3.98,0,0,0,0
14602,4.21,257,6,348,135,1.37,1,0,1,0
22105,2.87,143,11,160,350,4.24,0,0,0,0
14819,2.91,384,1,433,353,3.79,0,1,0,0
20916,4.35,387,2,328,349,1.85,0,0,0,0
24637,2.89,302,4,271,269,6.94,1,0,1,0
4996,3.69,499,6,227,562,4.68,1,0,0,0
24695,2.75,448,12,198,387,13.91,0,0,1,0
14619,4.45,51,5,317,101,6.36,1,0,1,0
19661,2.33,302,11,429,93,13.21,1,0,1,0
6089,4.49,98,6,206,565,4.95,0,1,0,0
3523,3.81,460,10,344,543,12.56,1,0,0,0
23659,2.56,305,5,129,512,7.09,1,0,1,0
15410,3.63,44,12,238,479,0.97,0,0,0,0
24749,2.85,41,11,482,358,7.56,0,1,0,0
18732,2.97,478,0,367,189,3.79,1,1,0,0
22506,3.05,467,14,22,127,4.96,1,1,0,0
11167,2.19,439,4,60,161,10.42,1,0,1,0
8190,4.96,326,11,144,357,8.18,0,1,0,0
7575,2.09,56,0,276,460,13.38,1,1,0,0
10727,3.99,487,6,212,389,14.07,1,1,0,0
18378,3.11,32,3,134,319,10.52,1,1,1,0
4797,3.94,411,4,89,262,13.02,0,0,1,0
5131,3.07,113,0,478,263,3.33,1,1,0,0
17900,4.02,299,7,401,545,1.65,1,0,0,0
20199,4.19,113,14,325,516,5.33,0,1,1,0
14332,4.07,55,3,355,312,5.22,1,1,1,0
9666,2.34,43,2,116,80,10.14,1,0,1,0
19526,3.97,211,0,235,584,12.69,0,1,1,0
15479,2.84,351,3,334,441,4.8,1,1,0,0
4410,2.09,328,2,243,362,6.66,1,0,0,0
15665,3.24,33,7,349,248,2.02,0,1,1,0
3534,3.3,269,8,338,265,6.48,1,1,0,0
6364,3.4,195,11,300,201,3.61,1,1,1,0
20416,4.11,412,4,413,520,6.05,1,0,1,0
6342,2.93,124,8,352,553,4.36,1,1,0,0
16465,2.95,78,0,399,201,12.23,1,0,1,0
7500,2.18,254,6,148,371,0.56,1,0,0,0
4172,4.06,144,10,118,326,5.41,0,1,0,0
23901,3.7,82,13,289,267,14.55,0,0,0,0
11007,3.05,229,6,424,363,10.35,0,1,0,0
4641,4.12,136,5,266,203,11.7,0,0,0,0
19855,3.61,26,3,205,326,12.97,1,1,1,0
22324,3.41,176,12,263,485,5.75,0,0,0,0
11738,3.53,206,10,57,416,1.46,0,1,1,0
7726,3.91,420,8,276,238,6.46,0,1,0,0
14789,3.98,411,13,359,346,9.96,0,0,0,0
14017,2.87,305,2,267,371,5.88,1,1,1,0
23107,2.42,310,10,152,230,7.0,1,0,0,0
3363,2.47,387,14,63,364,12.47,1,1,0,0
13358,3.92,212,10,499,230,1.03,0,0,0,0
6309,4.62,353,0,212,203,5.35,0,1,1,0
19929,3.23,402,14,76,351,7.58,0,0,0,0
6240,2.51,36,1,267,419,4.84,0,0,0,0
9665,4.27,387,2,123,526,6.96,1,0,1,0
15921,4.5,292,1,64,536,6.33,1,1,1,0
4936,4.64,178,5,79,192,13.9,0,1,1,0
16968,3.82,159,12,85,143,7.65,1,1,0,0
14197,4.58,428,14,242,472,7.41,0,1,0,0
14998,2.05,367,13,66,578,4.19,0,1,0,0
3882,2.32,11,6,257,597,1.17,1,1,0,0
23224,2.28,168,4,390,434,4.84,1,0,0,0
9923,4.14,311,4,45,232,0.89,0,0,0,0
23995,2.21,79,6,412,408,12.49,0,1,0,0
16708,3.49,13,5,326,558,3.46,1,0,0,0
8204,3.42,53,11,113,470,13.71,1,1,0,0
10288,2.93,446,7,129,491,13.34,0,1,0,0
6203,4.61,253,8,411,337,10.14,0,1,0,0
5244,2.51,64,1,280,586,13.01,1,1,0,0
3018,3.06,371,11,273,373,13.23,1,0,0,0
20025,4.32,57,1,314,556,11.76,0,0,1,0
6083,2.09,95,14,343,587,7.86,1,1,0,0
24584,4.02,20,0,59,198,14.28,0,0,1,0
11521,4.45,259,6,311,557,12.36,1,0,0,0
20249,4.8,72,10,424,398,2.34,0,0,1,0
3773,4.63,247,14,273,474,6.59,1,1,1,0
7732,2.96,126,13,116,127,8.33,0,1,1,0
22902,3.76,498,3,45,517,8.18,1,0,0,0
9795,2.23,45,14,123,554,6.0,0,0,1,0
9984,2.77,469,8,122,215,8.21,1,1,1,0
5567,2.28,267,5,94,597,1.85,1,1,1,0
19121,2.95,127,11,104,403,10.0,1,1,1,0
4674,4.63,29,6,233,276,7.72,1,1,0,0
13875,3.04,93,12,132,190,11.92,1,0,1,0
14572,3.69,223,6,331,194,10.55,1,1,0,0
3739,3.3,315,7,76,567,2.14,0,1,0,0
4545,3.38,99,3,462,444,5.59,0,1,1,0
12327,4.91,70,2,403,563,11.18,0,1,0,0
8127,2.89,80,2,120,389,5.38,1,1,1,0
12065,3.88,448,9,269,192,8.72,0,0,0,0
23939,3.26,397,7,154,349,14.44,1,1,0,0
13492,2.18,366,11,445,399,1.66,0,1,0,0
16749,3.47,299,14,160,254,3.26,0,1,1,0
12045,4.44,107,12,103,98,7.47,1,0,0,0
23116,2.3,101,14,226,282,11.21,1,0,0,0
21667,2.21,409,2,249,205,5.29,1,1,0,0
12521,2.46,90,7,437,546,2.2,1,0,1,0
11669,4.29,364,1,375,333,5.08,1,1,1,0
14283,4.17,15,14,456,371,9.84,1,0,1,0
9998,3.7,109,4,321,231,11.99,0,1,0,0
16440,3.4,262,4,460,278,14.67,1,1,1,0
15697,4.66,159,6,80,278,11.54,1,1,0,0
16733,4.3,252,4,236,532,7.64,0,0,0,0
24797,4.44,88,8,75,259,4.74,0,1,0,0
4269,4.44,94,2,48,297,13.95,0,1,1,0
10868,3.93,271,8,130,399,8.25,0,0,0,0
15373,3.37,246,0,111,102,10.49,0,0,1,0
21987,4.59,360,2,161,163,7.35,0,1,1,0
8961,4.78,377,3,471,405,4.01,0,1,0,0
18734,2.07,205,5,121,408,8.43,0,0,0,0
12661,2.15,344,9,90,409,12.68,0,0,0,0
11569,4.88,317,7,32,552,6.06,1,0,0,0
10557,2.83,285,6,420,557,10.2,1,0,0,0
21064,4.62,247,7,176,314,1.11,1,0,1,0
11433,3.17,454,5,100,198,14.08,1,0,1,0
18653,2.36,395,5,119,119,14.56,0,1,1,0
12111,2.24,66,13,102,339,6.1,0,1,0,0
8682,2.47,474,5,237,85,7.73,0,1,0,0
18479,2.75,45,2,391,390,2.83,0,0,0,0
18047,3.47,466,13,256,145,3.34,1,1,1,0
11084,4.1,42,9,144,453,9.23,0,0,0,0
24751,4.96,228,14,220,225,9.59,1,1,1,0
19453,3.32,438,3,21,313,5.45,1,1,1,0
23308,3.55,300,10,81,108,5.92,1,0,0,0
9200,3.57,443,5,39,549,7.84,1,1,1,0
13278,3.62,233,12,490,440,14.13,1,1,0,0
5007,3.55,198,6,229,434,2.67,1,1,0,0
18802,2.03,496,2,459,105,8.5,1,1,1,0
16329,2.01,335,3,365,369,1.34,0,0,0,0
5779,2.29,31,5,199,150,7.15,0,0,0,0
24304,2.3,263,0,428,168,6.26,1,1,0,0
3755,4.11,112,10,81,256,2.88,0,0,0,0
9495,2.61,460,14,292,106,2.88,0,0,0,0
13187,4.68,317,6,314,368,7.03,1,0,0,0
12513,4.79,458,12,260,563,2.34,1,1,0,0
21714,4.93,275,14,270,513,4.77,1,1,1,0
20400,4.82,145,10,29,572,1.53,1,0,0,0
10347,2.82,356,0,206,357,4.81,1,1,0,0
17249,3.53,5,10,428,425,8.24,0,1,1,0
17879,2.53,339,12,129,317,11.29,1,0,1,0
17057,4.42,479,11,47,216,12.54,0,1,0,0
15057,4.67,493,12,493,242,5.4,0,0,0,0
7938,4.55,107,11,479,372,14.11,1,0,0,0
22222,3.3,412,12,80,107,3.99,1,1,1,0
3737,4.28,259,9,77,335,1.67,0,1,0,0
9200,2.29,70,10,319,344,13.91,0,1,0,0
11371,2.12,426,14,358,560,8.33,0,1,1,0
19615,4.26,339,10,271,480,5.59,1,1,1,0
21301,3.28,161,8,426,539,13.52,1,0,1,0
11534,4.99,99,9,481,212,11.75,0,0,0,0
5623,2.29,326,8,275,270,12.57,1,0,0,0
11646,4.57,32,10,400,203,4.74,1,0,0,0
16543,3.44,142,8,164,510,13.17,0,1,1,0
15817,4.48,243,3,98,297,9.92,0,1,0,0
21660,4.45,223,1,360,482,11.2,1,1,0,0
23258,4.75,213,6,313,401,5.03,1,1,0,0
23914,2.89,119,12,305,380,4.05,1,0,1,0
7497,4.85,167,3,422,150,6.42,1,1,0,0
10933,2.46,348,13,307,293,8.84,0,1,1,0
21519,2.25,216,4,496,453,10.16,0,1,1,0
9727,3.29,388,0,233,415,7.72,1,1,1,0
15156,4.48,461,10,39,250,10.63,0,0,1,0
20949,3.42,433,11,377,423,10.77,1,1,1,0
19692,4.49,354,9,249,535,10.16,0,0,1,0
11627,4.19,321,12,83,489,4.14,1,1,0,0
11368,2.63,216,5,55,380,6.97,0,0,1,0
19522,4.85,53,11,468,575,11.6,0,0,1,0
19577,2.18,207,14,230,370,13.36,0,1,0,0
22641,4.69,429,6,190,516,7.77,0,1,1,0
18577,2.91,79,2,45,181,14.81,0,0,0,0
22619,3.5,394,9,282,89,3.03,0,1,1,0
16472,3.27,379,1,309,120,3.75,1,0,0,0
3942,2.52,432,12,183,449,7.18,1,0,0,0
7620,3.07,482,11,409,205,7.88,0,0,1,0
19195,2.58,150,11,440,462,6.65,0,1,0,0
14154,2.61,54,9,81,406,6.74,1,0,0,0
9353,2.56,4,6,105,529,7.57,0,1,0,0
24341,3.47,447,0,92,352,5.14,0,0,1,0
12145,4.39,34,1,403,581,2.4,1,1,1,0
12494,3.71,348,2,79,566,14.36,0,0,0,0
16562,4.68,494,3,496,306,12.03,0,1,1,0
22765,3.91,118,14,339,306,12.32,0,0,0,0
5880,4.07,196,4,197,420,5.79,1,1,1,0
24271,4.0,53,3,71,351,6.36,0,0,0,0
3545,3.35,258,14,164,474,14.07,1,1,0,0
17132,4.07,261,9,335,203,14.61,0,1,1,0
16304,2.21,342,2,96,274,14.17,1,0,0,0
4927,4.58,365,0,138,252,9.82,0,1,0,0
23536,4.33,311,14,228,282,4.02,1,1,0,0
19388,2.74,1,6,201,112,9.27,1,0,0,0
14673,4.3,81,11,157,290,9.04,1,1,1,0
24917,2.04,349,9,144,130,13.67,1,1,1,0
18372,2.65,421,5,172,486,5.02,0,1,1,0
24762,2.2,439,1,37,597,3.41,1,1,0,0
5663,4.34,4,1,83,212,4.35,1,0,0,0
18033,4.27,173,2,255,175,4.03,1,1,0,0
12465,4.44,496,7,98,503,9.9,0,1,1,0
6326,2.01,138,7,78,161,12.28,0,0,0,0
6659,3.5,192,9,430,394,5.84,0,0,0,0
20515,4.11,137,14,270,359,3.06,1,1,0,0
7763,2.47,296,9,333,165,5.47,1,1,1,0
13828,3.95,115,9,80,445,8.43,1,0,1,0
17820,2.25,43,11,486,445,10.14,1,1,1,0
14221,2.54,345,9,137,172,8.47,0,0,0,0
14211,3.43,288,10,98,150,4.22,0,1,0,0
16569,3.96,218,13,256,405,13.81,0,0,1,0
8092,2.44,55,11,346,586,6.85,0,0,0,0
9022,2.56,241,7,190,405,7.16,1,0,1,0
15569,2.61,395,6,263,270,14.53,0,1,1,0
22543,2.72,257,13,227,293,13.09,1,0,1,0
16515,2.68,0,1,363,126,12.19,1,1,0,0
9159,3.19,448,0,106,168,3.15,0,0,1,0
16223,3.96,376,5,158,306,12.65,0,1,1,0
11445,3.31,380,10,107,476,7.1,0,1,0,0
24691,4.33,288,7,152,296,3.54,1,1,1,0
14022,4.16,469,0,461,380,14.87,0,1,1,0
6044,2.38,459,2,58,495,2.99,0,1,0,0
12612,2.15,102,14,195,249,13.87,1,1,0,0
8636,4.63,291,0,497,444,0.51,1,0,1,0
14593,2.24,148,9,99,311,6.85,0,1,1,0
19179,2.45,83,8,39,407,0.93,0,1,0,0
5892,2.07,419,6,240,312,13.73,1,0,1,0
24672,3.89,25,13,356,116,2.33,0,0,0,0
8812,3.75,174,7,294,481,10.26,1,1,0,0
3654,4.96,222,8,207,505,9.65,1,0,1,0
24865,4.66,128,2,173,487,11.8,1,0,1,0
20143,3.23,421,9,482,296,11.33,1,0,0,0
4798,3.11,141,10,428,249,0.97,1,1,1,0
8159,2.89,345,1,162,437,6.13,0,0,1,0
14618,2.46,301,5,270,265,5.18,0,1,0,0
11446,2.41,297,4,231,240,14.61,1,0,1,0
24646,2.4,134,3,497,363,11.74,1,1,0,0
6823,2.34,54,5,168,263,10.77,0,0,1,0
19099,2.72,55,14,194,221,6.91,0,1,1,0
21260,2.92,373,5,438,310,13.42,1,1,0,0
10787,4.88,75,11,191,547,0.74,1,0,0,0
14196,3.74,318,2,153,467,3.81,1,0,1,0
23900,4.96,407,13,135,237,10.58,1,1,1,0
23118,3.12,338,1,376,397,7.87,0,1,0,0
24740,3.37,456,8,222,264,8.24,0,0,0,0
9380,2.97,354,7,426,500,6.54,0,0,1,0
20392,2.55,131,13,314,262,2.91,1,0,0,0
23698,2.43,492,3,476,131,2.91,0,0,0,0
12702,4.84,41,5,165,82,4.77,1,0,0,0
21892,4.96,351,2,257,156,7.29,1,0,0,0
24142,2.13,109,10,247,95,12.45,0,0,0,0
5682,2.45,69,7,274,309,6.98,1,0,0,0
3989,3.27,283,2,443,346,13.52,1,1,0,0
15476,2.56,125,1,311,385,2.25,0,0,0,0
11446,3.09,347,14,175,85,4.44,1,1,1,0
7711,2.39,295,6,467,189,1.52,1,0,0,0
9479,3.37,178,13,358,222,7.9,0,0,1,0
16161,2.82,412,2,369,286,1.81,1,0,1,0
17635,3.06,297,12,461,508,12.04,1,0,0,0
11075,2.28,373,8,441,245,1.08,0,1,1,0
23836,3.28,196,14,262,339,7.39,1,0,0,0
4007,4.95,260,2,226,473,6.6,0,1,1,0
10688,2.99,100,14,447,200,3.43,1,1,1,0
13763,4.63,424,7,273,492,9.01,1,0,0,0
6908,4.53,60,1,479,219,6.1,0,1,0,0
22187,4.86,182,8,277,247,3.37,0,1,1,0
14957,4.37,411,0,92,163,12.49,1,1,1,0
7379,3.98,296,11,54,500,10.08,1,1,1,0
19482,4.57,366,2,148,347,0.68,1,1,1,0
3877,2.23,8,10,449,117,7.78,0,1,1,0
18585,3.39,412,13,207,382,4.43,0,1,0,0
21252,4.97,205,1,338,417,13.77,1,1,1,0
22049,4.31,421,12,114,409,11.02,0,1,0,0
20772,4.89,317,13,239,278,9.37,1,1,0,0
21799,4.34,53,12,320,84,1.79,0,0,0,0
5637,4.62,179,11,144,511,13.99,1,1,0,0
10242,4.12,103,14,204,450,2.59,0,0,0,0
12257,4.28,125,6,56,182,7.04,0,0,1,0
11613,3.57,33,4,282,514,10.38,1,0,1,0
5883,4.77,164,14,129,460,7.67,1,1,1,0
4204,4.48,432,7,419,145,13.3,1,1,1,0
19928,4.53,297,1,197,349,12.61,1,0,0,0
14831,4.02,269,7,161,126,2.46,0,1,0,0
18464,2.91,465,6,153,444,9.46,0,1,0,0
20607,2.11,288,11,464,259,1.26,1,0,1,0
22556,4.81,117,10,168,147,10.95,0,0,1,0
16994,3.76,353,4,413,194,11.17,1,0,0,0
9520,2.89,91,1,307,105,5.5,0,0,0,0
3654,2.45,99,9,409,286,11.91,0,0,1,0
21830,4.49,492,10,277,152,9.96,1,1,0,0
11412,4.51,495,6,58,338,7.81,1,0,0,0
6666,4.44,484,9,324,465,7.1,1,1,1,0
7277,3.94,86,3,302,109,2.08,1,0,0,0
23786,3.1,233,3,331,500,8.2,1,1,0,0
21953,2.91,400,7,33,82,2.76,1,0,0,0
8515,2.03,123,5,426,599,10.01,0,1,0,0
12205,4.5,202,8,378,480,9.12,0,1,0,0
18198,2.26,31,10,393,353,4.71,0,0,0,0
6985,3.89,356,14,397,551,4.08,1,0,0,0
16135,3.51,462,1,488,451,7.4,0,0,1,0
11167,3.58,451,4,380,510,7.93,1,0,1,0
10448,4.78,38,5,454,427,12.07,0,0,1,0
23694,2.09,93,7,497,150,4.91,1,0,1,0
22403,4.32,9,3,300,561,6.35,0,0,1,0
6681,2.16,214,10,72,335,5.48,0,1,1,0
23580,2.11,407,6,491,182,6.21,1,1,0,0
19956,3.29,99,10,30,226,8.72,1,1,1,0
12524,2.19,243,6,182,219,8.58,1,1,0,0
7753,4.37,57,3,202,502,5.74,1,0,1,0
10082,3.59,452,0,205,143,9.24,0,0,0,0
7002,2.09,356,2,471,350,9.43,1,1,0,0
8629,2.12,490,1,56,592,8.14,1,1,1,0
15278,3.84,319,12,480,86,7.06,1,1,1,0
11417,4.42,18,12,28,472,1.63,0,1,0,0
23584,3.31,356,11,47,80,8.35,1,0,0,0
4997,3.66,116,2,330,340,10.83,1,0,1,0
11963,4.4,135,4,193,126,3.62,0,0,1,0
18784,3.83,326,10,483,81,11.78,1,0,0,0
7524,2.67,295,11,146,438,9.0,1,1,1,0
6407,3.84,12,0,89,556,3.94,1,1,1,0
9731,3.88,100,4,302,501,2.86,0,1,0,0
10795,4.2,379,1,285,283,4.06,1,1,0,0
14332,3.86,154,13,170,306,11.51,1,1,1,0
22177,4.91,81,3,168,230,4.13,0,1,1,0
5911,2.59,87,5,237,326,10.41,0,0,1,0
21799,4.85,104,8,448,96,8.41,0,1,1,0
19634,3.62,129,9,145,383,8.43,0,0,1,0
18194,4.02,271,5,22,593,12.86,1,1,1,0
7951,2.3,13,9,206,276,13.18,1,0,0,0
11098,3.14,127,12,62,525,8.29,0,1,1,0
24673,4.31,400,10,118,420,1.45,0,0,0,0
19117,4.12,59,11,282,140,2.84,1,0,1,0
11102,2.12,453,1,430,346,14.26,0,0,0,0
8565,3.64,226,7,209,176,2.45,0,0,0,0
4173,2.26,16,4,61,362,12.61,1,1,1,0
11624,4.99,44,8,116,326,8.34,0,0,1,0
17394,4.69,37,14,279,114,2.15,1,1,1,0
16256,2.06,123,9,237,548,13.83,1,1,0,0
3835,4.58,359,8,465,147,13.96,0,1,1,0
21646,4.76,63,3,155,268,9.42,0,0,0,0
14824,3.06,376,12,359,120,6.14,0,1,0,0
7567,4.16,252,0,164,146,9.31,1,1,0,0
6815,3.33,261,10,24,387,9.6,0,1,0,0
19630,3.97,443,13,466,198,9.52,0,1,1,0
5429,3.02,111,8,388,265,11.13,1,1,0,0
12182,2.97,101,8,412,149,1.47,1,1,0,0
12118,3.27,48,7,155,363,1.99,0,1,1,0
14630,2.44,276,4,26,427,4.6,1,1,0,0
24671,4.49,226,4,56,274,5.57,1,0,1,0
5607,3.05,22,9,330,563,9.75,0,0,0,0
8930,3.2,331,5,86,359,2.99,1,0,0,0
7022,4.68,184,0,411,427,8.34,0,0,0,0
14991,3.49,63,8,344,557,3.19,1,1,1,0
24168,3.63,156,4,24,177,5.65,0,0,1,0
9617,4.87,282,6,292,361,14.06,0,0,1,0
6151,4.66,389,10,386,498,13.49,0,1,1,0
8580,2.51,148,14,77,302,14.32,1,1,1,0
10054,3.42,326,7,466,331,9.08,1,0,0,0
10619,4.91,362,4,174,159,7.77,1,0,0,0
18823,3.12,168,2,379,492,12.81,0,0,1,0
16247,3.11,463,5,132,472,1.66,0,0,0,0
7573,2.59,132,6,479,413,14.69,1,0,1,0
18339,2.34,398,12,111,407,7.2,0,1,0,0
6491,4.22,404,13,343,81,10.3,0,0,0,0
3706,4.31,313,3,263,282,11.06,1,0,1,0
18728,4.91,131,8,303,337,9.62,0,0,0,0
9997,4.32,196,13,108,446,13.43,1,1,1,0
8233,2.73,134,10,461,225,4.68,1,0,0,0
8755,2.12,34,3,197,457,8.22,0,0,1,0
20718,4.96,419,10,247,520,6.74,1,0,0,0
24972,3.02,376,9,381,534,10.71,1,0,1,0
21231,2.94,398,1,86,486,6.23,0,1,0,0
9851,4.72,219,8,141,98,13.45,1,0,0,0
15126,3.76,385,3,178,512,7.61,1,0,0,0
10865,2.64,375,3,376,508,8.27,0,0,1,0
15118,4.67,184,9,287,331,7.65,0,0,1,0
6317,4.98,4,0,202,300,9.53,1,1,0,0
15212,2.26,70,13,376,192,7.9,1,1,0,0
14347,4.59,341,1,23,228,14.09,1,0,0,0
13390,3.17,240,11,497,137,2.4,0,1,0,0
17863,3.57,350,2,140,276,0.69,1,1,1,0
19548,4.74,415,6,249,97,8.07,1,0,1,0
10060,4.92,455,11,317,294,11.59,0,0,0,0
18504,2.79,296,8,238,95,9.9,1,0,0,0
6057,2.64,425,11,201,478,14.46,0,0,0,0
7428,2.24,330,4,297,312,3.14,0,0,1,0
3402,3.69,192,3,276,104,10.56,0,0,1,0
11605,2.04,494,12,323,480,12.33,0,1,1,0
18761,3.24,167,1,62,444,13.72,1,1,0,0
23541,2.22,338,13,377,374,8.16,0,0,0,0
3867,3.22,235,12,423,516,5.77,0,1,0,0
16779,2.12,293,11,37,150,14.35,0,1,1,0
18155,4.51,297,13,217,104,11.98,0,1,1,0
11210,2.63,247,6,196,453,7.33,1,0,1,0
3364,2.98,164,5,95,537,9.94,1,1,1,0
18366,4.61,311,11,420,293,4.54,0,1,1,0
9571,4.24,70,11,200,290,9.42,1,1,1,0
19963,2.66,230,6,169,118,8.33,0,0,1,0
17017,2.22,54,7,101,339,1.07,0,1,1,0
9468,4.15,472,8,29,174,13.05,1,1,0,0
7150,3.17,181,9,299,469,7.61,0,0,0,0
16065,4.3,21,4,231,299,7.46,1,0,1,0
22423,3.34,282,10,159,347,4.61,0,0,1,0
7137,3.04,104,4,279,573,3.35,0,0,1,0
15236,3.35,174,3,445,145,4.72,0,1,1,0
19836,4.25,293,10,401,466,9.92,1,1,0,0
15153,4.71,367,2,408,272,1.92,0,1,0,0
16833,2.15,38,12,429,399,5.33,0,1,0,0
4381,3.57,398,6,247,254,14.69,0,1,1,0
11154,2.1,374,12,462,191,4.44,1,0,1,0
4467,3.41,449,12,465,387,14.52,0,0,1,0
16439,4.66,444,4,355,419,2.02,1,1,0,0
22122,3.08,59,6,24,159,12.01,1,1,0,0
20264,4.8,391,14,429,557,6.88,1,0,0,0
15006,3.89,299,1,102,190,3.32,1,1,1,0
6149,4.8,298,8,25,566,11.92,0,1,1,0
10892,4.27,389,8,171,532,0.6,0,1,0,0
23528,2.31,211,12,498,492,5.53,1,1,0,0
19136,2.69,154,8,242,265,9.27,1,1,0,0
4168,3.18,172,12,200,166,3.85,0,1,1,0
15356,2.51,22,12,282,303,5.32,0,1,1,0
6129,3.48,239,4,285,130,1.83,0,0,0,0
18032,3.41,487,13,186,205,12.87,0,0,0,0
23029,4.87,208,9,489,225,6.62,1,1,1,0
5526,3.3,121,11,97,120,2.61,0,0,0,0
14059,4.36,252,8,431,434,3.39,1,0,1,0
6516,4.83,140,0,61,524,4.49,0,1,1,0
22751,4.63,451,1,81,442,3.83,1,0,0,0
13386,2.63,339,9,400,363,7.8,1,0,1,0
6555,3.49,361,4,455,115,13.63,0,1,0,0
19012,3.04,319,4,297,356,3.17,1,0,1,0
17157,3.2,152,5,332,404,7.07,0,1,1,0
8111,3.08,380,13,371,261,10.13,1,0,1,0
9752,4.48,213,7,414,550,3.17,1,0,1,0
19829,3.36,307,11,417,496,2.73,0,1,1,0
9364,3.57,47,0,50,229,2.75,1,1,1,0
6626,4.95,316,9,23,483,13.29,0,1,1,0
23400,2.18,16,11,128,593,10.81,0,1,1,0
6875,3.46,295,8,425,520,5.38,1,1,1,0
8497,4.32,330,3,393,325,13.59,0,0,1,0
18979,2.45,344,7,112,125,14.33,1,0,0,0
14529,3.83,68,11,118,154,6.27,0,1,1,0
19645,2.72,84,14,211,228,7.9,0,1,1,0
24376,4.6,281,12,352,485,5.69,1,1,0,0
16382,2.98,207,11,231,82,3.8,1,0,0,0
7025,2.99,439,4,102,88,11.81,1,0,0,0
13458,3.79,39,0,226,593,9.91,0,1,0,0
16844,2.55,468,13,134,317,5.82,0,0,0,0
23606,2.85,495,8,493,369,0.71,0,0,0,0
7175,3.25,95,7,271,260,11.57,1,0,1,0
12174,3.06,451,4,487,394,7.42,1,1,1,0
6443,3.57,485,13,80,345,1.56,1,1,0,0
24395,3.8,249,14,375,162,2.31,0,1,0,0
13725,3.7,372,10,409,337,9.61,1,1,0,0
3693,3.96,135,13,272,278,8.42,1,0,0,0
11347,2.92,72,3,98,371,3.99,1,0,0,0
14780,2.38,300,7,215,162,2.53,0,1,1,0
21196,4.28,272,8,281,345,13.33,1,0,1,0
16841,4.55,168,6,341,496,2.46,0,1,0,0
17254,2.77,332,3,439,98,1.74,1,1,0,0
17021,3.22,392,6,418,450,9.49,1,1,0,0
16368,3.5,197,5,351,102,4.16,0,0,0,0
8724,3.6,346,10,315,464,10.02,1,1,1,0
4407,3.98,105,11,255,458,7.59,1,0,0,0
11032,2.12,100,2,188,169,3.56,0,0,1,0
17572,4.16,358,9,26,223,1.51,1,1,1,0
20794,2.19,234,2,41,283,1.52,0,0,1,0
22881,3.4,279,0,91,599,8.99,1,1,1,0
23756,4.48,328,13,125,471,11.49,1,1,1,0
10394,3.35,376,12,158,380,10.5,1,1,1,0
19935,2.45,105,4,405,584,9.1,1,0,1,0
14586,4.96,394,7,49,232,3.56,1,1,1,0
15926,4.67,34,11,343,418,13.0,0,1,1,0
23716,4.31,156,5,456,591,9.62,1,0,1,0
3997,3.23,391,7,108,414,10.57,0,0,0,0
23460,2.55,272,6,424,588,3.75,0,0,0,0
17390,4.82,454,1,172,135,4.29,0,0,1,0
9099,3.6,395,7,92,209,13.66,1,0,0,0
24939,4.56,239,3,347,177,7.4,1,1,0,0
23436,3.03,206,10,408,501,8.53,0,1,0,0
24687,3.01,244,4,257,159,2.11,0,0,0,0
16509,4.96,92,10,495,367,6.22,0,0,1,0
8490,3.57,108,12,341,248,13.36,1,0,1,0
8616,2.42,305,7,360,158,13.55,0,0,1,0
18958,2.66,113,4,270,150,11.09,0,0,0,0
5248,3.45,23,4,324,342,8.41,1,0,0,0
20232,2.13,292,5,27,289,14.0,0,0,0,0
13748,3.39,461,14,490,196,13.14,0,1,1,0
13514,3.26,251,14,226,156,12.77,0,0,1,0
11695,4.34,266,6,430,394,13.29,0,0,0,0
11070,3.06,354,8,277,90,7.07,0,1,1,0
11894,4.95,208,13,303,130,8.12,1,0,1,0
23009,2.54,442,10,158,86,6.65,1,0,0,0
19698,3.77,54,6,65,340,11.23,1,1,0,0
18123,2.27,26,5,145,591,9.08,0,1,1,0
5376,4.2,491,14,40,279,1.51,0,0,0,0
7378,4.98,322,11,189,409,2.48,1,0,1,0
14182,4.46,443,9,51,169,3.29,1,1,1,0
3574,3.67,1,3,435,134,10.22,1,1,1,0
16330,3.45,67,13,474,300,2.09,1,1,0,0
24969,4.51,401,10,169,171,8.34,0,0,0,0
24876,4.81,147,9,225,135,12.69,0,0,0,0
11949,4.97,468,11,352,258,14.24,1,1,1,0
22194,3.19,318,1,40,140,6.71,1,1,0,0
8670,4.97,461,10,425,196,8.23,1,1,0,0
9567,2.47,327,12,309,315,12.56,0,0,0,0
15716,2.76,129,10,157,112,14.07,1,1,1,0
22843,2.27,473,14,84,322,6.15,1,0,1,0
9117,2.82,82,8,84,153,5.62,0,0,0,0
23376,4.3,41,9,107,100,7.04,0,1,0,0
10837,4.56,155,10,342,233,4.18,0,0,1,0
19587,4.34,156,4,498,333,12.97,0,0,0,0
17531,3.89,452,4,62,286,5.11,1,0,1,0
22159,3.54,106,10,390,228,7.02,0,1,1,0
21376,4.13,283,11,444,381,5.14,1,1,0,0
21627,3.17,187,2,160,376,2.22,0,1,0,0
11498,4.52,104,12,393,570,9.3,1,0,0,0
21071,4.03,111,2,23,123,9.02,1,0,1,0
7109,4.09,473,0,298,223,4.78,1,1,1,0
21244,3.61,132,11,345,323,0.96,0,1,0,0
24560,4.66,270,10,437,498,14.08,0,0,1,0
20106,2.76,109,4,60,596,5.66,0,0,0,0
16521,3.14,72,2,421,141,8.31,1,0,1,0
11720,4.33,415,14,395,396,2.58,0,1,0,0
7893,3.48,435,10,109,514,4.14,0,1,0,0
19727,4.67,345,1,275,460,6.81,0,1,1,0
24782,3.04,292,10,436,115,8.65,0,0,0,0
11400,3.11,142,8,428,311,12.88,1,1,0,0
24120,4.67,424,12,327,112,4.71,0,0,0,0
22790,3.39,259,13,164,431,13.14,1,1,0,0
17606,3.55,244,9,326,334,7.15,1,0,1,0
13139,3.0,436,5,406,129,6.77,0,0,0,0
20303,2.83,483,2,330,102,6.25,1,0,1,0
5044,3.97,339,6,489,333,13.35,0,0,0,0
19802,2.36,154,11,203,473,4.14,0,0,0,0
21133,4.64,148,8,138,352,12.93,0,1,0,0
20483,4.34,59,8,132,329,1.79,0,1,0,0
6392,2.57,85,14,310,316,14.35,0,1,0,0
22156,4.08,191,0,268,311,7.79,0,1,1,0
13672,3.81,326,14,343,507,14.98,1,1,0,0
17444,2.55,430,1,462,321,9.32,0,0,1,0
9784,2.82,181,14,111,213,2.21,1,1,0,0
20929,3.23,286,7,78,150,1.38,1,1,1,0
4070,4.1,272,14,288,544,3.3,0,0,1,0
4850,3.92,254,10,337,500,6.61,0,1,0,0
24437,3.6,433,0,113,389,11.33,0,1,0,0
15390,4.31,6,10,273,358,0.51,1,0,0,0
5939,4.27,125,11,194,298,4.23,1,0,0,0
13095,3.85,82,14,479,386,9.02,0,0,1,0
19301,4.36,27,10,22,393,4.82,1,1,0,0
10194,3.0,265,13,40,482,5.68,1,1,0,0
8851,4.64,282,2,123,567,4.86,1,0,1,0
19378,3.84,396,10,340,484,14.32,1,1,1,0
3678,4.47,449,6,421,458,1.45,0,1,1,0
3988,3.64,469,7,288,360,13.66,1,1,1,0
4502,2.66,250,4,474,406,5.19,0,0,0,0
21173,3.63,467,13,352,114,4.07,1,1,1,0
24665,3.11,187,1,228,149,13.31,1,0,1,0
19198,4.09,382,14,384,439,4.66,1,1,1,0
24411,3.43,298,2,115,487,14.82,1,1,1,0
20809,4.51,68,8,112,598,8.45,0,0,1,0
18867,4.03,318,14,64,463,7.41,0,0,1,0
17266,4.05,325,12,81,160,14.66,0,0,0,0
9654,2.65,98,10,49,517,3.79,0,0,1,0
5440,4.95,192,12,478,329,13.68,0,1,0,0
13234,4.53,226,9,289,117,9.08,0,1,0,0
10367,4.37,450,6,456,124,11.45,0,1,1,0
16490,2.99,181,12,29,438,8.94,1,1,1,0
5594,3.61,419,0,475,216,9.47,0,0,0,0
24073,2.41,326,2,434,540,2.75,1,0,1,0
21820,3.62,92,8,25,446,2.7,0,1,0,0
8517,2.44,142,6,486,384,6.26,0,1,0,0
12219,3.66,202,14,394,308,5.52,0,0,1,0
9310,3.95,401,11,38,262,10.82,0,1,0,0
6539,3.17,491,12,31,546,10.98,0,1,0,0
17744,3.5,131,12,392,283,8.67,1,0,1,0
22867,4.63,471,12,211,147,6.33,1,0,1,0
21625,2.33,266,13,122,384,10.31,1,0,1,0
9378,4.38,133,14,389,174,10.47,0,0,1,0
22149,2.51,377,14,269,325,12.23,0,1,1,0
12365,2.11,178,1,263,158,12.27,1,1,0,0
14422,2.56,185,5,357,512,1.51,0,1,1,0
7911,4.3,443,8,458,359,5.92,1,1,1,0
3403,3.22,17,14,214,448,6.59,1,1,1,0
16180,4.62,462,3,284,358,12.78,0,1,0,0
22766,3.57,322,9,153,430,7.78,0,0,0,0
7163,2.07,400,1,404,305,7.59,0,0,1,0
19471,4.15,96,2,445,485,8.53,1,1,0,0
17336,2.33,33,6,368,525,2.34,0,0,0,0
8470,4.37,413,3,458,402,8.7,0,0,0,0
17953,2.5,402,6,196,152,8.5,0,0,0,0
9276,3.04,392,4,374,597,11.44,0,0,0,0
8739,4.28,423,13,118,400,9.7,1,0,0,0
23657,4.86,299,7,49,101,14.35,1,0,1,0
9523,3.11,350,7,310,258,1.66,0,0,1,0
24387,4.49,186,4,82,188,11.69,0,0,1,0
17993,2.57,346,6,425,451,11.4,1,0,0,0
15873,4.42,110,10,446,535,4.41,0,0,1,0
16419,3.97,408,5,47,308,10.63,1,0,1,0
17457,2.58,246,12,165,443,10.06,0,0,1,0
5064,2.91,70,7,307,504,4.83,0,1,1,0
8315,2.4,308,8,88,295,10.99,1,1,1,0
13566,3.15,431,4,457,127,13.99,0,1,0,0
3317,2.61,326,6,271,544,4.93,0,0,1,0
20886,3.93,211,13,181,352,14.71,1,0,1,0
9130,4.98,308,0,434,109,3.75,0,1,0,0
10419,2.04,107,10,129,269,2.45,0,1,0,0
5042,3.62,176,7,372,231,1.62,0,1,0,0
7598,3.72,426,2,151,455,3.6,0,1,1,0
13214,4.74,227,0,417,334,5.47,1,0,1,0
3118,3.52,18,5,290,113,11.13,1,1,1,0
3709,3.63,321,13,207,266,1.54,1,0,1,0
18857,3.41,417,12,39,528,7.86,0,1,0,0
22941,2.81,247,7,295,165,8.02,1,0,0,0
15601,2.17,208,10,196,197,3.81,0,1,0,0
6250,3.23,215,2,118,137,1.16,0,0,0,0
11061,2.16,200,0,266,97,3.76,1,1,1,0
11609,3.65,437,2,343,219,3.84,1,1,1,0
5603,2.92,256,14,37,537,10.48,0,1,0,0
15046,3.6,105,4,427,291,3.89,0,1,0,0
20485,2.4,475,10,430,565,5.43,1,1,0,0
23805,4.8,310,7,308,199,1.19,1,1,0,0
10857,4.68,270,8,144,82,9.55,1,1,0,0
14620,2.57,382,12,339,308,7.38,1,0,1,0
11177,3.03,468,11,172,308,5.5,0,1,0,0
21645,3.84,270,8,88,422,10.69,1,1,0,0
14826,2.29,120,3,165,220,10.39,1,0,1,0
16890,3.06,406,7,64,136,5.25,0,0,1,0
19892,2.75,244,10,385,295,10.79,0,0,0,0
21763,4.75,65,4,39,193,5.55,1,0,1,0
24136,4.56,429,2,310,373,3.72,0,1,1,0
16830,3.74,227,4,266,107,10.94,1,1,1,0
12484,3.56,369,1,409,400,11.06,1,0,0,0
8495,4.79,136,10,366,592,13.05,0,0,1,0
14267,4.8,193,10,495,111,7.76,1,1,0,0
22593,4.91,193,10,222,490,3.87,1,1,1,0
10398,2.38,145,5,28,476,12.64,1,1,0,0
9743,2.48,144,0,199,96,3.03,1,0,0,0
8171,4.03,488,5,175,131,14.11,0,0,1,0
19005,3.62,71,12,38,449,4.95,0,0,1,0
19708,2.06,353,4,122,243,0.77,0,1,1,0
16004,2.19,417,12,265,382,3.21,1,0,0,0
13962,4.66,452,8,104,529,6.51,0,0,0,0
13775,4.61,191,12,338,581,1.3,1,1,1,0
6557,3.07,43,13,370,430,6.44,0,0,1,0
6587,4.67,156,6,253,458,3.44,1,1,1,0
19535,3.78,445,5,154,518,0.77,1,1,0,0
3954,4.42,475,14,56,280,4.84,0,1,0,0
16794,3.28,15,10,364,186,3.78,1,0,1,0
23738,2.34,77,11,111,584,6.59,0,1,0,0
3687,3.3,51,6,311,463,11.51,1,1,1,0
11501,3.37,1,9,36,375,7.89,0,1,1,0
18138,3.65,231,4,109,107,11.64,0,1,0,0
12694,2.32,60,0,367,416,5.38,0,1,1,0
6127,4.97,131,14,184,366,0.69,0,0,1,0
15760,2.73,381,8,484,422,13.87,1,0,1,0
14559,2.6,51,4,463,110,5.06,1,0,1,0
17796,3.58,296,3,272,566,8.14,1,1,1,0
6395,3.61,179,5,324,330,7.3,0,1,0,0
3845,3.32,30,4,100,442,8.95,0,0,1,0
4164,4.32,409,0,203,186,13.33,1,1,1,0
15954,3.55,154,1,309,585,13.08,0,0,0,0
8904,3.83,120,3,268,521,14.72,1,1,1,0
16731,4.17,50,7,234,196,8.16,0,1,0,0
24744,2.08,481,4,177,324,13.88,0,0,1,0
3354,3.71,94,6,430,158,7.5,0,0,0,0
21256,4.65,175,1,198,565,1.14,1,0,0,0
21408,2.05,10,7,412,102,2.62,0,1,0,0
5817,3.22,391,4,39,276,5.34,1,1,1,0
6832,4.78,11,3,490,440,11.02,0,1,0,0
15467,3.06,354,8,450,506,1.68,1,1,0,0
11257,3.38,44,5,166,296,5.74,1,0,0,0
16107,4.94,289,14,87,275,14.74,1,1,0,0
15458,2.6,204,13,96,522,11.89,0,1,0,0
13713,2.2,218,3,121,538,8.79,1,0,1,0
5581,4.58,327,7,159,538,1.4,1,0,0,0
12582,4.61,430,2,400,563,0.71,1,0,1,0
21870,3.42,255,13,92,223,2.03,1,1,0,0
11418,3.54,247,12,226,393,5.24,1,1,0,0
21827,4.51,20,9,232,336,9.29,1,1,1,0
17419,4.22,40,1,98,553,3.36,1,0,1,0
14814,2.8,458,6,132,578,1.24,0,0,1,0
4036,2.05,277,13,272,298,1.82,1,1,1,0
13024,3.44,276,11,152,437,6.69,0,1,1,0
13932,4.58,411,14,216,316,11.71,1,1,1,0
10435,4.69,194,3,44,354,12.41,1,1,0,0
4548,4.87,70,3,491,296,4.72,1,1,1,0
8065,4.64,269,9,120,476,10.12,1,0,1,0
23341,3.74,334,8,264,153,6.19,1,1,1,0
6407,3.33,72,1,50,407,14.6,1,0,0,0
3639,4.32,307,0,449,487,6.37,0,1,1,0
3172,4.22,426,14,309,227,6.24,0,1,0,0
8666,3.61,198,6,275,165,7.77,0,0,0,0
7354,2.26,75,14,444,582,0.87,1,1,1,0
23343,4.78,274,11,225,311,6.56,1,1,1,0
13109,3.37,282,7,494,577,12.52,1,0,1,0
5886,3.09,145,2,87,502,9.38,0,1,0,0
5164,3.89,12,1,234,546,14.56,0,0,1,0
6945,4.02,362,3,141,326,5.22,1,0,1,0
24619,2.63,128,1,441,449,2.84,1,1,0,0
13401,4.51,229,11,65,592,11.38,1,1,0,0
10746,2.87,84,1,88,184,1.13,0,0,1,0
14975,2.56,161,4,46,313,2.81,0,0,1,0
21974,3.22,396,9,190,537,7.85,0,1,0,0
10754,4.19,364,4,264,336,11.43,1,0,0,0
18596,4.9,370,7,481,554,9.21,1,0,1,0
24318,4.43,488,8,474,251,14.93,1,0,0,0
23460,4.82,50,1,320,352,10.0,0,0,0,0
8185,2.42,214,0,293,273,11.01,0,1,0,0
4093,2.21,0,2,307,191,14.91,1,1,1,0
6880,3.67,470,5,268,102,9.09,0,1,1,0
13686,2.87,376,13,21,394,10.86,0,0,1,0
13771,4.48,411,4,444,281,4.83,0,1,1,0
13680,4.02,122,7,39,580,8.28,0,0,1,0
5785,4.91,287,7,496,104,13.72,1,0,1,0
17799,2.76,199,1,461,587,12.87,0,1,0,0
19280,3.46,182,13,493,445,4.94,1,0,1,0
9539,3.5,409,8,313,125,5.68,1,0,0,0
20958,2.72,397,13,276,114,12.77,0,1,0,0
19016,3.77,215,13,472,281,4.63,0,1,1,0
17730,3.33,239,3,457,444,13.37,0,0,0,0
13565,3.34,348,13,268,549,11.72,0,1,0,0
11060,3.09,67,0,417,379,2.71,0,1,0,0
6990,2.05,318,13,172,495,10.94,1,0,0,0
24594,3.57,81,1,156,425,12.6,0,1,1,0
24229,3.01,141,13,241,428,2.59,1,0,0,0
20573,2.0,410,10,230,269,7.13,1,0,1,0
22073,2.92,40,5,208,482,13.01,0,1,0,0
7095,2.84,238,4,455,428,3.38,1,0,1,0
17549,3.18,2,11,251,452,7.01,0,0,1,0
21259,2.4,93,6,155,584,9.39,1,1,1,0
22790,3.52,58,8,35,370,1.91,1,0,1,0
12979,4.08,227,5,133,190,3.57,0,0,0,0
23316,3.89,406,5,283,582,7.27,0,1,0,0
8408,4.41,17,1,298,380,5.92,1,1,0,0
23245,3.36,493,6,92,92,5.21,1,1,0,0
16937,3.56,238,1,243,181,0.88,0,1,0,0
5833,4.43,359,12,53,276,13.96,0,0,0,0
8285,3.28,73,6,264,470,13.14,0,0,1,0
12589,4.1,375,7,257,134,6.19,1,0,1,0
17708,3.3,331,11,37,262,3.13,0,0,0,0
17116,3.25,168,0,384,98,1.5,1,1,0,0
10645,4.28,263,8,63,442,2.29,0,0,0,0
15018,2.52,159,7,162,552,9.23,0,0,1,0
13889,3.02,336,8,34,88,11.14,1,1,0,0
7777,2.67,168,4,112,104,2.77,1,0,0,0
18994,3.08,428,12,402,385,2.14,0,0,0,0
5735,2.69,205,13,396,513,10.52,1,0,0,0
16611,3.74,356,3,298,501,8.0,0,0,0,0
9368,4.39,8,0,234,136,5.89,1,1,0,0
20205,4.36,345,8,468,258,11.01,1,0,0,0
3162,3.09,303,13,268,147,7.11,1,0,1,0
10777,4.97,114,3,489,575,7.24,0,1,0,0
17849,3.78,151,14,90,80,0.73,0,0,1,0
21316,3.2,86,3,128,127,5.08,0,1,0,0
6535,4.51,94,3,307,496,0.57,0,1,0,0
22830,4.19,230,1,495,276,13.9,1,0,1,0
16403,4.25,427,11,389,127,4.76,1,1,1,0
17516,2.59,185,10,179,434,3.12,0,0,0,0
22174,3.4,449,12,308,313,1.82,1,0,1,0
22091,4.59,113,3,190,516,1.18,0,0,1,0
10959,3.51,273,1,32,169,13.35,1,1,0,0
6933,4.05,463,7,391,448,2.94,0,0,1,0
6385,3.76,28,6,239,248,9.45,1,1,1,0
3922,4.53,202,10,412,442,9.94,0,0,0,0
13367,2.85,1,9,465,256,5.1,1,1,0,0
16737,3.73,77,1,204,579,12.58,1,0,0,0
3564,2.37,323,13,451,212,3.6,0,1,1,0
22642,4.07,230,1,446,251,1.54,0,1,0,0
13789,4.2,97,1,342,520,1.49,1,0,0,0
5500,2.13,116,0,228,191,4.86,1,1,1,0
23950,4.03,109,12,307,119,7.22,0,1,0,0
9881,3.24,166,5,348,181,9.63,0,1,1,0
6636,2.37,456,5,380,448,11.07,1,1,1,0
3223,3.26,487,0,463,253,3.09,0,0,1,0
9297,2.58,296,10,404,420,10.42,0,1,1,0
17895,3.25,454,0,460,275,3.15,1,1,1,0
3350,3.15,370,5,388,261,14.96,0,1,1,0
21312,4.22,336,10,125,402,14.41,1,1,1,0
7732,4.32,377,5,231,192,1.98,0,0,0,0
4017,3.82,86,3,344,314,10.0,0,0,1,0
21610,2.07,492,2,251,584,13.6,0,1,0,0
18229,4.79,458,13,232,150,1.67,1,1,1,0
10170,4.06,21,8,344,298,2.3,0,1,0,0
16303,2.1,209,5,215,596,5.53,1,0,1,0
9207,4.46,304,0,268,244,1.89,1,1,0,0
15316,2.6,411,2,336,592,13.34,1,0,0,0
5419,3.74,271,0,283,460,13.2,0,1,1,0
9240,3.4,489,2,236,263,14.26,0,1,0,0
4893,3.26,323,1,282,448,3.47,0,1,1,0
16753,4.67,445,4,440,527,1.16,1,1,1,0
8322,3.31,419,14,189,87,6.95,1,0,1,0
14232,2.23,277,2,435,461,13.27,1,0,0,0
20509,4.84,138,6,420,461,9.76,1,1,0,0
6117,4.76,340,7,175,527,14.98,0,1,1,0
7161,4.05,376,6,89,233,13.63,1,0,0,0
18523,3.4,231,1,253,113,6.19,0,0,1,0
7042,2.28,232,9,451,576,1.07,1,1,0,0
7433,4.37,79,9,73,101,0.57,1,1,1,0
17016,2.23,425,6,189,459,9.84,1,1,1,0
5658,2.21,54,9,55,227,13.78,1,1,1,0
13910,3.61,456,2,341,178,6.94,1,0,0,0
22867,2.48,290,6,434,350,13.18,0,0,0,0
5944,2.02,440,14,468,80,8.72,0,0,0,0
10210,3.27,33,0,278,366,1.92,1,0,1,0
11787,2.41,328,1,270,259,12.08,0,0,0,0
4986,2.48,332,11,32,335,7.64,0,0,0,0
13942,2.23,453,9,178,253,1.24,1,1,0,0
20458,2.62,387,0,48,129,12.31,1,1,0,0
15161,4.15,251,8,76,269,11.49,1,1,0,0
23689,4.43,429,12,180,122,7.13,1,1,1,0
6007,3.36,475,12,456,596,0.78,1,0,0,0
3969,3.52,124,14,285,145,5.53,1,1,0,0
11772,2.1,10,1,249,475,6.81,1,1,1,0
5824,2.21,481,1,338,330,2.9,0,0,1,0
4211,2.77,316,5,348,207,2.83,0,0,1,0
3229,3.63,121,6,212,267,2.92,0,0,0,0
23668,4.22,34,13,127,262,5.87,0,0,1,0
18774,3.82,68,12,376,491,12.35,0,0,0,0
17345,3.18,312,1,371,158,11.51,0,0,1,0
6185,2.35,486,13,372,98,0.65,0,0,0,0
18011,4.34,138,3,277,557,0.64,0,0,1,0
19885,3.09,11,2,129,124,1.63,1,1,0,0
3048,4.21,124,12,149,301,7.27,1,1,1,0
22950,3.54,298,4,142,208,13.39,0,1,1,0
18173,4.22,146,8,472,309,3.14,0,1,0,0
22439,4.72,76,1,477,306,7.41,1,1,0,0
19770,4.76,67,12,135,476,1.09,0,1,0,0
3969,3.61,205,4,249,354,0.79,0,0,1,0
17553,3.53,235,7,312,217,0.61,0,0,0,0
8820,2.8,58,5,405,252,11.18,0,1,1,0
17292,4.81,257,3,252,406,0.85,1,1,0,0
6052,3.37,253,14,336,294,4.47,0,1,0,0
14609,2.38,391,9,253,307,9.85,0,1,1,0
5302,3.3,405,7,315,186,9.47,1,0,0,0
5283,2.38,242,2,210,238,1.3,1,0,1,0
18385,3.51,460,3,44,215,4.22,0,1,0,0
12799,3.68,276,10,398,109,9.77,1,1,0,0
18620,3.01,468,8,185,177,6.19,1,1,0,0
23750,2.21,219,4,312,421,7.25,0,1,1,0
3122,4.83,224,5,229,247,3.5,1,1,0,0
12472,4.32,412,11,46,290,1.05,1,1,0,0
6727,4.52,100,10,359,264,5.51,0,0,1,0
16732,3.1,341,1,197,511,10.4,1,1,0,0
7958,4.28,121,8,437,503,11.61,0,1,0,0
3524,3.46,217,7,63,118,9.09,0,0,1,0
12079,2.6,74,6,91,466,6.2,0,0,1,0
11399,2.37,330,8,407,530,8.96,0,0,0,0
19532,3.04,236,4,241,194,10.72,1,0,1,0
19821,2.41,481,4,455,480,11.45,1,0,1,0
13394,4.99,338,10,330,383,1.87,1,0,1,0
6749,2.15,239,10,247,388,12.14,1,1,0,0
14353,3.32,164,8,348,182,1.42,0,1,0,0
17009,3.36,333,10,252,181,13.12,1,0,1,0
23837,2.9,156,4,287,169,6.19,0,1,0,0
14437,3.71,210,8,417,197,8.43,0,1,1,0
8336,2.45,420,0,273,218,4.7,0,0,1,0
7551,4.35,276,14,182,382,6.69,1,0,1,0
5823,3.0,215,9,25,596,12.76,1,1,0,0
15916,3.77,217,9,66,288,4.79,0,1,1,0
18167,4.15,232,10,426,166,8.68,1,0,1,0
11677,4.67,375,7,390,398,9.88,1,0,1,0
17868,4.51,11,2,87,324,2.62,0,1,1,0
11391,3.82,431,12,273,169,11.78,1,1,1,0
15658,3.17,82,7,468,557,14.99,0,1,1,0
21366,3.51,430,4,78,191,2.75,1,0,1,0
12663,4.31,112,1,412,473,11.63,1,1,0,0
5311,4.63,477,8,138,319,2.63,1,0,0,0
10225,2.31,270,3,205,351,14.28,0,1,1,0
14565,3.15,194,13,67,222,6.46,0,1,1,0
13270,4.33,368,13,210,198,14.71,1,1,1,0
16560,3.29,140,6,284,330,1.48,1,1,1,0
19988,3.0,442,11,191,357,11.97,0,1,0,0
18965,3.23,456,7,65,242,7.36,0,1,1,0
8785,3.81,123,6,162,429,4.7,1,0,0,0
23981,5.0,140,10,265,110,11.34,0,1,0,0
15067,3.48,207,5,235,537,9.71,0,1,1,0
11740,2.63,114,14,456,170,13.59,1,0,1,0
16653,2.49,205,13,195,207,4.11,0,0,1,0
20222,2.13,455,11,347,588,14.13,1,0,0,0
6815,3.68,402,6,495,316,9.81,1,1,0,0
20231,3.63,440,3,403,130,7.03,0,1,0,0
7709,2.62,287,9,445,548,1.27,0,1,0,0
7507,4.09,354,0,385,467,11.6,0,1,1,0
9575,4.22,342,4,164,141,12.95,1,1,1,0
7773,2.78,148,7,54,422,12.24,1,0,1,0
15446,3.03,209,9,434,232,11.17,0,1,1,0
23852,4.97,111,5,151,120,14.56,1,0,0,0
13464,3.12,141,4,323,565,12.81,1,1,1,0
18864,4.28,463,1,417,461,13.95,1,1,0,0
24576,3.36,23,9,172,175,11.09,1,0,1,0
6320,4.38,48,11,321,372,12.39,1,1,1,0
13750,4.31,499,4,67,314,4.69,1,0,0,0
7698,4.0,287,9,187,420,10.2,0,1,0,0
23695,4.56,330,11,197,429,3.48,1,0,0,0
23057,4.82,364,2,282,286,1.5,1,1,1,0
20948,3.74,10,12,114,570,8.9,1,0,0,0
21224,2.71,187,14,335,460,11.85,0,0,1,0
9058,3.2,67,1,310,220,1.7,1,1,1,0
3726,4.27,444,13,249,102,3.13,1,1,1,0
9697,3.95,89,2,210,443,1.85,0,1,1,0
14910,2.53,109,3,423,227,9.7,1,1,0,0
12257,2.15,388,1,163,584,1.65,0,1,0,0
15963,4.05,163,13,425,297,1.85,0,1,0,0
19666,2.75,480,3,183,561,4.33,1,0,1,0
4081,3.5,447,3,38,495,4.42,0,0,1,0
23269,4.24,205,14,405,404,8.58,0,1,0,0
22265,3.69,31,5,87,568,0.97,0,0,1,0
13776,2.25,326,11,117,487,9.42,1,0,1,0
17196,2.56,73,4,26,223,6.47,1,0,0,0
22354,2.66,250,6,322,290,3.09,1,1,1,0
12344,2.77,449,10,196,338,9.97,0,0,0,0
18958,3.7,393,6,225,306,5.28,1,0,1,0
14689,3.51,354,2,318,451,12.5,1,1,0,0
20331,2.61,20,8,307,470,14.85,0,1,0,0
7760,2.2,295,6,420,167,11.8,0,1,0,0
16436,2.51,297,6,248,479,11.27,1,0,1,0
3066,4.95,327,1,403,388,5.65,1,1,0,0
3564,3.41,301,14,138,83,8.25,1,1,1,0
16393,4.6,337,11,289,252,1.26,1,1,1,0
6670,4.55,72,9,100,305,11.05,1,1,0,0
5251,3.53,373,2,179,418,10.29,1,0,0,0
15949,4.12,40,2,207,285,4.41,0,0,1,0
3804,2.58,93,11,207,181,8.24,1,1,0,0
24015,4.07,131,12,327,137,10.35,0,0,0,0
12583,2.82,98,5,213,229,5.83,0,0,0,0
20619,4.5,397,3,279,331,11.02,0,1,1,0
15224,2.25,397,3,497,558,12.05,1,1,1,0
9016,4.32,52,0,497,507,3.74,1,1,0,0
16036,2.3,495,5,210,570,4.87,1,0,1,0
22933,4.64,228,7,308,371,6.32,0,0,0,0
15392,2.91,127,7,125,124,3.92,0,0,0,0
10938,3.96,211,14,148,279,11.75,1,1,0,0
7141,3.46,284,7,116,103,8.79,1,0,0,0
12546,3.1,278,4,83,466,6.01,0,0,1,0
8335,3.94,494,9,147,514,0.73,0,0,0,0
8077,4.84,340,5,242,321,5.23,0,1,1,0
16247,2.12,158,4,312,282,12.63,0,1,0,0
8611,4.76,351,3,481,316,11.28,0,0,1,0
11089,3.83,232,11,401,373,1.48,0,0,0,0
5892,4.42,70,3,345,427,12.12,1,1,1,0
8577,3.15,204,3,410,166,3.1,1,0,1,0
23002,3.42,188,3,123,289,14.81,0,1,0,0
20943,4.61,150,13,171,81,13.09,1,0,0,0
9683,3.24,7,14,133,308,13.74,0,0,1,0
4507,3.6,331,5,471,489,11.66,0,0,0,0
19335,2.06,99,14,74,322,10.81,0,0,1,0
5063,2.48,15,5,140,547,4.04,0,0,0,0
23026,3.93,153,4,236,537,9.0,1,1,0,0
5000,4.15,156,11,142,292,10.6,0,0,0,0
18566,3.75,92,10,22,465,4.68,0,1,0,0
4294,2.43,261,13,111,491,6.28,0,1,0,0
18096,3.34,36,10,426,594,14.23,1,1,0,0
7065,3.07,160,8,183,467,6.42,1,0,1,0
17090,3.49,350,7,460,358,5.07,1,0,1,0
20987,4.61,173,9,138,181,2.05,1,1,1,0
20706,4.33,316,5,451,469,5.45,0,1,1,0
21825,2.25,424,10,416,281,9.38,1,1,1,0
20482,4.67,17,8,80,471,2.64,0,1,0,0
24457,3.42,485,4,233,433,9.28,0,1,0,0
12318,4.23,366,9,492,314,11.25,0,1,1,0
11488,2.42,350,14,266,193,11.64,0,1,0,0
14241,4.01,15,3,254,146,14.78,0,1,1,0
13417,2.71,359,13,427,119,6.8,1,1,0,0
18574,3.32,434,5,446,182,0.97,1,1,1,0
18302,2.05,420,3,376,490,12.89,1,0,1,0
17650,2.45,269,7,391,374,1.71,1,1,1,0
16350,2.28,358,6,308,116,12.99,0,0,0,0
23171,2.72,67,4,97,146,14.75,1,1,0,0
5096,2.3,29,9,43,482,13.65,1,1,1,0
14801,4.08,315,5,425,285,14.48,0,0,1,0
21592,2.09,308,10,327,420,0.84,1,0,0,0
19559,3.85,224,6,120,131,0.66,1,1,0,0
10169,2.42,163,1,391,505,3.55,1,1,1,0
16288,4.84,413,8,270,288,12.08,0,1,0,0
13694,4.8,319,6,142,593,1.8,1,1,0,0
15191,2.68,13,7,234,257,11.32,0,0,1,0
21051,3.84,278,13,281,101,0.68,1,0,0,0
13737,2.08,431,4,422,448,11.1,0,1,1,0
21207,4.8,155,14,351,161,4.13,0,1,1,0
8147,3.57,121,2,365,243,6.89,1,1,0,0
20740,2.13,262,1,432,456,14.66,0,1,1,0
22456,3.03,169,14,142,82,8.5,0,0,0,0
22643,2.23,9,1,271,197,1.58,0,1,0,0
9199,3.18,451,2,339,474,13.16,1,1,0,0
3546,4.01,171,0,417,345,5.19,0,0,0,0
8231,3.41,357,0,356,514,8.99,1,1,0,0
10965,3.15,12,6,177,306,10.82,0,1,1,0
21467,2.36,212,9,346,455,11.77,1,1,0,0
5040,2.73,160,11,168,341,6.77,0,0,1,0
23918,2.3,231,10,84,445,11.71,0,0,1,0
4752,4.42,475,7,388,507,2.19,1,1,1,0
4849,2.41,470,5,377,87,8.12,1,0,1,0
5642,3.79,159,6,23,120,0.82,0,1,0,0
4600,3.03,126,0,193,336,6.39,1,0,1,0
16951,2.68,47,13,155,181,5.79,0,1,0,0
23786,3.92,260,0,421,298,14.68,1,1,1,0
14797,3.37,60,8,263,323,6.27,1,1,1,0
23183,3.2,121,4,79,382,13.65,1,1,0,0
20002,3.78,89,6,64,449,6.81,0,1,0,0
4132,3.47,358,5,91,354,8.23,1,1,0,0
8491,2.91,254,3,114,149,5.59,1,0,1,0
8795,3.68,89,0,50,126,9.78,0,0,0,0
13531,4.01,2,3,175,196,11.22,1,1,0,0
13931,2.08,279,9,395,596,11.97,1,0,0,0
10633,3.4,116,9,259,333,10.56,0,0,1,0
20871,2.17,97,7,83,252,5.28,1,1,1,0
8009,2.56,161,12,440,508,5.29,1,0,1,0
5113,3.68,339,11,342,115,5.54,0,0,0,0
4044,4.6,374,10,128,486,1.05,1,1,1,0
16923,4.65,477,12,482,495,14.17,0,0,1,0
5431,2.21,297,0,87,491,3.34,1,0,0,0
16926,3.26,403,1,54,567,2.81,0,0,0,0
4582,3.75,296,7,270,400,8.51,0,0,0,0
17374,2.44,81,14,373,152,1.19,0,0,0,0
4308,4.3,357,1,55,492,12.65,1,1,1,0
24301,4.23,147,10,460,203,13.2,1,0,0,0
11793,4.71,5,12,473,464,6.27,0,1,0,0
4620,2.03,377,11,151,311,14.59,1,1,0,0
7766,2.65,184,14,324,512,5.2,1,1,1,0
24746,4.48,425,9,241,570,4.27,1,0,1,0
8192,4.01,251,8,186,165,14.85,1,1,0,0
9622,4.68,24,2,293,109,4.13,1,0,0,0
9093,2.17,40,2,79,279,6.94,1,1,1,0
19484,3.79,168,5,361,235,9.37,1,0,0,0
23655,3.71,2,2,413,231,5.18,1,0,0,0
3237,2.11,363,8,132,156,6.07,0,1,0,0
24602,3.54,170,10,240,407,10.95,1,0,0,0
23409,3.83,429,7,298,251,10.98,0,1,0,0
14110,2.57,56,3,87,484,12.15,1,1,1,0
9073,2.82,82,5,334,485,9.11,0,1,1,0
5542,3.92,329,7,486,441,3.89,0,1,1,0
18282,3.4,178,3,365,207,5.33,0,1,1,0
13195,4.57,132,14,282,415,13.56,0,1,0,0
4537,3.03,85,12,288,344,11.14,1,1,1,0
20138,2.8,456,4,150,274,1.78,1,0,1,0
14560,4.95,352,6,443,179,11.43,1,1,1,0
16434,4.73,270,7,286,450,5.29,0,1,0,0
10396,2.09,343,6,227,507,0.84,0,1,1,0
24891,4.31,93,7,231,212,7.51,1,1,0,0
23619,2.33,381,3,70,335,13.31,0,1,0,0
19924,2.08,355,0,490,529,6.94,1,0,1,0
24894,2.82,249,5,426,483,14.84,0,1,1,0
8131,2.81,294,4,307,133,3.08,0,0,0,0
11697,4.46,197,10,444,486,5.59,0,1,1,0
20513,4.13,78,14,61,464,0.74,0,1,1,0
13271,4.94,165,3,266,321,1.23,0,0,0,0
6145,4.13,38,1,441,126,5.64,1,0,1,0
16100,3.25,307,0,214,194,8.16,0,1,1,0
23104,4.1,213,8,263,209,3.94,0,1,0,0
7067,5.0,130,11,219,234,2.91,0,0,1,0
7195,4.13,156,1,377,574,6.6,1,1,1,0
12244,4.29,476,8,140,161,2.97,1,0,1,0
10281,4.82,381,5,353,104,9.65,1,1,1,0
5509,2.34,158,12,347,413,14.35,0,0,0,0
24400,4.11,492,5,222,261,12.19,1,1,0,0
18502,4.55,321,1,125,511,3.62,0,1,1,0
9533,4.86,226,5,269,253,14.29,0,0,1,0
24111,2.63,44,2,394,120,11.39,0,0,0,0
20065,3.51,200,14,445,524,2.75,0,1,1,0
17670,4.04,21,6,446,474,8.9,1,0,1,0
6932,2.74,338,12,308,367,14.51,0,1,1,0
17595,3.8,241,9,98,341,1.9,0,0,1,0
16041,2.77,228,3,184,136,4.43,1,0,1,0
8560,3.0,393,8,353,85,5.92,0,1,1,0
7016,3.32,237,4,138,241,2.18,0,0,0,0
3719,3.59,148,11,493,376,4.84,0,1,1,0
3074,3.35,272,9,76,136,10.54,0,1,0,0
23541,3.48,66,2,467,138,7.42,1,0,1,0
16161,2.9,6,0,467,245,6.61,0,1,0,0
5149,2.48,232,0,207,125,6.76,0,0,1,0
17033,2.14,356,12,71,126,11.51,1,1,0,0
7207,2.59,291,3,91,469,14.87,0,0,1,0
18043,3.75,255,14,260,331,9.04,1,0,1,0
12078,4.36,66,9,343,245,11.4,0,0,1,0
14725,2.51,249,9,119,447,5.9,0,1,1,0
6936,2.33,76,3,357,458,12.98,1,0,1,0
12307,4.25,488,8,174,396,6.59,1,0,0,0
20459,2.92,413,7,78,211,14.06,1,1,1,0
23260,4.85,86,3,294,468,11.28,1,0,0,0
7615,4.14,251,5,278,427,10.76,1,1,1,0
10265,2.98,454,6,220,576,4.71,0,0,1,0
13116,2.87,221,9,314,590,12.04,0,1,0,0
18733,3.57,412,7,341,598,2.03,0,0,1,0
16892,2.24,71,3,348,531,8.3,1,1,0,0
7652,2.35,201,0,459,295,11.16,0,0,0,0
13473,2.53,416,4,409,549,13.31,0,0,1,0
12247,4.32,58,13,303,383,8.76,1,0,0,0
24058,3.54,275,0,195,377,4.25,0,0,0,0
19925,2.03,220,10,117,425,12.81,0,0,0,0
5161,4.02,156,10,368,365,11.64,0,1,0,0
21635,3.27,180,3,451,205,2.73,1,1,1,0
23953,3.53,212,6,470,130,13.15,1,1,1,0
22128,2.64,128,6,201,498,14.42,0,0,1,0
17588,3.66,242,0,401,130,8.3,1,1,0,0
15061,4.94,417,8,291,550,1.06,0,1,0,0
9041,2.22,171,1,54,455,13.78,1,1,1,0
15673,2.85,479,4,350,444,2.28,1,0,1,0
24059,2.73,364,5,382,311,9.68,0,1,0,0
4560,2.75,269,0,106,559,6.31,0,1,1,0
14954,3.14,420,13,177,385,14.88,1,1,0,0
20548,4.45,162,11,451,517,13.8,1,0,1,0
18078,4.74,442,1,344,330,11.88,0,0,1,0
8419,2.61,23,6,135,421,3.39,0,1,1,0
5722,3.63,496,5,27,211,10.64,0,1,1,0
13550,3.91,192,5,126,585,8.8,1,1,0,0
19854,3.57,365,5,126,478,2.46,0,0,0,0
4468,3.3,389,13,133,197,12.02,1,0,1,0
3808,2.58,496,13,454,140,1.75,1,0,0,0
9719,3.46,451,6,29,260,7.48,0,1,0,0
19363,3.2,293,9,303,392,6.69,1,0,0,0
13591,4.39,128,11,439,344,12.19,1,0,0,0
8073,4.29,40,13,79,108,6.7,1,0,1,0
11012,2.4,30,13,285,342,10.57,0,1,0,0
21029,2.27,35,11,417,418,7.43,1,0,1,0
16892,4.72,456,8,121,501,8.94,0,1,1,0
11249,3.61,360,8,82,168,4.0,1,1,0,0
20513,4.57,252,14,194,411,3.44,1,0,1,0
18147,2.17,437,1,216,510,10.79,1,0,1,0
20737,3.58,364,1,331,231,2.27,0,1,1,0
3767,3.62,214,4,409,205,3.05,0,1,1,0
6895,4.58,286,9,241,122,14.14,1,0,0,0
22838,2.29,255,6,422,500,4.17,1,0,1,0
13200,2.72,412,11,455,569,5.19,1,1,0,0
10329,3.22,368,13,209,332,9.68,1,0,0,0
18332,4.6,468,11,147,563,6.89,0,1,1,0
17621,4.82,386,14,452,372,8.61,1,1,1,0
14334,4.98,185,12,353,296,2.6,1,1,0,0
21174,4.88,473,2,414,248,10.25,0,0,0,0
3885,2.02,60,14,65,464,2.77,1,0,1,0
10734,2.14,261,14,88,95,11.34,1,1,0,0
6906,2.44,275,2,320,116,8.09,0,1,1,0
7492,3.05,110,3,370,500,12.33,1,0,0,0
12730,4.49,316,2,383,375,3.0,1,1,0,0
5073,4.68,429,14,77,514,5.97,0,1,1,0
19696,2.56,140,14,435,399,12.78,1,1,0,0
9269,3.86,232,2,235,378,12.08,1,1,0,0
24701,4.75,22,7,134,95,14.5,0,0,0,0
20194,3.39,78,6,29,474,3.72,0,1,1,0
9841,2.31,493,12,416,356,8.32,0,0,1,0
13955,3.37,30,6,386,362,0.76,1,0,0,0
5032,3.13,3,14,288,165,14.5,0,1,0,0
12699,3.73,458,13,311,286,3.04,1,1,0,0
15737,3.32,117,9,105,556,13.62,1,0,1,0
13762,2.05,65,1,403,210,10.34,0,0,0,0
10129,4.98,399,10,476,479,14.08,0,1,1,0
22089,3.63,370,8,397,215,4.1,0,1,0,0
11788,3.42,286,12,166,425,5.5,0,1,1,0
5147,4.86,175,5,137,249,2.88,1,1,1,0
3615,2.47,122,13,154,242,6.63,1,0,1,0
3947,2.57,230,2,34,278,14.24,1,0,0,0
8677,4.42,42,8,356,127,8.78,0,0,1,0
24035,2.78,491,8,321,573,6.53,0,1,0,0
10866,4.4,3,5,225,182,5.21,1,0,0,0
5013,2.81,189,12,252,85,8.98,0,0,0,0
23081,2.1,303,9,323,91,10.99,1,1,0,0
19874,3.55,411,5,85,182,6.4,0,0,1,0
23734,2.59,249,7,481,506,3.85,0,0,1,0
21812,4.27,143,7,23,250,8.98,0,1,1,0
7987,3.92,486,14,22,168,5.8,0,0,1,0
11733,4.77,344,5,278,518,14.92,1,0,0,0
12479,4.35,381,6,222,426,6.9,0,1,1,0
12825,2.54,332,3,344,290,6.8,1,1,1,0
24304,4.4,452,0,259,513,12.67,0,0,0,0
5926,3.93,157,3,112,505,4.14,0,1,0,0
10282,4.01,64,7,303,199,1.46,1,1,0,0
18635,4.5,324,11,42,257,12.88,0,0,0,0
18847,3.72,269,12,305,208,9.04,1,0,0,0
23760,3.4,74,7,337,497,4.27,0,0,1,0
12490,3.91,417,13,106,397,5.47,0,1,0,0
24252,2.89,439,1,70,321,6.67,1,0,1,0
9986,2.55,28,14,316,435,10.37,0,1,0,0
9862,3.85,465,6,489,517,7.29,1,1,1,0
15159,2.7,334,12,339,537,6.24,0,1,0,0
7423,2.24,237,0,62,521,11.82,0,1,1,0
13450,2.0,152,1,223,307,1.54,1,0,1,0
11159,3.82,93,13,366,487,9.96,1,0,0,0
5073,3.09,236,7,77,356,7.01,0,1,0,0
20085,4.26,321,10,78,97,5.36,1,1,1,0
13111,3.13,114,9,187,390,13.95,0,1,0,0
9825,3.46,295,14,193,403,11.78,1,1,0,0
13652,3.22,218,12,337,126,3.68,1,1,1,0
15454,3.95,245,12,452,579,9.96,0,0,1,0
23648,3.07,496,3,391,271,12.42,1,0,0,0
10968,4.89,398,13,226,128,14.85,0,1,1,0
15516,4.81,31,2,130,173,10.63,1,0,1,0
17290,4.54,19,13,42,246,10.52,0,1,0,0
10776,4.76,52,1,447,573,9.39,0,0,0,0
11558,3.35,205,10,252,333,1.08,0,0,0,0
11719,3.61,218,5,447,136,8.98,1,1,0,0
7886,4.23,194,3,294,85,12.17,0,0,0,0
23319,4.09,304,2,191,317,6.23,0,0,0,0
7619,4.67,194,2,30,303,9.01,0,1,0,0
24575,4.15,460,9,79,99,13.93,0,0,0,0
16956,4.99,344,2,441,283,2.99,0,1,0,0
13345,3.05,81,11,251,221,4.57,0,1,1,0
9875,4.5,0,7,254,455,2.1,0,1,1,0
13100,4.09,166,8,22,486,7.75,1,0,1,0
10856,4.07,316,8,163,159,12.67,0,1,0,0
8401,2.98,182,4,499,289,6.81,0,1,1,0
6022,4.36,452,0,249,391,1.51,0,1,1,0
14675,4.7,385,9,28,456,4.32,1,1,0,0
13912,2.66,349,4,316,119,13.4,0,1,0,0
8738,3.88,272,0,313,432,8.58,1,0,1,0
18126,3.18,156,8,344,532,13.75,0,1,0,0
4770,4.97,372,12,212,502,12.6,0,1,0,0
15305,3.44,361,9,310,165,6.51,0,0,1,0
12969,2.68,387,12,146,315,9.69,0,0,0,0
15404,3.15,200,14,438,494,10.13,1,1,1,0
11989,3.96,191,7,479,435,11.33,0,1,1,0
6215,2.23,340,6,488,327,5.33,1,0,0,0
14980,3.81,298,1,67,308,4.69,1,1,0,0
9694,4.79,75,1,126,440,10.43,1,0,1,0
22360,4.55,139,13,283,254,12.37,1,0,1,0
23121,2.2,305,3,272,453,6.51,1,1,0,0
20136,4.98,195,8,46,140,5.16,0,0,1,0
13661,4.1,60,13,28,249,12.47,1,1,0,0
4392,2.49,475,8,239,586,10.46,0,0,1,0
9789,2.04,456,13,177,493,5.48,1,1,0,0
17385,2.51,359,7,33,195,8.18,1,0,1,0
20061,4.51,306,10,426,254,14.43,1,0,0,0
3105,2.06,479,14,48,503,11.37,1,0,0,0
14479,2.7,332,4,45,207,3.71,0,0,0,0
24137,4.27,353,13,233,568,4.78,0,0,1,0
4946,3.76,82,6,162,84,4.35,0,0,0,0
8544,4.35,333,11,134,405,12.8,0,0,1,0
20479,4.24,4,8,348,251,9.8,1,0,1,0
16275,2.15,218,2,237,278,14.13,0,0,0,0
9985,4.68,411,3,100,310,1.82,0,0,0,0
4782,2.68,253,1,220,412,1.25,0,0,1,0
23925,3.66,473,8,86,545,10.3,1,0,1,0
22641,3.93,393,6,268,503,4.37,0,1,1,0
9213,2.51,87,5,163,392,10.35,1,1,1,0
17485,4.93,208,4,160,503,10.99,0,0,0,0
18605,3.46,179,11,365,254,4.91,0,0,1,0
7869,2.17,207,6,484,453,14.31,0,1,0,0
20945,4.81,272,2,115,316,11.73,0,0,0,0
23390,3.76,64,4,427,522,5.83,1,0,1,0
12867,4.1,379,1,137,117,6.48,1,0,1,0
6981,3.58,20,4,337,235,10.88,1,1,1,0
12493,4.5,437,6,204,273,4.91,0,0,1,0
8682,2.1,366,14,311,240,4.78,0,1,1,0
8782,2.81,176,10,463,205,9.56,1,0,1,0
20327,3.41,362,9,264,318,2.45,0,1,0,0
23934,2.23,21,10,489,120,14.9,1,1,0,0
12137,4.12,324,6,399,265,4.66,0,0,1,0
19984,3.18,447,8,220,540,6.05,1,1,1,0
16012,2.82,35,2,297,468,3.75,1,1,1,0
4524,2.01,249,7,380,340,9.83,1,0,1,0
23150,4.16,148,4,389,485,1.38,0,1,1,0
19634,4.5,439,6,129,528,13.95,0,0,0,0
3078,3.19,72,0,231,480,4.91,0,0,0,0
6123,3.69,90,0,278,386,13.95,0,1,0,0
10064,2.68,175,3,183,216,4.18,1,1,1,0
16068,3.87,125,4,116,281,7.95,0,1,1,0
11417,2.04,203,12,229,236,10.58,1,1,1,0
16362,3.47,401,9,55,334,9.38,0,0,0,0
4209,3.93,245,2,285,260,7.93,1,0,1,0
8153,4.75,98,5,119,488,11.93,1,0,1,0
7898,3.14,270,2,40,107,7.32,0,1,0,0
21562,4.3,497,4,236,594,5.33,0,1,1,0
13871,3.79,43,10,452,278,10.92,1,1,0,0
10610,4.78,221,12,123,148,14.09,1,1,0,0
14077,3.2,428,14,390,96,9.22,0,0,1,0
18791,2.96,96,0,412,139,4.56,1,1,1,0
5544,4.66,35,2,131,263,11.56,1,0,1,0
8522,2.15,167,6,238,444,11.55,1,0,0,0
5370,2.41,434,2,139,513,4.37,0,1,0,0
22665,2.25,29,4,268,278,6.08,0,1,0,0
7710,4.53,281,6,354,311,2.54,0,0,1,0
3328,2.03,84,12,455,447,1.66,1,1,0,0
16683,4.58,356,1,115,509,12.21,1,1,1,0
8579,3.35,490,2,451,198,5.9,0,1,0,0
23612,2.01,120,3,207,409,4.58,0,1,0,0
16122,3.2,286,4,383,294,4.21,0,0,0,0
9794,2.56,247,11,394,401,1.58,1,1,1,0
3120,3.87,183,8,453,228,14.78,0,0,1,0
9749,4.04,252,8,442,487,5.82,0,0,0,0
16763,3.46,444,3,163,456,2.88,1,1,1,0
20348,2.12,272,13,47,399,13.03,1,1,1,0
23608,3.97,208,8,25,84,10.99,1,1,1,0
18450,4.53,353,3,336,481,10.11,0,1,0,0
6675,4.16,381,1,281,282,4.81,1,1,0,0
21460,4.49,23,9,249,116,6.52,0,0,1,0
8643,2.6,121,0,141,133,12.7,1,1,0,0
14560,4.67,224,6,213,367,9.78,1,0,1,0
24633,2.97,387,3,124,363,5.51,0,1,0,0
20700,2.04,392,11,443,124,2.08,0,0,1,0
20580,4.53,385,7,218,363,13.55,0,0,1,0
18383,4.83,418,7,494,121,14.36,1,0,0,0
6170,3.97,122,11,81,496,10.92,1,0,1,0
3355,2.69,293,7,303,351,10.53,1,0,1,0
12718,2.76,172,5,99,220,8.3,0,1,1,0
3028,3.4,142,8,194,126,14.59,0,1,1,0
17831,4.69,490,13,28,246,10.57,1,1,1,0
20397,2.45,425,3,199,205,1.61,1,1,1,0
13894,4.48,386,4,290,551,1.83,1,0,0,0
12019,2.87,414,3,181,449,14.47,1,0,0,0
15638,4.43,435,4,295,86,14.18,0,1,0,0
17889,4.76,168,1,225,355,8.59,0,1,1,0
5024,3.28,56,4,79,144,3.61,1,1,0,0
8839,3.1,41,9,205,281,8.96,0,1,1,0
16503,4.41,308,7,94,221,11.57,0,0,1,0
13303,3.59,118,8,113,177,0.62,1,1,1,0
20138,4.05,120,6,86,296,12.43,1,0,0,0
23119,3.87,311,6,21,372,7.24,1,1,1,0
20622,2.46,250,13,197,587,7.22,0,1,0,0
4906,4.53,342,5,161,213,6.8,0,0,1,0
10399,2.59,331,1,459,341,10.53,0,0,0,0
10961,4.8,455,9,496,363,3.54,0,1,1,0
23985,2.75,436,11,472,181,9.3,1,0,1,0
15031,4.2,340,10,63,456,1.14,1,1,0,0
18128,2.85,340,9,193,285,12.26,1,0,1,0
18663,2.95,415,12,409,92,12.32,1,0,0,0
4460,2.93,336,8,411,202,5.02,1,0,0,0
18682,4.24,181,13,314,89,2.03,1,0,1,0
18193,3.67,164,4,250,246,11.34,1,0,0,0
20800,4.65,471,5,255,230,7.32,0,0,0,0
14045,2.92,263,0,112,116,13.91,1,0,1,0
10766,4.08,209,4,63,553,5.63,0,0,1,0
20812,4.26,10,5,46,523,12.7,0,1,0,0
7378,2.45,181,9,291,421,0.87,1,1,1,0
10529,3.2,443,10,494,84,11.71,0,1,1,0
23858,3.45,250,1,58,305,10.33,0,1,1,0
6071,3.07,137,6,404,203,8.13,0,0,1,0
19939,2.97,217,13,454,482,13.7,0,0,0,0
20947,4.06,238,3,466,114,14.16,1,1,1,0
14692,2.65,453,4,308,316,13.98,0,0,1,0
4040,4.13,370,2,267,547,9.17,1,1,0,0
5686,4.81,336,4,69,578,8.03,0,1,0,0
15666,3.7,86,11,378,591,4.4,0,1,0,0
5553,3.83,297,3,457,396,2.85,1,1,0,0
4779,2.21,292,11,302,382,8.58,1,0,0,0
16186,4.59,91,13,228,181,2.65,0,0,0,0
19459,2.86,207,9,143,391,3.0,1,1,0,0
23710,3.85,203,5,482,161,5.67,1,0,0,0
8057,4.94,185,1,361,272,3.21,1,0,1,0
21733,3.79,84,2,268,303,7.78,1,0,1,0
22157,4.17,314,11,422,132,10.12,1,1,1,0
5262,3.34,151,14,303,424,10.62,0,1,1,0
22613,2.18,155,9,170,164,8.23,1,0,0,0
13308,4.39,292,0,83,290,8.07,0,0,0,0
19776,2.1,20,6,260,262,7.38,0,0,0,0
20492,4.1,160,8,186,351,4.06,0,1,1,0
23746,2.07,385,1,259,585,9.99,1,1,0,0
8188,4.59,484,6,68,306,10.03,0,1,0,0
11802,2.47,338,14,206,91,4.21,1,0,1,0
8057,3.54,155,2,167,172,10.66,1,0,1,0
6998,3.79,142,4,208,409,12.94,1,1,0,0
11864,3.37,256,5,130,269,9.12,0,1,1,0
6677,3.02,106,7,403,372,2.2,1,1,1,0
8796,3.4,283,3,284,340,5.25,0,1,1,0
17450,2.93,49,1,298,402,1.85,1,1,0,0
9363,3.31,34,2,256,89,4.88,0,0,0,0
11123,3.08,223,7,410,167,3.57,0,1,1,0
11222,3.7,155,6,178,419,8.54,1,0,0,0
16654,2.71,392,5,79,397,6.64,1,1,1,0
20784,4.97,407,4,336,302,10.98,1,0,0,0
7071,3.5,190,10,94,288,5.76,0,1,1,0
11808,2.58,387,4,484,128,2.74,1,1,1,0
5786,3.43,183,0,247,342,3.92,0,0,0,0
3870,4.6,236,13,173,285,8.41,0,1,1,0
7196,2.07,296,5,375,576,7.02,0,1,0,0
14796,4.04,322,12,485,544,1.12,1,1,0,0
5739,3.64,303,8,329,99,3.54,1,1,1,0
3940,2.51,341,7,306,187,4.8,1,1,0,0
3340,4.45,487,11,260,219,11.02,1,1,1,0
7133,3.11,57,9,246,170,11.09,0,0,0,0
20043,2.88,38,14,188,350,10.62,0,1,0,0
13225,4.48,240,0,303,408,12.37,1,1,1,0
12752,3.92,24,10,365,289,13.17,1,0,1,0
6457,4.69,315,12,281,534,1.53,0,0,0,0
12848,3.89,495,5,309,363,7.65,1,0,1,0
22359,4.22,116,2,367,445,2.66,0,0,0,0
12241,4.51,341,5,383,563,5.63,0,1,0,0
3453,2.16,369,8,28,82,10.12,1,0,1,0
12896,4.33,239,5,368,243,9.22,0,0,1,0
24826,3.84,174,14,117,467,2.36,0,1,0,0
13976,2.21,481,7,31,88,11.48,0,0,0,0
18872,3.53,444,13,291,445,11.91,1,1,0,0
3818,2.25,339,14,90,91,2.52,0,1,1,0
7868,4.21,227,5,434,153,9.43,1,1,0,0
19396,3.64,484,5,436,317,14.21,0,0,0,0
15171,4.86,486,14,154,187,1.86,1,1,0,0
3920,2.55,252,6,278,313,2.89,0,0,1,0
24304,3.82,410,10,423,518,11.6,0,0,1,0
21802,2.63,379,12,24,560,5.39,0,0,1,0
12506,3.84,110,9,470,171,14.36,0,1,0,0
9475,4.17,240,10,258,277,9.55,1,0,0,0
5017,4.17,223,3,313,195,7.51,0,0,1,0
10957,4.45,297,12,354,444,5.4,0,0,0,0
19230,4.56,51,12,118,232,3.97,1,0,0,0
12420,2.23,220,7,459,187,9.93,0,1,0,0
7792,3.03,488,14,170,135,9.08,0,0,1,0
16237,4.06,303,3,277,531,5.69,1,1,1,0
21818,3.5,287,14,375,471,13.81,0,0,0,0
19251,2.57,151,6,168,287,11.55,1,1,1,0
22252,3.66,386,0,481,589,4.27,0,1,1,0
13707,3.22,117,11,161,379,14.18,1,1,1,0
4438,3.17,410,8,270,358,11.46,0,0,1,0
6543,4.43,456,9,465,223,13.51,1,1,0,0
14367,3.22,423,8,253,283,2.48,1,0,0,0
21165,2.08,278,6,414,308,0.98,1,1,0,0
18520,2.17,134,7,151,344,7.65,0,1,0,0
9343,4.57,208,1,66,545,7.0,0,0,1,0
5263,4.88,126,9,391,216,13.11,1,1,0,0
13161,4.07,292,13,113,319,3.0,0,1,1,0
3211,3.09,6,13,268,528,0.84,1,0,0,0
16809,4.82,221,11,375,394,8.17,1,1,1,0
10027,3.99,76,14,39,230,3.07,0,1,0,0
3331,4.53,337,9,199,404,1.22,1,0,1,0
11169,4.3,350,6,291,482,0.82,0,0,0,0
12133,3.14,277,0,448,432,2.57,1,1,0,0
17591,3.44,333,2,155,189,5.95,0,0,1,0
19125,2.56,337,5,256,545,13.32,1,0,1,0
3727,2.88,226,4,209,119,11.53,1,0,0,0
24359,4.33,400,4,231,419,8.19,0,1,0,0
14054,4.68,274,8,424,451,6.74,0,0,1,0
6243,4.17,350,5,83,586,7.11,0,0,0,0
20032,3.4,294,2,379,132,13.33,1,0,1,0
8095,2.26,116,14,433,159,11.01,1,0,1,0
16809,2.17,291,1,183,430,2.99,0,1,1,0
13929,3.12,270,13,408,419,14.13,0,1,0,0
17842,3.39,446,8,488,200,11.71,0,0,0,0
20393,3.83,156,14,57,144,1.0,0,1,1,0
4550,2.02,59,9,234,519,7.78,0,0,0,0
11995,4.97,183,13,38,375,9.97,0,1,1,0
18166,3.09,423,3,273,284,1.38,0,1,1,0
10492,4.54,143,10,93,357,5.62,0,0,1,0
15501,3.6,160,4,430,214,9.9,0,0,1,0
18567,2.39,88,8,160,457,12.33,0,0,0,0
22785,4.39,15,4,412,131,14.67,1,0,1,0
16265,4.13,413,6,36,146,2.26,0,0,0,0
8424,3.58,248,1,114,82,9.67,1,1,1,0
23625,3.54,97,1,253,530,13.45,1,0,1,0
17086,2.26,449,3,447,589,10.9,1,0,0,0
6161,3.97,103,7,320,517,9.67,1,1,1,0
23539,4.73,299,1,107,181,3.61,1,0,0,0
12215,2.28,234,9,317,516,12.32,1,1,0,0
9617,2.79,421,6,70,100,8.66,1,1,1,0
14926,4.71,306,12,264,466,2.12,0,0,0,0
18092,2.85,443,12,486,171,14.07,0,0,1,0
19160,3.96,273,0,461,212,14.83,1,0,1,0
20560,3.6,260,8,132,584,8.3,1,1,1,0
18638,3.79,238,9,461,532,11.76,1,0,0,0
5233,3.25,423,5,433,227,8.96,1,1,1,0
7700,2.9,261,10,408,311,6.62,1,0,0,0
14027,2.15,331,0,27,244,6.43,0,0,1,0
10860,4.23,114,9,56,393,14.48,1,1,1,0
10526,4.24,267,5,66,377,5.85,1,1,0,0
8559,4.01,11,13,119,302,7.61,0,1,1,0
9732,3.93,72,4,364,432,4.1,1,0,0,0
5513,2.73,361,13,192,495,4.17,1,1,0,0
10830,2.07,405,11,260,141,5.67,1,0,1,0
17781,4.43,304,4,408,455,13.91,0,0,0,0
10910,3.47,177,4,210,484,6.25,1,1,0,0
18847,2.92,463,3,361,334,8.51,0,0,0,0
8649,2.31,259,6,450,530,8.41,0,0,1,0
20480,2.19,433,14,253,469,8.96,0,0,1,0
12120,3.05,258,12,300,427,12.39,1,1,1,0
4951,4.41,399,8,254,581,13.57,1,0,1,0
13165,4.76,269,12,145,401,3.53,1,1,0,0
17352,4.69,319,3,197,143,12.98,1,1,0,0
12746,4.76,119,1,496,233,8.44,0,0,1,0
13970,4.72,168,1,192,596,13.9,0,0,1,0
12186,3.58,485,1,391,474,13.78,1,0,0,0
11804,2.66,67,6,139,409,6.15,1,0,0,0
3595,4.39,58,3,49,542,9.95,1,1,0,0
10875,2.64,129,3,67,171,13.14,0,1,0,0
23823,2.8,374,0,198,301,6.08,1,1,1,0
8972,2.7,265,3,113,269,1.14,0,1,0,0
18882,3.54,74,5,74,284,5.72,1,1,0,0
3858,2.97,486,1,255,291,5.8,1,1,1,0
8519,2.46,89,3,458,168,12.2,0,0,0,0
12980,3.36,356,10,321,442,4.99,0,1,1,0
7317,4.62,153,6,306,450,13.46,0,0,1,0
22838,3.71,387,12,437,411,8.46,0,1,1,0
15144,4.64,217,8,367,505,9.0,0,1,0,0
15879,2.59,485,1,93,534,12.2,1,0,0,0
4030,2.5,27,7,471,501,2.45,1,1,1,0
12487,3.73,129,13,436,250,0.76,0,1,1,0
16305,3.39,65,5,331,328,1.32,1,0,0,0
13255,3.98,143,7,461,260,0.94,0,0,0,0
4447,4.38,379,1,141,554,10.65,0,1,0,0
13237,4.25,312,13,76,562,4.05,1,1,0,0
5850,4.83,406,10,292,463,12.93,1,0,1,0
14953,3.19,406,0,158,483,13.3,0,1,0,0
11106,2.62,460,6,218,240,5.66,0,1,0,0
13000,3.65,276,12,228,327,3.32,1,0,0,0
12503,2.33,102,8,495,398,7.73,1,1,1,0
18493,2.87,408,8,292,192,12.33,1,1,0,0
7055,2.62,313,14,380,423,10.43,0,0,1,0
8402,3.19,36,1,157,202,0.87,0,0,1,0
12281,2.33,248,3,429,398,0.6,0,1,1,0
4672,2.1,432,12,153,557,2.15,0,0,0,0
7532,3.97,460,0,356,492,5.38,0,1,1,0
7924,3.83,398,10,35,324,8.28,0,1,1,0
18269,4.13,155,6,122,536,12.35,1,0,1,0
15546,3.98,450,1,262,232,2.57,1,1,0,0
9085,2.34,470,3,109,94,2.71,1,1,1,0
15390,2.87,131,11,23,522,13.02,1,1,1,0
16280,2.39,46,1,81,383,13.9,0,0,0,0
7864,4.53,433,0,231,324,8.49,1,1,1,0
12316,4.24,443,6,267,534,11.88,0,1,1,0
4221,2.6,445,5,211,438,5.47,0,1,1,0
5860,3.02,194,1,75,131,14.22,1,1,0,0
13702,4.9,102,13,478,90,13.62,1,0,0,0
11428,3.78,327,3,426,306,12.82,0,1,1,0
18385,4.4,170,11,308,193,0.69,1,0,0,0
12336,2.79,88,10,50,166,8.09,0,1,0,0
6253,2.63,245,2,410,329,0.89,1,0,1,0
6782,4.35,57,11,489,329,10.32,1,0,1,0
20150,4.06,104,2,408,500,3.16,0,1,1,0
22065,4.04,179,2,440,289,9.77,1,1,1,0
19343,3.66,459,10,20,136,1.92,0,1,1,0
24470,3.69,68,3,217,142,11.47,0,0,1,0
22049,4.21,480,0,64,417,11.03,1,1,1,0
12951,2.81,301,0,66,85,0.57,0,0,0,0
19269,3.06,152,6,471,590,11.98,1,1,1,0
17567,4.61,24,4,241,540,2.87,1,0,1,0
14683,2.93,376,2,305,435,2.08,1,1,0,0
6513,3.64,34,8,100,298,7.75,1,1,1,0
19879,4.11,444,4,463,446,9.06,0,1,1,0
16335,5.0,14,9,299,443,2.0,0,0,1,0
14372,3.31,105,2,306,469,4.92,1,1,1,0
8822,3.28,217,8,303,374,6.41,1,0,1,0
17837,4.53,383,0,448,584,14.18,0,1,1,0
15122,4.42,73,13,407,367,4.14,0,0,0,0
5072,4.19,343,8,208,256,4.28,1,0,0,0
11529,3.39,418,13,58,378,10.06,1,1,0,0
23333,2.97,284,4,102,363,11.04,1,0,0,0
21939,3.83,37,5,427,133,0.66,1,0,1,0
23799,4.63,196,1,346,399,2.44,0,1,0,0
8959,4.65,279,7,449,558,5.69,1,0,1,0
12107,2.33,274,14,456,300,9.66,1,1,1,0
8993,3.29,173,2,195,422,2.44,1,1,0,0
8021,3.39,304,0,28,293,5.68,0,1,0,0
22291,4.93,43,6,297,401,1.66,1,0,1,0
22298,4.03,456,11,402,94,8.78,0,0,1,0
16546,3.22,153,2,277,559,6.68,1,0,0,0
13174,2.08,152,3,366,213,11.93,1,1,1,0
19138,3.7,290,14,291,103,8.82,0,0,1,0
23254,2.29,497,4,280,456,10.06,1,1,1,0
14759,4.5,419,0,415,221,10.23,1,0,1,0
12190,4.26,141,10,199,518,9.05,0,1,1,0
24469,3.38,255,10,173,403,0.73,0,0,1,0
15886,3.29,311,8,34,201,12.56,0,0,0,0
19779,4.69,133,6,86,379,13.79,0,1,1,0
20322,2.87,31,1,348,420,8.25,1,0,1,0
12828,2.75,25,12,206,258,2.13,1,0,0,0
5510,4.82,398,0,367,287,9.99,0,1,1,0
24020,4.43,254,13,442,245,5.77,1,1,1,0
21033,4.46,432,10,82,120,1.56,1,0,0,0
23074,2.59,222,1,375,154,12.89,1,0,0,0
6435,2.43,55,2,300,559,10.82,1,1,0,0
6201,2.08,292,11,60,427,12.17,1,0,1,0
23563,2.71,124,2,47,351,12.04,1,0,1,0
18153,4.32,229,7,386,245,5.69,1,0,0,0
22621,2.72,52,4,296,165,7.49,0,1,1,0
23246,4.19,441,8,240,234,3.89,1,0,1,0
3058,2.76,100,2,236,302,11.45,0,0,0,0
14122,3.19,466,5,241,496,8.1,1,1,0,0
24322,4.95,333,3,80,441,9.93,1,1,0,0
5971,2.73,291,7,122,425,5.67,0,1,0,0
12719,3.13,356,11,204,225,10.35,0,0,0,0
17017,2.9,266,0,414,146,10.23,0,0,0,0
11314,2.33,282,3,166,596,11.67,0,1,0,0
12628,3.47,1,6,94,138,2.75,0,1,1,0
12354,3.14,21,8,492,95,9.54,0,1,1,0
14492,4.08,65,12,20,565,13.25,1,0,1,0
6345,4.45,211,0,435,255,1.87,1,1,1,0
21870,3.63,235,7,488,401,14.43,0,1,0,0
18357,2.1,367,1,384,540,3.51,1,0,0,0
3561,3.86,16,3,352,215,14.08,0,0,1,0
23365,2.17,387,3,181,507,13.09,0,1,0,0
9261,3.85,13,13,36,401,11.67,0,1,0,0
4737,4.06,6,7,262,415,3.54,0,1,0,0
12096,2.59,334,10,458,592,3.64,1,1,1,0
22938,4.46,221,1,386,250,4.26,0,1,1,0
15682,4.73,399,6,38,208,12.25,1,1,1,0
14723,4.44,103,2,349,497,3.22,1,1,1,0
15098,2.92,449,8,445,476,8.92,1,0,0,0
12126,3.76,402,4,78,140,11.77,1,0,0,0
16389,4.74,0,13,220,196,7.18,0,1,1,0
11266,2.96,286,11,134,552,12.69,0,1,1,0
3294,4.46,383,14,222,476,8.65,0,0,0,0
14434,2.03,246,7,313,297,9.13,1,1,1,0
8330,2.01,387,14,50,556,10.31,0,0,1,0
7655,4.28,90,4,213,347,12.77,0,0,1,0
20493,4.28,313,0,491,155,0.57,0,1,1,0
16460,4.37,311,8,125,148,6.19,0,1,0,0
6771,4.79,436,9,386,524,14.46,0,1,1,0
11563,2.35,472,10,472,377,1.93,1,0,1,0
20558,2.7,213,11,325,553,3.89,1,1,0,0
4164,4.71,42,6,145,239,8.78,0,1,0,0
12475,2.53,73,3,433,87,12.94,1,1,0,0
23850,4.05,241,6,122,564,1.91,1,0,0,0
24922,3.59,480,4,182,167,0.56,1,0,0,0
15388,2.25,48,9,334,220,10.46,1,0,0,0
16969,2.86,367,13,140,422,9.16,0,0,0,0
11434,3.56,363,8,259,295,4.43,1,1,0,0
22184,4.56,315,1,420,585,14.39,1,1,0,0
23991,4.12,221,3,114,153,8.61,1,0,0,0
10262,3.87,349,5,469,148,10.12,1,1,1,0
4541,3.49,143,10,227,302,5.99,0,1,0,0
5765,2.9,328,4,168,465,13.86,1,0,0,0
13306,2.36,208,0,369,364,4.5,0,0,0,0
7491,3.23,98,8,327,201,11.36,0,0,1,0
6083,2.09,187,8,212,520,2.19,1,0,0,0
24740,2.63,113,2,161,536,8.3,0,0,0,0
4857,3.3,174,3,291,243,8.88,0,0,1,0
3769,3.26,270,3,330,342,3.23,0,0,0,0
20806,2.13,62,9,412,171,5.19,0,0,0,0
5972,3.77,495,7,411,415,3.09,0,1,1,0
21256,3.65,283,5,220,393,12.75,1,0,0,0
8599,2.23,403,14,181,545,10.03,0,1,0,0
21653,4.83,224,1,128,480,6.97,1,0,0,0
8275,2.3,446,3,436,564,8.56,1,0,0,0
24133,4.56,160,0,489,356,5.49,1,0,0,0
9571,2.0,35,2,369,145,6.72,1,0,0,0
8072,4.65,380,3,282,280,9.48,1,0,0,0
12631,2.06,140,7,229,547,3.57,1,0,1,0
14245,4.27,317,2,168,513,2.44,1,1,1,0
17706,3.09,195,4,275,217,14.19,1,0,0,0
8463,4.21,150,0,408,131,3.93,1,0,0,0
10450,3.21,455,12,218,531,7.68,0,1,0,0
14095,2.21,268,3,415,237,11.54,0,1,0,0
23343,4.3,343,1,462,285,8.56,1,0,1,0
4313,2.21,39,3,356,421,9.71,1,1,0,0
10847,4.77,237,4,205,395,2.87,0,1,1,0
20454,2.15,413,2,363,215,6.23,1,0,1,0
12166,3.44,379,13,184,154,10.51,1,1,1,0
12930,4.17,221,5,127,528,3.54,0,1,0,0
6285,3.18,280,11,102,148,7.51,1,0,0,0
6095,2.65,224,14,320,281,9.04,0,0,0,0
19704,4.28,456,1,99,246,11.95,1,1,1,0
21705,4.35,153,4,272,200,3.64,1,1,0,0
3555,4.77,279,3,44,176,14.68,1,1,0,0
24323,3.13,352,4,302,456,14.53,1,1,0,0
8432,3.52,38,12,70,570,0.68,1,1,0,0
4386,3.09,216,8,394,132,5.84,0,0,0,0
24147,2.77,243,5,445,88,1.48,1,1,0,0
14239,4.25,108,6,127,410,5.1,1,1,1,0
13619,3.02,462,13,474,330,9.3,0,1,1,0
9854,3.28,60,10,257,439,9.33,1,0,0,0
13196,3.21,488,7,445,428,1.9,1,0,1,0
19033,4.14,495,14,335,203,10.32,1,1,1,0
10637,4.75,432,8,347,278,12.77,0,0,0,0
24225,4.0,424,13,482,490,9.65,0,0,0,0
15962,3.41,197,4,205,459,4.99,1,1,1,0
17940,4.34,275,7,99,584,0.54,1,0,1,0
23251,3.92,171,1,347,174,9.9,0,1,1,0
13618,2.18,271,9,115,109,10.33,1,1,1,0
6793,2.29,404,8,401,171,10.78,0,1,1,0
10373,2.11,270,1,484,94,1.07,1,0,1,0
5513,3.37,422,12,169,539,7.99,0,1,1,0
23187,4.48,41,14,371,102,6.49,0,1,1,0
5327,2.94,188,11,461,405,11.63,1,1,1,0
11809,3.15,259,4,414,166,10.98,0,0,0,0
21549,4.73,151,5,384,272,14.28,1,1,1,0
22692,4.51,130,3,25,342,13.51,0,1,1,0
9452,4.0,113,7,41,508,8.59,1,0,0,0
10642,2.8,384,9,481,439,14.72,0,1,1,0
17435,2.35,221,14,239,512,2.68,1,0,0,0
3992,2.05,396,2,378,587,0.6,0,1,1,0
8424,2.32,53,10,31,128,2.06,0,0,1,0
7381,2.88,337,12,302,247,5.65,1,0,0,0
22558,3.66,295,4,404,520,11.45,1,1,0,0
7782,2.19,382,1,211,307,6.05,0,0,1,0
24944,2.41,394,2,477,293,11.82,0,1,0,0
10460,2.54,41,7,244,233,11.27,1,1,1,0
22462,3.9,92,10,355,486,12.02,0,0,1,0
5983,3.85,259,4,186,97,3.22,1,1,0,0
17182,3.65,280,13,335,546,7.98,1,1,0,0
5523,2.75,355,2,135,423,10.83,1,1,0,0
12677,3.11,419,4,345,403,4.62,1,1,1,0
13292,2.29,191,8,457,325,12.65,1,1,1,0
18089,2.68,124,2,428,139,11.8,1,0,0,0
7581,4.69,427,11,167,573,2.24,0,1,0,0
14907,4.94,295,14,55,128,3.66,1,0,1,0
8609,3.94,347,9,426,332,3.94,0,1,0,0
21385,4.75,428,6,483,462,13.24,1,1,1,0
20771,3.93,391,7,404,388,3.21,1,0,1,0
14375,2.1,340,4,264,137,9.52,0,1,0,0
20414,4.99,34,2,497,143,1.44,1,1,1,0
12957,2.3,427,10,430,204,8.51,1,0,0,0
15955,4.05,401,5,327,140,2.55,1,0,1,0
4220,2.76,46,12,149,459,8.84,1,0,0,0
16163,3.18,152,11,259,217,5.83,0,1,1,0
16289,3.94,237,2,424,145,9.28,0,0,0,0
15537,3.31,424,8,412,258,6.22,0,1,0,0
12810,2.75,4,1,386,250,12.89,0,0,1,0
12455,3.0,447,12,363,423,11.48,0,1,0,0
12063,3.02,445,2,323,266,12.75,1,0,0,0
3834,4.88,124,6,124,306,3.72,1,0,1,0
4724,4.4,366,13,186,345,2.66,1,0,0,0
5413,3.38,327,13,61,271,8.58,0,0,0,0
12505,2.6,86,9,474,205,13.16,0,0,1,0
7498,4.43,2,7,273,553,2.1,0,0,0,0
5105,2.47,491,4,369,178,3.89,0,1,1,0
5568,2.63,164,4,320,423,11.32,1,1,0,0
12330,3.1,222,4,405,322,7.25,0,0,1,0
19593,4.64,348,3,479,99,9.25,0,1,0,0
7911,2.4,296,8,224,438,9.08,1,0,0,0
21604,2.37,403,5,214,512,6.48,0,0,1,0
19617,3.48,450,12,190,566,10.73,0,0,0,0
3792,2.83,342,11,269,409,12.86,0,0,0,0
17195,3.71,423,12,123,386,13.66,0,1,1,0
16901,3.35,340,7,382,264,1.17,1,0,1,0
18762,3.3,460,7,421,414,8.53,0,0,1,0
22494,2.34,391,4,58,585,1.09,1,0,0,0
21550,2.42,388,11,255,542,13.56,1,1,0,0
11526,4.46,24,8,153,82,6.72,0,0,1,0
18898,4.66,38,1,271,254,13.56,0,1,0,0
24577,2.7,420,13,189,377,3.22,1,1,1,0
4214,2.34,380,7,455,197,2.85,0,0,1,0
23803,2.16,104,2,302,285,13.67,0,1,1,0
18346,3.82,4,6,226,214,14.11,0,0,0,0
3212,4.15,135,12,162,282,11.62,0,0,0,0
4658,3.12,491,8,38,114,3.72,0,0,0,0
15270,4.04,3,13,209,109,2.99,0,0,1,0
17029,4.14,168,10,83,507,11.35,1,1,0,0
8024,4.81,315,4,249,336,9.7,0,1,0,0
16039,2.19,309,14,326,460,13.15,1,1,1,0
8141,2.58,405,10,194,261,4.51,1,0,0,0
21178,2.21,77,7,332,287,4.78,1,0,1,0
8988,4.6,18,3,39,518,11.11,0,1,1,0
16777,4.38,204,14,295,421,4.38,1,0,1,0
8578,3.72,354,13,357,457,7.2,1,1,0,0
24935,2.25,323,0,467,490,8.04,1,0,0,0
18051,2.82,32,0,245,462,10.2,0,1,1,0
6845,2.89,149,5,250,544,5.49,1,0,1,0
14882,3.68,192,7,120,472,12.95,1,1,1,0
17247,2.77,138,9,246,230,6.33,0,0,0,0
14484,2.22,271,1,313,448,1.1,0,1,0,0
3378,4.19,195,10,57,186,1.47,1,0,0,0
6293,2.9,126,3,84,218,14.59,1,0,0,0
22713,3.36,348,2,95,359,9.52,0,0,1,0
24192,2.38,230,12,408,151,7.62,0,1,1,0
14630,4.41,43,8,211,584,13.11,0,0,1,0
16660,3.7,229,2,142,185,10.89,1,0,1,0
19608,4.7,215,10,144,580,3.13,0,1,0,0
3737,3.49,243,7,46,238,0.61,1,1,1,0
19619,4.82,8,13,122,229,14.74,1,0,0,0
15470,4.68,249,6,295,93,9.62,0,1,0,0
20095,3.73,199,0,79,84,7.42,1,1,1,0
19117,4.8,333,7,187,352,14.2,1,0,0,0
17779,2.97,78,8,102,417,5.85,1,0,1,0
21272,3.1,244,7,482,290,10.98,0,0,0,0
20643,2.14,189,9,25,406,10.22,0,0,1,0
24630,3.77,85,9,476,545,10.32,1,1,1,0
10271,4.17,484,0,183,158,10.32,0,0,0,0
20132,4.32,270,14,387,256,0.65,0,1,1,0
15178,2.45,261,10,490,211,12.45,0,1,0,0
22935,3.33,0,12,221,371,13.88,0,1,1,0
17490,2.53,19,10,468,457,7.02,0,0,0,0
16863,3.99,488,6,414,495,8.63,0,1,1,0
4823,2.47,419,12,196,423,5.21,0,0,0,0
9852,4.71,129,8,389,456,11.88,1,0,0,0
16072,2.69,325,13,359,564,11.18,0,1,1,0
14133,2.87,257,4,175,225,11.21,0,0,0,0
18111,4.55,130,1,297,375,11.16,0,1,1,0
23616,3.38,6,13,359,424,3.67,0,0,1,0
9519,2.07,339,7,322,476,2.13,1,0,0,0
4777,3.48,240,14,121,554,5.01,0,1,1,0
20606,2.25,191,8,99,125,8.84,1,1,0,0
17772,4.96,424,6,213,507,6.29,0,0,1,0
16621,3.76,309,11,300,302,4.11,0,1,0,0
14859,2.77,296,12,110,102,0.82,0,1,0,0
21161,3.69,114,4,86,146,2.26,0,0,1,0
12496,2.23,388,7,234,562,2.03,1,0,0,0
10490,4.4,472,14,435,285,14.37,0,1,0,0
24243,4.78,101,5,164,337,11.79,0,0,1,0
11893,4.62,337,11,59,332,2.28,1,0,0,0
5989,3.03,318,3,231,268,7.27,1,0,1,0
11343,2.98,0,0,305,232,9.99,1,0,0,0
20709,2.11,24,5,78,156,14.43,1,1,1,0
14914,3.95,208,7,47,448,4.4,1,1,0,0
24511,3.6,429,2,66,233,4.33,1,1,1,0
11998,3.38,142,11,256,234,8.74,0,1,1,0
5722,4.72,196,6,136,350,12.93,0,0,1,0
7656,2.5,144,12,170,588,4.55,0,0,0,0
20709,2.03,148,11,102,469,2.32,1,0,0,0
7133,2.22,180,6,76,147,4.36,0,0,0,0
22253,2.67,54,8,236,211,7.01,1,1,1,0
4242,2.1,470,0,491,344,5.72,0,0,0,0
11539,3.51,362,4,404,299,12.99,0,1,1,0
4831,2.94,137,7,239,368,14.17,0,1,0,0
20953,2.54,208,12,304,158,5.99,0,0,0,0
10246,4.25,184,12,261,399,12.44,0,0,0,0
21302,2.61,64,2,453,397,1.49,1,0,1,0
6232,4.06,36,4,339,566,8.53,1,0,0,0
6758,3.05,111,13,118,470,12.56,0,0,0,0
8997,3.54,262,0,261,118,6.57,1,0,0,0
21739,4.8,75,8,484,278,2.58,0,1,0,0
13972,2.11,295,3,222,184,4.62,0,0,0,0
18368,3.5,177,4,56,586,7.63,0,1,1,0
4824,4.56,253,2,265,408,12.73,1,1,0,0
13683,3.76,0,13,464,387,11.35,0,1,1,0
7060,2.83,147,1,147,301,1.71,1,1,1,0
24708,3.19,363,11,154,106,8.42,1,1,1,0
3404,4.04,158,13,365,230,13.15,0,0,1,0
21105,4.67,323,6,362,252,8.87,1,0,0,0
24700,2.12,473,10,83,101,1.44,0,0,0,0
14017,2.21,267,4,293,473,12.44,0,1,1,0
6845,2.98,149,10,48,126,13.65,1,1,1,0
23594,2.7,128,9,389,204,6.14,1,1,0,0
14384,2.79,125,13,245,414,5.0,0,0,1,0
19448,2.66,0,2,79,374,8.38,1,0,1,0
12491,2.59,386,14,73,376,14.77,0,0,1,0
16112,2.39,116,1,347,123,12.64,0,0,0,0
14785,4.8,459,9,168,101,12.26,1,0,0,0
3968,2.43,148,5,424,305,3.3,0,0,1,0
3368,2.61,268,9,77,453,13.48,1,0,0,0
11424,2.74,188,5,452,83,8.56,0,0,0,0
5242,4.8,140,2,55,103,13.79,0,0,0,0
24386,4.27,104,14,164,401,9.95,0,0,0,0
6083,4.37,465,12,269,451,12.6,0,1,0,0
16322,2.31,251,8,99,444,2.9,1,1,0,0
4469,4.51,416,0,456,148,10.74,0,1,1,0
7725,3.22,389,2,34,551,4.23,0,0,1,0
7259,2.79,280,12,482,584,2.95,1,0,0,0
6622,3.73,406,0,59,392,8.82,0,0,0,0
13292,4.47,343,6,100,151,9.24,1,0,0,0
20207,4.34,100,1,326,325,7.61,0,1,0,0
6431,4.67,281,10,212,152,1.79,1,0,1,0
7151,4.78,387,10,416,119,4.05,0,0,1,0
7213,2.71,357,11,185,118,3.91,1,1,0,0
18235,3.27,162,3,477,135,5.05,0,1,0,0
11989,2.04,496,3,372,251,9.61,1,0,1,0
3779,4.64,202,13,429,381,6.85,1,0,1,0
18351,2.46,99,12,223,569,14.54,0,1,0,0
14042,4.58,280,7,230,511,0.73,1,1,1,0
22276,2.99,403,10,418,83,3.63,0,1,0,0
8534,3.1,256,3,392,340,8.81,0,1,0,0
6306,2.12,93,2,408,489,13.25,1,0,0,0
5902,2.98,323,9,277,344,0.99,0,0,0,0
16391,4.67,278,11,134,94,13.31,0,0,0,0
6718,2.08,226,2,353,167,7.86,1,1,1,0
3021,3.22,361,4,368,178,11.89,0,0,1,0
4500,2.09,149,5,252,296,14.26,1,0,1,0
12034,3.11,350,6,468,489,3.62,1,1,1,0
18799,2.52,61,12,96,270,9.02,1,0,1,0
6641,2.76,128,4,335,294,13.31,1,1,1,0
24596,4.63,186,6,115,106,12.74,0,1,0,0
3191,3.31,67,3,117,261,8.05,0,0,1,0
16306,2.82,402,4,75,238,14.27,1,0,0,0
16414,3.77,29,5,137,309,10.77,1,0,0,0
11587,2.43,384,8,481,314,8.1,1,1,1,0
24498,2.78,303,5,138,465,1.34,1,1,1,0
7662,3.64,274,9,57,363,7.57,1,1,0,0
7326,2.71,126,13,204,150,6.62,0,0,1,0
12065,4.04,435,10,377,583,4.93,0,1,0,0
23719,3.47,212,0,261,294,14.17,1,1,0,0
13471,4.32,405,11,70,196,13.92,1,1,0,0
15641,4.84,305,10,444,179,5.39,0,0,0,0
12196,2.35,449,6,482,374,6.82,1,1,1,0
15726,3.0,133,13,146,256,11.4,1,1,0,0
24878,2.96,447,10,122,211,12.61,1,1,0,0
18651,2.45,404,12,473,136,2.1,1,0,0,0
11536,4.43,480,10,496,92,7.62,0,0,0,0
22095,4.28,402,2,248,272,13.76,0,0,1,0
15944,3.45,218,5,230,589,10.14,0,1,0,0
9273,3.61,420,1,455,232,8.37,1,0,0,0
9284,2.18,318,14,404,102,10.91,1,0,0,0
11817,3.67,156,13,104,109,10.09,1,0,0,0
23378,4.37,187,11,378,448,14.16,1,1,0,0
21062,3.72,475,6,293,470,13.73,0,0,0,0
11414,2.8,161,0,46,389,6.27,1,0,1,0
20127,4.0,128,12,367,480,0.96,0,1,1,0
19846,3.08,303,1,91,432,5.32,1,1,1,0
20952,3.63,88,8,114,145,3.44,0,0,0,0
14539,3.46,382,8,95,245,2.41,1,1,1,0
16993,3.14,404,6,445,571,13.38,0,1,1,0
16451,4.16,161,1,25,259,10.79,0,1,1,0
17692,4.65,409,4,109,96,0.97,1,1,1,0
21120,2.02,35,3,99,205,13.84,1,0,1,0
16334,4.8,226,1,241,161,13.59,1,1,1,0
10903,3.53,150,1,102,119,14.27,0,0,0,0
18629,4.1,80,9,101,298,12.53,1,0,0,0
20740,4.57,46,7,171,261,1.64,0,1,1,0
4014,3.4,489,4,64,517,9.53,0,0,0,0
13860,4.5,203,7,231,240,1.7,0,1,1,0
20438,2.53,427,1,90,266,10.84,1,0,1,0
4764,2.48,147,1,282,433,3.36,1,1,0,0
9009,3.97,230,10,419,454,14.07,1,1,1,0
23842,4.61,26,10,401,546,14.05,1,0,1,0
12604,4.68,489,2,77,320,9.12,0,1,0,0
19012,3.93,188,10,76,413,11.41,1,1,0,0
3667,3.58,164,9,445,127,12.94,0,0,0,0
6370,2.99,211,7,130,190,6.14,1,1,0,0
8976,4.94,307,14,161,183,8.9,1,1,1,0
20778,2.96,74,7,75,542,3.05,0,1,1,0
23454,4.23,91,2,31,153,14.79,1,0,0,0
11613,3.6,61,0,368,396,13.98,0,0,0,0
8599,3.83,65,6,34,81,7.51,0,1,1,0
6650,3.18,407,3,27,451,8.52,1,1,1,0
15349,4.89,79,2,250,548,6.83,1,1,1,0
12894,3.72,139,4,205,89,0.52,0,0,1,0
23004,4.81,399,11,72,502,3.83,1,0,0,0
6190,2.02,419,5,156,337,1.97,1,1,1,0
18345,3.72,129,13,193,555,5.18,0,0,0,0
11789,4.15,472,0,367,324,3.93,0,0,1,0
3391,4.24,253,11,238,416,11.54,0,0,0,0
20459,4.71,445,11,282,567,7.82,1,1,1,0
5650,2.01,319,8,274,152,12.35,1,0,0,0
16600,2.0,28,5,319,84,9.72,1,0,0,0
17317,3.42,475,2,289,541,10.02,0,1,0,0
21768,2.09,201,0,94,445,13.21,1,1,0,0
20193,4.92,236,12,243,574,12.78,1,1,0,0
18563,2.67,86,8,390,296,1.42,0,1,1,0
24885,3.42,95,1,111,293,8.89,1,1,1,0
9895,2.18,286,13,153,404,6.49,1,0,1,0
20543,3.57,338,9,182,389,9.19,0,0,1,0
4531,3.14,398,5,217,117,13.01,1,0,1,0
8481,2.13,438,5,208,140,0.67,0,1,1,0
24360,3.01,288,11,427,174,0.66,1,0,1,0
13874,3.17,251,2,92,312,1.41,1,1,0,0
22932,4.97,464,10,405,592,13.19,0,1,0,0
9163,2.62,179,5,225,229,5.63,1,0,1,0
8264,3.63,99,13,454,550,5.88,1,1,0,0
20615,4.96,403,1,50,294,5.51,0,0,0,0
18890,4.38,72,7,401,478,3.85,1,0,0,0
21807,4.98,421,12,497,85,1.06,0,0,0,0
14767,4.9,130,0,138,160,13.64,0,0,1,0
11071,3.47,181,5,302,268,3.88,1,0,1,0
23645,4.09,193,13,385,107,13.46,1,0,1,0
18540,2.33,17,0,178,214,14.36,1,0,1,0
5908,3.32,470,8,274,384,8.86,0,0,0,0
7712,4.43,125,12,264,574,5.9,0,0,1,0
15190,3.52,210,12,125,359,11.6,0,0,0,0
23267,4.11,6,8,217,159,0.87,0,1,1,0
22899,4.24,418,5,446,470,13.97,1,1,0,0
22787,2.76,379,5,139,94,6.41,1,0,0,0
23982,4.63,113,8,101,302,4.97,0,1,0,0
24392,3.38,339,13,327,345,2.34,0,0,0,0
13150,2.63,83,4,289,399,14.35,0,0,1,0
23393,4.6,338,8,206,185,12.26,1,0,1,0
22119,3.25,360,4,295,332,11.0,1,1,0,0
7491,4.25,463,13,393,278,14.0,1,1,1,0
16919,3.64,101,13,71,135,14.42,0,1,1,0
17168,3.15,468,3,478,486,4.39,0,0,1,0
11593,4.43,92,1,376,517,11.9,0,0,0,0
20358,3.75,491,1,315,536,11.62,1,1,0,0
19607,3.17,315,14,87,556,8.58,1,1,0,0
7613,2.33,101,12,319,426,2.68,0,0,0,0
23595,4.69,492,0,153,565,14.14,0,0,0,0
14426,2.11,250,9,362,442,5.07,1,0,0,0
19609,4.59,23,13,139,291,8.89,0,1,0,0
11183,3.08,484,2,76,516,0.78,1,1,0,0
23661,3.92,476,0,205,222,6.72,0,1,0,0
20725,4.77,478,12,91,364,9.44,0,1,1,0
23420,2.46,364,5,177,149,6.02,0,1,0,0
11401,3.7,499,13,247,389,7.42,1,0,1,0
6727,4.29,166,10,327,342,3.28,1,0,0,0
16703,4.27,139,12,253,139,5.58,0,0,0,0
23312,3.58,93,6,30,388,10.99,0,1,1,0
22187,3.87,180,8,194,599,14.56,1,1,0,0
13218,4.27,63,13,280,461,7.3,1,1,0,0
3393,4.52,3,6,150,420,10.45,0,1,0,0
18992,4.29,93,3,418,163,14.65,1,1,0,0
12035,3.06,388,13,405,313,11.73,0,0,0,0
12716,4.99,271,3,21,319,0.65,0,1,1,0
11795,3.3,282,7,268,183,14.07,1,1,1,0
3581,2.07,131,3,219,304,13.07,1,0,1,0
17330,3.09,71,0,201,358,4.43,1,1,1,0
13131,2.38,303,8,449,472,3.13,0,1,1,0
3132,2.36,391,2,369,508,13.54,1,0,1,0
22222,2.84,80,13,146,481,10.49,0,0,1,0
17984,2.16,173,0,401,125,3.94,1,1,1,0
6385,4.07,299,8,316,593,10.85,1,0,1,0
6770,2.22,450,10,216,255,9.2,0,0,0,0
5268,2.61,474,10,305,445,4.98,0,0,0,0
3975,2.28,51,13,63,252,8.57,0,0,1,0
10605,2.19,289,14,29,383,8.15,0,1,1,0
10213,2.8,445,12,244,231,7.89,0,0,1,0
14455,3.72,236,9,235,430,8.0,0,0,1,0
5835,4.89,276,13,230,171,0.51,1,0,0,0
5738,4.63,490,9,305,240,4.4,1,0,0,0
12549,4.63,279,4,236,185,6.75,0,0,1,0
7134,2.53,43,11,350,182,2.35,0,1,0,0
9833,2.79,369,14,68,211,11.36,1,1,0,0
11353,2.23,253,13,182,368,12.78,1,0,0,0
18690,4.34,424,8,212,537,12.36,0,0,0,0
4909,2.21,412,2,164,180,7.16,0,0,1,0
17496,3.67,358,5,178,100,10.52,1,1,0,0
15062,2.74,133,10,345,328,1.61,0,0,1,0
12850,2.73,55,11,480,271,3.39,1,0,0,0
4963,4.97,13,10,199,392,1.18,0,0,0,0
8153,4.27,177,11,45,247,14.5,0,1,0,0
13481,4.51,461,6,119,250,8.83,1,0,1,0
3966,3.72,100,4,408,295,3.04,0,0,0,0
3889,4.61,179,11,130,588,10.76,1,1,1,0
22445,3.94,471,7,289,253,7.59,1,1,0,0
9461,4.84,460,9,70,487,6.8,0,0,1,0
9166,2.84,256,5,34,580,13.75,0,1,1,0
19006,3.79,267,11,147,217,10.77,1,0,1,0
14381,4.07,370,5,159,178,10.51,1,0,1,0
19344,3.18,361,12,261,136,1.91,1,0,0,0
13940,4.64,407,6,65,326,1.83,1,0,1,0
14258,4.94,36,7,253,186,10.13,0,0,0,0
10280,3.48,467,11,467,127,2.77,0,0,0,0
4067,3.17,453,12,91,365,7.07,1,1,1,0
23607,3.42,203,1,462,125,8.76,1,0,1,0
14115,4.56,468,6,114,475,6.13,1,1,1,0
12018,3.94,258,8,429,199,1.73,1,1,1,0
18753,2.13,154,12,304,139,11.28,1,0,0,0
17178,3.63,237,0,151,226,13.33,1,0,0,0
18187,2.05,308,12,453,576,2.84,1,0,1,0
7607,4.34,99,14,495,197,12.88,1,0,1,0
6985,2.98,272,11,300,316,11.94,0,1,1,0
13284,3.42,112,0,443,297,8.68,0,0,0,0
22563,4.4,109,6,51,203,9.14,1,0,0,0
17554,2.14,142,12,375,342,9.95,1,1,1,0
7538,2.48,166,13,478,249,8.11,0,0,0,0
21746,3.19,259,4,56,471,12.74,1,0,0,0
21608,2.69,144,0,145,229,7.37,1,0,1,0
9371,3.01,229,13,157,325,8.43,1,1,0,0
4726,4.99,394,14,441,580,1.03,1,0,0,0
8791,4.48,267,12,464,270,3.11,0,1,1,0
11458,4.65,494,0,119,253,13.6,1,0,0,0
20221,4.81,31,1,261,251,2.26,0,0,1,0
18738,3.02,410,10,264,417,13.61,0,1,1,0
23968,2.89,427,9,46,490,9.72,0,0,1,0
20070,2.7,298,8,228,149,13.84,0,0,1,0
19740,4.49,218,11,410,177,12.31,0,0,0,0
12063,4.04,176,11,476,596,13.05,0,1,1,0
13165,2.71,103,2,118,264,8.1,0,1,1,0
17539,3.13,235,8,156,492,12.47,1,0,0,0
18572,3.52,92,5,206,457,7.18,0,0,0,0
7647,3.58,200,12,55,91,1.14,0,1,0,0
13002,4.67,298,9,137,488,9.94,0,0,1,0
23802,3.14,386,5,177,497,11.06,1,1,1,0
13833,4.73,230,6,498,410,1.97,1,0,0,0
13420,3.32,412,9,294,359,12.33,1,1,0,0
9642,4.24,254,10,188,194,1.59,1,0,0,0
22775,4.79,84,7,74,289,6.9,0,1,1,0
13542,4.72,34,10,490,526,7.57,0,0,0,0
7357,2.17,116,14,103,473,1.03,1,0,1,0
24263,2.62,175,2,25,260,1.45,1,1,1,0
24703,3.43,457,7,398,544,7.03,1,1,0,0
18599,3.29,470,14,382,107,5.01,1,0,1,0
16201,3.92,422,5,363,272,12.33,1,0,0,0
5739,4.83,472,5,275,335,6.5,0,1,1,0
16231,2.34,407,10,425,503,2.03,1,0,1,0
12510,3.36,275,13,217,170,2.79,0,0,0,0
12727,2.58,398,2,171,224,10.27,0,0,0,0
24168,4.68,84,5,337,531,14.28,0,1,0,0
13635,4.89,116,10,189,507,13.11,1,1,0,0
12964,3.44,361,12,267,321,2.38,1,1,1,0
20261,2.31,203,7,268,565,0.74,0,1,1,0
22254,4.36,145,12,169,110,0.88,1,1,0,0
14392,4.09,443,6,229,139,8.55,1,0,0,0
15336,3.06,214,9,419,555,7.55,1,0,1,0
14939,4.66,104,14,247,180,0.69,1,0,1,0
19676,4.93,348,9,263,352,1.33,1,1,1,0
12843,3.67,296,6,160,557,15.0,1,0,1,0
15823,3.7,355,2,139,137,14.49,0,1,0,0
5686,2.89,68,9,312,584,2.34,1,0,0,0
3233,3.75,486,13,199,466,2.88,1,0,0,0
17429,3.32,473,2,427,540,13.55,0,0,1,0
21758,2.91,254,4,144,124,7.86,0,1,0,0
5272,2.2,230,11,486,370,14.39,0,1,0,0
20350,2.76,202,4,261,337,8.04,1,0,0,0
20273,2.59,361,8,231,325,8.87,1,1,1,0
23247,3.63,394,12,494,319,3.69,1,1,0,0
6400,3.81,247,8,36,492,13.2,1,0,1,0
18371,3.83,439,9,35,207,12.46,0,1,1,0
7542,3.16,401,4,404,355,5.39,1,1,0,0
6523,3.26,395,11,360,497,9.38,0,0,1,0
21147,4.5,248,13,400,286,5.45,1,1,1,0
6291,3.43,143,4,494,444,7.23,0,0,0,0
5488,4.96,282,5,276,425,12.88,1,0,0,0
13892,3.32,355,12,305,239,6.52,1,1,1,0
4558,3.95,400,12,487,175,12.69,1,0,1,0
7690,2.15,240,7,299,504,14.42,1,0,0,0
9121,3.96,340,5,65,195,6.54,1,0,0,0
21660,4.55,374,13,277,291,13.22,1,1,1,0
15198,4.83,228,10,162,386,4.91,0,0,1,0
7439,4.99,30,12,304,347,0.54,0,0,1,0
20487,2.85,108,12,374,123,1.73,0,1,1,0
10520,3.73,418,11,337,537,11.19,0,0,0,0
8409,3.35,26,13,32,551,1.95,1,0,1,0
12670,3.69,342,5,486,88,14.12,0,1,1,0
15106,2.47,159,8,340,268,13.07,1,0,1,0
14934,4.57,16,0,64,460,7.97,1,1,1,0
10869,4.73,266,13,66,194,8.93,0,0,0,0
5956,3.35,128,3,35,581,10.57,1,1,0,0
13766,2.84,219,9,401,467,11.11,0,0,0,0
22768,2.42,81,12,126,518,7.62,0,1,0,0
13086,4.05,48,9,22,398,5.04,1,1,1,0
13435,2.94,40,11,123,523,13.7,0,1,0,0
19412,4.73,19,1,473,107,1.18,0,0,0,0
13255,4.01,326,8,114,477,5.66,1,1,1,0
12638,3.94,36,2,152,156,10.16,0,1,1,0
10756,3.68,381,9,429,437,13.42,1,0,1,0
14856,2.14,399,10,367,265,1.58,1,0,1,0
18764,4.8,38,1,290,313,10.05,0,1,1,0
6602,3.88,108,7,220,327,7.56,1,0,0,0
8062,4.98,428,3,273,478,10.45,1,1,0,0
14877,3.61,63,10,202,408,5.1,0,1,0,0
10244,4.13,174,1,169,84,10.81,1,1,1,0
9372,2.17,278,3,56,427,3.11,0,1,1,0
10105,3.9,31,6,488,478,11.74,1,1,0,0
22965,4.29,432,14,432,338,11.37,0,0,0,0
22146,4.34,208,13,429,498,14.23,0,1,1,0
15229,4.31,378,6,345,470,3.01,1,0,1,0
19956,2.68,18,0,158,194,10.97,1,1,0,0
10705,4.93,105,12,119,83,5.18,0,1,1,0
16894,4.99,481,11,423,207,4.59,0,1,0,0
15280,2.23,205,11,255,88,6.32,0,1,0,0
3614,4.81,246,0,103,403,4.64,0,0,0,0
7050,2.87,322,2,366,197,4.1,1,1,0,0
19709,4.07,166,1,473,546,11.64,1,0,0,0
18722,3.01,88,2,52,542,10.64,0,0,1,0
23124,4.9,315,3,140,204,2.09,1,0,0,0
18210,2.3,10,13,49,302,8.62,1,1,0,0
19742,3.49,48,6,453,407,5.3,0,0,1,0
6777,3.28,398,1,53,338,14.58,0,0,1,0
8906,2.98,383,6,152,146,6.66,0,1,1,0
4721,3.94,466,14,227,141,1.09,1,1,1,0
20733,2.39,60,4,159,358,5.31,1,1,0,0
23080,4.15,170,14,95,202,5.03,1,1,0,0
6896,4.94,142,7,94,351,0.58,0,1,0,0
23644,4.41,206,7,327,581,7.57,1,1,0,0
9941,4.58,485,4,326,348,13.63,1,0,1,0
16464,3.08,462,9,424,297,12.13,0,0,1,0
23192,2.97,200,7,474,238,10.43,0,0,1,0
8246,3.55,4,11,77,439,5.48,1,1,0,0
11384,2.14,210,13,117,544,3.86,1,0,1,0
23229,4.84,471,8,144,327,5.47,1,0,0,0
21961,2.43,28,6,467,370,2.28,1,1,0,0
18369,4.71,189,5,368,115,1.94,0,1,1,0
19475,2.25,187,6,153,145,8.83,1,1,1,0
23618,4.47,324,6,245,506,12.3,0,1,0,0
16644,2.46,254,2,452,236,1.94,0,0,1,0
14108,2.11,149,5,219,200,5.36,0,1,0,0
11128,4.16,12,5,56,271,2.28,1,0,1,0
20459,2.84,433,10,157,555,5.0,0,0,0,0
21897,4.14,371,8,227,433,12.54,1,0,0,0
11168,3.67,496,0,213,436,1.01,1,1,1,0
9861,2.33,430,12,75,559,9.88,1,0,0,0
11990,4.8,365,6,358,152,1.37,1,0,1,0
16750,3.36,156,0,346,470,6.68,1,0,1,0
19988,4.2,79,9,341,155,7.37,0,1,1,0
5979,3.5,355,12,320,267,6.32,1,0,1,0
10065,3.81,272,3,106,417,9.74,1,0,1,0
7916,2.91,147,12,114,555,14.62,1,1,1,0
3597,2.6,205,6,215,385,4.38,1,0,1,0
8622,3.63,113,5,211,241,9.34,0,0,0,0
21261,3.32,5,5,163,126,5.65,1,0,0,0
15164,3.17,277,4,29,103,14.99,0,1,0,0
4699,4.02,231,10,260,415,14.29,1,0,1,0
20100,4.07,136,6,168,363,1.85,0,1,0,0
16429,2.14,159,8,495,253,14.62,0,1,1,0
16796,3.02,343,13,159,386,11.2,0,1,1,0
7086,3.24,288,5,32,309,14.89,1,1,1,0
3665,2.29,204,9,273,197,11.68,0,0,0,0
17605,2.71,482,6,100,132,2.37,1,1,0,0
20463,2.15,325,8,229,271,11.38,0,0,1,0
11419,4.99,304,6,392,220,11.04,1,1,0,0
18184,4.21,359,5,413,192,2.92,0,1,0,0
4069,2.26,157,2,397,343,11.42,1,0,0,0
8263,2.06,357,13,239,570,10.28,0,1,0,0
19109,4.16,399,0,416,423,14.92,0,1,1,0
10951,3.32,448,9,437,178,9.47,0,0,0,0
15919,4.36,105,8,78,552,6.51,1,0,1,0
4363,4.77,81,6,147,102,14.33,0,1,0,0
7508,3.8,341,14,324,318,9.6,0,1,0,0
4755,2.56,473,2,281,342,5.56,1,1,0,0
3519,4.35,269,9,287,404,0.81,1,0,1,0
24847,4.87,439,8,48,466,11.47,1,1,0,0
14736,3.74,420,2,352,201,2.23,0,0,1,0
13514,4.05,48,2,399,379,13.89,0,1,0,0
17688,3.01,205,12,301,396,14.44,1,0,0,0
10233,3.14,217,13,87,99,3.93,0,0,0,0
4102,4.2,305,6,226,379,2.14,1,1,1,0
3597,4.78,163,1,291,549,9.13,0,1,1,0
16947,3.89,435,9,328,165,3.6,1,0,0,0
22657,4.37,278,13,422,484,8.36,1,0,0,0
15241,2.51,321,6,194,191,6.51,0,1,1,0
8781,2.64,230,6,237,218,11.98,1,0,1,0
13797,3.6,198,0,179,89,15.0,1,1,1,0
9256,2.53,486,12,345,370,7.12,1,1,0,0
13380,3.9,428,9,263,458,10.43,1,0,1,0
11780,2.87,370,10,272,317,5.46,1,1,1,0
9554,4.37,213,1,473,409,13.01,1,1,1,0
15664,4.42,283,4,208,264,1.04,0,0,0,0
12599,3.39,485,13,280,504,7.66,0,1,0,0
18511,2.54,275,3,462,402,3.06,0,0,1,0
7846,3.94,432,13,405,561,3.06,0,0,1,0
24182,4.98,184,2,149,437,8.23,0,1,1,0
9605,3.87,209,9,22,441,4.96,1,1,1,0
13251,2.11,120,13,473,115,7.16,1,0,1,0
19043,2.05,215,10,370,595,4.93,1,0,1,0
15764,2.96,96,7,62,409,7.1,1,1,1,0
5986,2.59,442,6,152,348,4.65,1,1,0,0
3400,4.44,118,8,197,149,12.15,0,0,0,0
22239,4.53,364,2,285,598,8.59,0,1,1,0
13416,2.78,281,9,430,457,2.84,0,1,0,0
6412,2.98,402,0,43,372,0.62,1,1,0,0
19440,2.71,495,8,41,365,0.75,1,1,1,0
4875,4.73,105,8,364,439,6.61,1,1,0,0
23927,3.51,396,11,22,416,5.05,0,1,0,0
7298,3.97,457,11,419,115,4.3,0,1,1,0
6768,3.25,317,0,177,567,9.53,0,0,0,0
8752,3.89,381,13,387,458,12.29,0,0,1,0
24217,3.16,141,7,446,423,1.42,0,0,1,0
15489,3.02,456,13,23,309,2.09,0,1,0,0
4353,3.9,394,13,126,476,5.85,0,0,1,0
24371,3.77,322,9,315,500,6.9,1,1,0,0
9597,2.88,487,0,291,481,6.23,0,1,0,0
17691,2.45,267,5,251,567,9.76,0,1,0,0
7311,3.11,290,8,380,125,1.76,0,0,0,0
18307,3.25,486,2,257,233,7.67,1,0,1,0
13794,3.89,365,5,91,340,12.27,1,0,1,0
5934,4.74,166,2,107,366,13.96,1,1,0,0
19406,2.11,159,10,35,410,8.63,0,0,1,0
13394,2.73,230,13,393,551,2.51,0,1,1,0
20593,2.58,13,4,110,348,11.05,1,1,1,0
11940,3.51,491,10,469,236,12.05,0,1,1,0
20188,3.29,192,13,458,508,3.35,0,0,1,0
11325,4.19,154,6,39,331,10.32,1,1,1,0
23800,2.73,100,10,454,346,13.99,0,1,0,0
13629,3.78,59,9,231,138,10.92,1,1,0,0
8141,4.65,42,11,103,250,6.53,0,1,1,0
24352,4.73,192,3,358,398,6.92,0,0,0,0
6671,4.88,310,3,460,477,1.65,0,0,1,0
10292,4.32,108,6,145,94,8.13,0,1,1,0
18438,4.72,92,4,70,541,12.14,0,1,1,0
15231,2.7,215,0,37,217,14.69,1,1,0,0
21482,2.59,464,10,480,229,6.29,1,0,0,0
17511,2.02,162,14,356,379,6.81,0,1,0,0
14109,4.12,350,9,462,502,1.29,0,1,0,0
11444,4.81,233,12,372,498,11.74,1,0,0,0
24445,2.56,415,14,136,272,10.89,0,1,1,0
18605,3.91,402,11,143,362,6.34,0,1,0,0
16026,4.24,350,12,47,333,10.78,1,1,0,0
12321,4.78,166,14,472,583,9.53,0,0,0,0
22648,3.94,147,1,431,392,11.65,0,0,1,0
8435,4.91,27,5,364,357,5.06,1,1,0,0
11493,3.03,258,12,487,389,9.94,0,1,0,0
9691,3.05,415,11,488,265,9.57,0,1,1,0
5763,3.63,85,8,160,303,1.81,0,0,0,0
23389,3.15,107,6,25,501,4.57,1,0,0,0
6241,2.0,441,3,176,106,12.97,1,0,1,0
6057,4.2,437,14,125,460,2.76,0,1,1,0
19934,4.26,425,11,138,399,6.0,1,1,0,0
8574,4.24,116,11,156,210,3.77,0,1,1,0
8411,3.04,363,14,48,359,2.53,1,1,0,0
4587,3.57,14,12,185,364,2.48,0,0,0,0
13014,3.08,485,1,84,276,5.55,0,1,0,0
8920,2.05,210,3,75,354,12.15,1,0,0,0
24644,3.69,317,13,305,147,14.51,0,1,0,0
14688,2.37,30,4,389,312,8.79,0,1,0,0
7409,2.24,444,1,115,301,9.71,0,0,0,0
8783,4.27,281,0,396,532,11.79,1,0,0,0
3712,2.03,452,3,462,383,10.1,1,1,0,0
8406,4.88,184,10,234,479,12.8,0,0,0,0
15041,3.55,403,12,250,399,13.32,1,0,1,0
5433,4.95,65,5,77,343,9.6,0,0,1,0
6301,2.17,404,0,413,444,8.23,0,1,1,0
19654,3.75,370,0,424,468,6.17,0,0,0,0
14586,3.05,315,8,203,306,7.19,0,1,1,0
20463,4.53,62,4,301,535,5.51,0,1,0,0
8322,3.08,434,1,290,384,6.69,0,0,1,0
16932,2.78,227,10,228,584,13.55,1,0,0,0
8257,4.57,475,13,182,407,14.6,1,0,1,0
16733,3.12,467,1,108,399,5.74,0,1,1,0
16368,2.05,100,3,290,571,3.7,1,1,0,0
12777,3.17,422,10,116,540,1.63,1,1,1,0
14249,3.96,355,1,94,523,12.64,0,0,1,0
24390,2.76,138,3,107,522,13.12,0,1,0,0
23369,3.3,118,14,25,306,7.03,0,0,0,0
15881,2.17,56,10,175,595,8.37,0,0,0,0
12587,3.76,130,12,82,497,11.23,0,1,1,0
11791,4.27,36,5,48,180,5.95,0,0,1,0
11705,3.24,467,6,323,487,3.42,1,1,1,0
12258,3.26,479,5,210,484,2.16,1,0,0,0
10833,2.26,110,3,461,209,3.91,1,1,0,0
22270,2.61,152,9,424,598,9.86,1,0,0,0
17245,2.46,404,2,223,114,5.54,0,1,1,0
22037,3.45,249,3,297,233,13.08,0,0,1,0
18754,3.59,241,11,46,481,1.77,1,0,1,0
12280,4.85,207,4,104,143,6.54,0,1,1,0
15577,2.22,367,3,354,308,4.23,0,0,0,0
24248,3.8,169,2,460,332,13.37,0,0,1,0
5514,3.58,256,0,229,567,12.19,0,1,1,0
6969,3.55,278,2,157,94,14.77,0,0,1,0
22668,4.62,362,10,297,419,2.23,0,0,0,0
7566,2.62,112,4,191,442,11.84,1,1,1,0
5196,2.12,407,12,359,259,2.32,1,0,1,0
20173,4.02,174,13,358,294,2.75,1,1,0,0
22859,3.04,88,14,175,233,1.07,0,0,0,0
14345,2.05,134,5,248,124,7.24,1,1,1,0
4309,2.75,293,11,325,431,2.33,0,1,0,0
3864,2.93,494,13,198,100,5.55,1,0,1,0
15055,3.85,302,12,266,448,4.5,1,1,0,0
8389,2.52,358,3,404,157,14.66,1,1,1,0
22747,3.24,418,0,181,198,10.04,1,0,0,0
14716,3.45,205,9,182,438,6.45,1,0,1,0
14978,3.38,317,12,237,593,13.24,1,1,0,0
6003,4.92,72,6,336,582,1.43,1,1,0,0
17174,2.14,258,12,305,111,5.35,0,1,1,0
16772,4.85,357,8,95,437,7.96,0,1,0,0
20615,3.75,147,14,481,141,1.28,0,1,1,0
10959,4.39,488,12,471,176,2.61,0,0,0,0
14980,3.29,224,5,223,457,13.48,0,0,1,0
22095,3.36,104,13,235,575,3.1,1,0,0,0
9581,4.64,43,5,443,531,13.86,1,1,1,0
19805,4.69,415,8,242,294,1.89,0,0,1,0
12965,2.72,355,3,212,163,13.38,1,0,1,0
14760,2.6,25,4,312,485,7.08,0,0,1,0
17922,3.49,303,4,211,186,8.81,0,1,1,0
3946,4.7,260,13,404,568,4.58,0,0,1,0
21218,2.97,58,11,418,436,4.46,1,1,1,0
4564,3.96,60,4,288,210,7.64,0,1,1,0
10332,4.12,304,7,432,101,5.66,1,1,1,0
7944,4.34,413,10,458,305,1.63,0,0,0,0
19057,3.69,400,0,320,185,5.63,0,0,0,0
16877,3.21,69,9,279,473,4.19,1,0,1,0
13139,4.9,441,10,211,180,12.82,1,1,1,0
4308,3.83,446,14,290,227,12.66,1,0,0,0
22370,4.19,444,9,123,309,2.55,0,1,0,0
19770,3.03,446,10,451,166,11.09,0,1,1,0
6258,4.01,270,2,223,172,7.04,1,0,0,0
7811,2.77,256,14,203,232,13.09,1,0,0,0
9697,2.74,396,7,236,502,4.47,1,1,1,0
23317,4.14,431,14,110,433,1.78,0,1,0,0
18775,3.56,383,10,217,488,12.11,1,0,1,0
14039,4.05,417,8,490,166,13.09,1,1,0,0
4439,2.81,124,1,418,290,12.69,0,0,0,0
14634,3.8,413,11,58,462,5.27,1,1,0,0
23864,3.33,18,3,216,232,0.95,0,0,1,0
3055,3.79,118,13,490,84,2.52,1,1,1,0
22708,2.87,319,7,98,155,13.83,0,0,0,0
3105,4.15,65,4,236,490,5.78,0,1,0,0
6201,4.42,244,0,335,83,13.26,0,0,0,0
18184,2.78,56,5,113,451,14.72,0,1,1,0
3669,2.9,43,13,191,162,6.24,0,0,0,0
15663,3.98,11,8,62,510,11.76,1,1,0,0
3966,4.09,377,8,151,551,2.95,1,1,0,0
19691,4.11,423,10,96,441,6.06,1,0,0,0
21522,4.05,235,0,453,491,10.73,0,1,0,0
14656,3.18,23,3,251,114,3.5,1,1,0,0
18893,3.18,394,0,58,321,5.14,1,1,0,0
16089,2.76,449,6,73,159,8.68,0,1,0,0
19493,2.47,256,2,170,154,10.52,1,0,1,0
6632,4.08,441,1,207,363,5.67,1,1,1,0
8684,2.28,283,13,483,317,5.96,0,0,1,0
16266,4.81,323,7,438,416,2.09,1,0,0,0
21299,4.48,360,8,329,162,14.77,0,0,1,0
19940,4.57,250,14,205,397,9.38,0,0,1,0
3104,4.72,93,6,337,376,8.19,0,1,0,0
5047,3.23,379,5,483,421,3.56,0,0,1,0
19529,4.54,442,9,451,503,7.58,0,1,0,0
20257,2.47,454,12,154,98,6.99,1,0,0,0
19682,2.06,379,10,192,83,4.25,0,0,0,0
22622,4.35,21,5,288,546,6.97,1,0,0,0
11837,2.22,473,8,456,269,3.45,0,0,0,0
18407,4.97,156,4,134,360,10.8,1,1,1,0
9382,4.02,88,4,240,142,13.68,0,0,1,0
21895,4.26,201,1,58,333,0.54,0,1,1,0
3783,2.74,467,5,359,81,8.57,0,0,0,0
24376,4.02,461,13,261,146,11.12,0,0,1,0
3370,2.13,480,11,240,365,13.65,0,0,1,0
18908,4.51,196,11,165,211,5.7,0,0,1,0
3486,2.51,44,11,425,127,13.65,1,0,1,0
17500,4.09,453,5,183,126,12.47,0,1,1,0
6196,2.67,469,5,380,310,8.12,0,0,1,0
12552,2.21,379,3,456,363,4.23,1,1,1,0
23671,3.44,400,10,387,107,9.97,0,0,0,0
5261,2.51,78,14,347,490,4.28,1,0,1,0
13813,4.19,38,6,278,552,5.56,0,1,0,0
12148,2.71,423,14,209,301,7.27,0,0,0,0
11572,3.03,283,8,432,455,7.72,0,0,1,0
18008,3.7,385,0,348,88,3.24,1,0,1,0
16085,2.85,465,2,283,492,10.56,1,1,0,0
19622,3.13,154,9,241,550,14.88,0,1,0,0
9843,4.45,148,14,351,149,4.04,0,1,1,0
4105,2.54,342,14,193,421,8.54,0,0,1,0
20770,2.25,390,8,111,145,7.09,0,0,0,0
13441,2.99,444,13,459,149,4.96,1,0,1,0
12719,3.27,51,4,125,340,6.59,0,0,1,0
21051,3.63,250,5,264,475,11.12,0,0,0,0
5691,3.12,431,7,324,437,6.51,0,1,0,0
14864,4.37,381,8,62,437,7.85,1,0,0,0
4996,2.12,146,7,413,471,7.42,1,1,0,0
4425,3.3,328,2,416,455,8.55,1,1,1,0
19378,3.15,395,9,460,265,4.72,0,0,1,0
9849,3.94,493,0,277,384,7.89,0,0,0,0
6247,4.9,349,10,340,143,2.46,1,0,1,0
21976,3.53,454,12,105,257,11.25,0,1,0,0
4490,4.96,257,11,116,314,2.11,1,1,1,0
20608,2.91,272,12,483,119,11.88,1,1,1,0
21971,2.09,458,4,445,366,12.47,1,1,1,0
22448,2.5,497,6,461,338,0.78,0,1,0,0
17310,3.19,124,1,496,546,12.55,1,0,0,0
20216,2.95,203,0,285,319,9.9,0,1,0,0
18401,2.29,255,3,82,582,1.91,0,0,0,0
15884,3.3,130,2,122,430,14.97,0,1,1,0
21824,3.01,20,3,273,391,9.42,1,0,0,0
7795,2.37,77,0,474,187,6.31,0,1,1,0
4646,2.89,334,1,336,109,13.34,0,1,0,0
19142,4.66,50,0,20,388,1.1,1,1,0,0
17306,2.91,361,2,173,565,10.9,0,1,1,0
19824,4.14,360,3,280,125,2.58,1,1,1,0
8956,3.84,265,12,54,438,8.51,1,0,0,0
16928,3.28,115,0,400,216,1.89,0,1,1,0
12721,2.72,54,5,416,510,10.35,0,0,0,0
14157,3.11,291,1,46,330,7.24,0,0,1,0
5367,3.78,50,9,415,512,0.6,0,0,0,0
9696,3.05,329,11,369,286,1.54,1,0,0,0
8190,2.64,272,12,325,525,10.69,1,1,0,0
7663,2.35,253,10,243,138,6.29,1,1,1,0
10062,4.64,491,4,206,285,10.25,1,1,0,0
7331,3.32,472,7,178,410,6.15,0,1,1,0
22418,3.88,60,11,88,237,5.74,1,0,0,0
14880,3.47,346,12,184,183,12.9,1,1,0,0
19246,4.62,480,3,277,438,12.89,0,0,0,0
6262,3.64,458,4,121,444,13.84,0,0,0,0
16320,3.44,396,8,474,258,12.43,1,0,0,0
21491,4.77,448,1,212,437,2.35,1,0,0,0
10036,4.16,350,11,278,343,1.46,1,0,0,0
23704,2.33,224,11,423,432,1.35,1,1,0,0
22131,2.53,468,1,405,443,14.71,0,0,1,0
7677,4.36,335,5,317,329,7.77,0,0,1,0
10972,4.51,102,5,318,199,2.17,1,1,1,0
18329,3.64,470,2,40,271,8.39,1,0,1,0
7264,3.66,457,11,64,141,10.8,0,1,1,0
6133,3.9,47,8,499,289,1.87,0,1,1,0
14612,3.32,224,12,295,131,5.52,0,0,0,0
20849,4.04,341,0,190,392,3.22,0,0,0,0
23493,2.33,232,11,197,358,14.64,1,0,1,0
21595,4.88,69,2,242,467,5.11,1,1,1,0
24923,4.25,46,7,318,281,10.51,1,0,0,0
17158,3.89,227,7,43,218,13.82,1,0,0,0
12735,2.95,494,3,357,98,13.02,0,0,1,0
4689,2.48,9,7,103,400,6.21,1,1,0,0
12763,3.23,184,10,79,174,5.01,0,1,0,0
10727,3.98,79,9,307,209,12.23,1,0,1,0
10764,3.9,12,12,141,184,3.47,0,1,1,0
23925,3.15,498,7,24,276,10.9,1,0,1,0
22925,3.84,444,0,405,339,12.61,1,0,0,0
16003,4.44,313,2,173,118,12.81,1,0,1,0
3818,2.08,339,0,300,580,0.63,0,1,0,0
17439,3.35,323,14,453,210,7.75,1,1,1,0
18077,4.28,83,1,361,233,5.69,1,1,1,0
7521,3.64,85,3,442,400,14.69,1,1,1,0
4124,3.95,156,2,105,201,8.39,0,1,1,0
8660,3.55,143,12,94,223,6.7,0,0,0,0
8641,4.98,490,14,286,265,4.04,1,1,1,0
20513,2.16,62,10,210,290,12.76,0,0,1,0
4702,3.47,430,5,271,479,5.13,1,1,1,0
21385,2.27,42,11,87,112,12.49,0,0,1,0
23262,2.48,406,11,372,238,13.43,0,0,1,0
14139,3.15,157,4,165,485,1.34,0,0,1,0
18702,2.47,184,4,498,443,7.89,1,1,0,0
9523,4.89,285,9,383,242,6.6,1,0,1,0
15397,4.84,490,6,141,210,6.2,1,1,1,0
11111,3.01,322,6,431,175,5.89,1,1,1,0
5401,3.92,439,8,61,349,8.21,1,1,0,0
12481,3.6,23,7,335,446,2.39,0,0,0,0
13067,4.45,496,2,169,444,13.13,0,1,0,0
16376,3.88,356,1,443,513,8.59,0,1,1,0
16824,2.0,204,0,81,140,5.53,1,0,1,0
16444,4.29,361,14,274,402,4.02,1,0,1,0
15879,4.24,223,9,150,287,9.44,1,0,0,0
19112,3.53,100,5,346,427,11.91,1,0,1,0
3539,4.71,203,12,466,124,6.89,0,0,0,0
13974,4.73,7,12,396,426,14.78,1,1,1,0
16846,3.57,471,3,39,448,8.27,0,1,0,0
8615,3.82,171,2,218,437,14.69,1,1,1,0
19016,4.99,207,10,346,574,14.46,1,1,0,0
5956,2.9,95,10,240,139,9.2,0,0,1,0
11077,2.97,161,1,429,377,8.93,1,0,0,0
6722,2.55,290,1,444,138,2.03,0,0,1,0
15059,4.69,95,10,150,503,13.97,0,0,1,0
8087,4.23,305,3,190,310,12.15,0,0,0,0
13338,2.32,144,0,164,527,7.76,0,1,0,0
5170,4.95,257,5,359,447,4.94,0,0,1,0
6391,4.19,473,9,373,108,12.66,0,0,0,0
9942,4.55,437,10,200,356,4.73,1,1,0,0
21000,2.14,299,4,455,458,8.36,1,0,1,0
16806,3.51,464,9,180,117,3.38,1,0,1,0
17792,4.1,101,8,483,286,12.17,1,1,0,0
15809,3.63,176,1,79,368,11.42,1,1,0,0
17855,4.0,385,8,234,572,4.73,0,0,0,0
12108,4.45,327,8,87,304,2.2,1,1,1,0
9458,3.12,109,9,459,531,3.07,1,1,1,0
5756,4.55,197,8,380,107,9.44,1,1,1,0
9853,2.49,392,9,211,413,2.68,1,0,1,0
10709,2.81,128,9,244,452,5.14,1,0,1,0
21320,2.13,452,3,411,380,12.67,0,1,1,0
22475,3.09,358,4,216,283,1.69,1,1,0,0
15847,3.14,136,7,180,458,8.93,0,1,0,0
20352,4.42,397,13,268,194,6.3,0,0,0,0
10297,3.96,26,7,428,99,2.24,1,1,1,0
19256,3.31,136,0,474,475,7.89,1,1,0,0
6203,3.96,163,9,130,131,7.99,1,0,1,0
9499,2.16,348,0,410,265,5.98,1,1,0,0
8173,2.54,467,9,78,432,1.3,1,0,1,0
20273,3.88,462,5,52,193,3.5,0,1,0,0
14650,3.92,355,6,60,593,6.37,0,0,1,0
12173,4.32,130,1,180,361,4.52,0,1,1,0
10382,3.21,372,1,48,249,2.83,1,0,1,0
22915,4.17,150,4,274,400,7.56,1,0,0,0
3801,4.05,377,8,442,445,6.27,1,1,0,0
11234,4.89,245,4,204,599,10.14,1,0,0,0
16897,2.65,109,7,380,189,8.63,1,1,0,0
18197,3.66,72,7,243,403,2.96,1,1,1,0
22733,3.81,285,4,376,91,10.47,1,1,1,0
12969,5.0,274,7,240,102,7.25,0,1,0,0
6201,2.6,357,14,339,240,2.15,0,0,1,0
19733,3.57,66,7,105,343,0.77,1,0,1,0
12972,3.04,49,14,85,459,9.58,0,1,0,0
3583,3.58,303,4,133,159,9.47,0,0,1,0
15719,2.7,2,4,397,350,12.4,0,0,0,0
6377,2.14,225,3,284,504,11.56,1,1,0,0
17855,3.72,65,0,304,515,13.22,1,0,0,0
6401,3.01,154,8,116,157,4.74,0,0,1,0
16636,2.55,470,1,349,190,6.49,0,1,0,0
22569,2.97,361,0,143,531,1.4,0,0,0,0
24669,2.15,479,5,175,493,6.46,0,0,0,0
18738,4.85,110,4,129,339,3.69,0,1,1,0
9772,3.74,482,10,72,430,12.18,0,1,1,0
22731,4.44,295,14,193,263,10.02,1,0,1,0
13131,3.27,380,0,186,254,11.83,0,1,1,0
3788,4.71,255,6,95,465,9.09,0,1,1,0
24329,3.45,273,6,333,351,9.17,1,0,1,0
19184,3.72,154,2,233,265,3.91,1,1,0,0
5889,3.48,138,7,201,246,10.21,0,0,1,0
12569,4.2,166,14,409,222,2.59,0,0,1,0
24657,3.7,18,5,64,572,4.5,0,0,0,0
13141,2.81,344,3,443,151,3.11,0,1,0,0
22656,2.44,390,9,170,423,14.27,0,1,1,0
24618,3.82,222,9,136,578,13.52,0,1,1,0
14934,3.47,56,9,141,226,13.19,0,0,1,0
12769,2.29,385,11,189,580,14.42,1,1,0,0
10612,3.19,293,12,185,417,9.38,0,1,0,0
21876,3.54,132,14,419,164,13.47,1,0,0,0
19205,4.48,461,2,349,222,4.73,0,0,0,0
16934,2.23,337,0,450,390,6.08,0,0,0,0
13095,3.05,291,12,168,448,7.27,0,1,1,0
7240,4.47,451,1,93,520,1.8,1,1,1,0
21706,3.95,343,1,478,146,12.46,1,1,1,0
13748,2.87,204,14,168,420,2.23,1,1,1,0
8298,4.54,118,12,44,181,12.09,1,1,1,0
4861,3.48,252,10,399,393,13.87,0,1,0,0
17142,3.5,84,4,80,189,8.73,0,0,0,0
23431,4.93,184,3,373,511,2.91,1,1,0,0
10320,4.84,224,1,73,421,6.83,0,1,0,0
14367,3.08,147,10,242,258,2.51,0,0,1,0
20482,2.42,388,14,238,213,2.23,1,0,1,0
8247,2.98,279,8,492,109,11.46,1,1,0,0
4734,2.09,226,6,335,552,6.2,0,1,1,0
7663,2.06,285,7,189,464,0.5,0,1,0,0
8909,3.19,283,7,208,88,1.2,1,0,1,0
22800,4.82,180,1,51,215,12.36,0,1,1,0
15818,4.61,434,14,72,369,9.49,0,0,1,0
20064,3.53,108,4,447,122,12.75,1,1,0,0
11163,3.7,134,2,158,184,4.47,0,0,1,0
21454,2.02,425,9,393,110,5.06,1,1,1,0
16358,2.65,290,8,66,298,9.44,0,0,0,0
9668,2.07,374,8,109,192,10.14,0,0,1,0
16016,4.26,477,5,335,339,0.88,0,0,0,0
11001,2.44,289,12,55,91,13.65,0,0,1,0
12921,4.61,102,3,463,550,12.09,0,1,1,0
5191,3.93,200,7,436,419,2.41,0,0,0,0
11859,2.69,116,4,244,325,0.65,0,1,1,0
11872,2.47,331,2,61,329,11.65,0,1,0,0
22230,3.88,309,12,247,588,13.59,0,0,0,0
21847,4.7,28,10,288,383,5.17,0,0,1,0
7922,4.16,393,13,417,592,5.15,0,0,1,0
7392,3.05,26,7,205,440,7.96,1,0,0,0
22567,3.76,466,13,390,123,10.28,1,1,1,0
16541,2.93,12,13,376,398,9.89,0,0,0,0
22551,5.0,41,11,254,568,11.41,1,0,0,0
22381,4.25,420,5,141,373,2.15,0,0,0,0
18015,3.84,444,4,443,588,8.04,0,1,1,0
6227,3.27,223,0,340,405,7.84,0,0,1,0
5024,3.85,462,2,408,332,14.27,0,0,0,0
19713,3.02,20,6,433,387,13.81,1,0,1,0
5486,2.09,386,2,136,402,11.38,0,0,0,0
4155,3.19,135,0,485,115,13.22,1,1,0,0
13082,4.79,325,7,448,370,11.31,0,0,0,0
7477,3.88,220,6,376,568,10.95,0,1,1,0
21569,2.25,466,4,461,315,3.63,0,0,1,0
10086,4.65,144,11,58,464,9.45,0,1,0,0
5317,2.81,9,9,415,440,13.78,0,0,0,0
6621,2.73,224,4,181,335,11.38,1,0,0,0
7491,2.89,140,5,128,438,9.27,1,0,0,0
18916,3.73,474,6,33,104,4.24,1,0,1,0
18248,3.63,105,12,185,80,10.34,1,1,0,0
5511,3.47,267,2,419,437,5.53,1,1,0,0
12546,4.15,193,10,381,197,1.45,1,0,1,0
18612,2.95,457,11,464,558,3.97,0,0,1,0
10848,4.35,127,13,462,538,6.14,1,1,0,0
17274,2.53,212,14,350,192,14.95,0,1,1,0
24788,4.35,150,11,354,274,11.52,1,0,0,0
24777,3.99,448,3,131,99,4.55,1,1,0,0
20677,4.05,480,0,253,365,11.55,0,1,0,0
5465,3.44,383,6,221,537,5.69,1,0,1,0
19304,4.0,179,9,342,527,9.31,0,1,1,0
18669,2.24,316,1,158,164,11.59,0,1,1,0
14294,4.55,25,6,286,353,11.24,0,0,0,0
6175,2.17,14,5,291,482,2.53,1,0,0,0
10849,2.45,21,3,185,332,12.47,1,1,0,0
15473,3.73,344,10,433,444,13.88,0,0,1,0
12425,4.22,64,1,188,339,3.88,0,0,1,0
15222,2.23,250,6,276,513,5.28,1,1,0,0
11444,4.76,409,6,143,201,14.1,0,0,1,0
11210,4.92,20,4,57,596,14.76,0,0,1,0
5759,3.82,232,8,389,598,7.08,1,1,0,0
19091,3.44,407,2,268,91,1.0,1,0,1,0
24639,4.22,486,8,256,89,14.03,1,0,1,0
3002,2.99,15,4,117,236,0.87,0,0,1,0
20643,3.48,415,1,79,220,5.29,1,0,0,0
11190,4.75,271,8,38,216,1.8,0,0,0,0
23707,4.87,204,13,143,479,7.92,1,1,1,0
18248,4.78,297,0,245,522,1.04,0,0,0,0
8773,2.79,159,0,462,521,3.77,1,0,1,0
15786,2.7,433,14,119,346,7.15,0,1,1,0
21952,2.89,40,12,343,592,1.58,1,1,1,0
18037,3.32,107,6,413,356,7.47,0,1,0,0
4885,2.94,124,2,36,435,4.34,0,0,1,0
10060,3.12,151,7,267,172,4.37,1,1,1,0
19331,3.86,12,6,99,215,14.09,1,0,0,0
10844,4.29,202,10,104,190,10.51,0,1,1,0
16450,4.21,78,12,367,123,13.98,1,1,0,0
12491,4.44,393,6,475,290,8.85,0,0,0,0
21722,2.1,41,0,48,422,13.65,0,0,1,0
12268,2.14,168,0,153,438,12.64,0,1,0,0
23142,4.37,248,11,497,440,14.97,0,0,0,0
24194,3.6,120,13,213,410,7.8,1,1,0,0
12139,3.73,386,1,138,490,10.59,0,0,1,0
9791,2.16,438,1,397,587,2.83,1,1,0,0
10171,2.77,271,10,386,311,14.12,0,0,0,0
22115,3.92,299,4,210,249,6.28,0,1,0,0
20253,4.58,208,8,434,483,13.79,0,0,1,0
24550,4.75,472,6,172,313,1.96,1,1,1,0
3093,3.5,157,13,362,599,7.97,1,0,0,0
5987,3.64,494,1,424,381,0.52,0,0,0,0
15847,4.5,120,4,291,179,6.53,0,0,0,0
12967,3.61,226,4,151,332,1.71,0,0,0,0
19218,3.55,420,7,382,387,7.01,0,0,1,0
13452,4.72,443,8,449,466,8.56,0,1,1,0
11627,4.37,460,7,27,202,12.86,1,1,1,0
7947,4.73,23,13,153,211,4.78,0,0,0,0
9651,2.65,229,12,400,315,8.72,1,0,0,0
6144,3.57,25,1,403,300,1.46,1,1,0,0
22971,4.53,57,3,328,141,13.75,0,1,1,0
19460,2.33,264,1,394,482,7.05,1,0,1,0
11959,4.38,125,5,211,250,4.16,0,1,1,0
11297,2.55,444,3,110,555,7.22,0,1,0,0
9694,4.42,274,14,454,93,7.48,1,0,0,0
18835,3.84,27,6,268,349,11.28,1,1,0,0
22257,2.58,390,12,271,133,14.63,0,0,1,0
6346,3.42,300,1,82,492,3.2,0,1,0,0
22532,4.05,469,8,235,210,1.29,0,1,0,0
14340,3.9,127,13,153,596,10.01,1,0,1,0
3244,3.28,93,4,465,380,13.33,1,0,1,0
5625,4.7,190,0,126,506,8.69,0,0,1,0
6849,3.56,420,11,180,195,1.66,1,0,1,0
12597,3.52,271,14,277,315,6.62,1,1,0,0
10737,2.19,483,10,444,92,9.99,0,1,1,0
17024,4.77,4,2,35,297,5.26,0,0,0,0
15000,2.53,156,3,377,408,12.75,0,1,0,0
11333,3.59,51,2,394,147,3.76,0,0,1,0
20276,4.41,242,5,78,470,5.79,0,1,1,0
24871,2.65,150,12,28,171,13.79,1,1,0,0
10310,3.58,261,12,216,183,8.82,0,0,1,0
5399,2.72,419,5,136,505,0.59,1,1,1,0
7640,4.28,440,9,29,383,4.04,0,0,1,0
22344,3.69,416,12,369,458,11.42,0,0,0,0
13391,4.57,304,14,26,427,1.25,0,0,0,0
20853,4.68,424,10,368,254,14.9,0,0,1,0
13892,3.95,79,6,213,471,13.52,0,0,1,0
14197,4.18,182,13,423,484,3.75,1,1,0,0
16050,3.65,353,8,142,167,13.48,0,0,1,0
6374,3.15,106,9,82,328,10.64,1,1,1,0
15911,3.94,153,8,23,445,6.67,0,1,0,0
11847,4.72,292,6,303,168,3.34,1,0,0,0
17785,3.25,204,10,347,535,3.4,0,1,0,0
13960,2.94,115,14,269,494,9.11,1,1,0,0
16535,3.17,16,0,438,534,6.53,0,1,1,0
11234,3.31,479,2,149,590,9.13,0,0,0,0
13503,2.22,287,4,444,254,5.29,0,1,0,0
8122,3.5,155,9,431,288,3.84,1,1,0,0
12852,3.48,476,11,94,392,12.63,0,1,1,0
8387,3.77,24,10,348,450,13.84,0,0,0,0
10631,3.09,430,5,377,392,10.73,0,1,1,0
10226,3.84,277,5,404,583,2.84,0,1,0,0
8108,4.63,474,4,273,165,1.84,1,0,1,0
21608,4.87,316,5,430,345,8.32,0,1,1,0
5110,3.75,125,8,342,299,8.48,0,1,0,0
3957,2.13,299,12,186,374,9.77,0,1,0,0
10146,4.91,357,13,220,585,13.64,1,0,0,0
3560,4.12,275,0,187,242,9.88,0,0,0,0
4312,3.01,364,0,303,206,13.78,1,1,0,0
21205,2.44,177,8,488,196,2.21,1,1,0,0
14595,2.43,343,13,367,485,10.78,1,1,0,0
24329,2.5,430,7,427,435,13.95,0,0,0,0
8374,2.14,46,8,357,301,7.21,1,1,1,0
5651,4.71,199,6,70,455,14.53,0,0,0,0
13006,3.62,50,9,75,393,8.51,0,0,0,0
12933,4.1,438,5,92,229,14.17,1,1,0,0
24085,4.48,461,8,301,315,11.35,1,1,0,0
19172,4.37,294,1,107,247,7.14,1,1,1,0
5877,4.65,269,14,71,574,1.0,0,0,0,0
24966,4.9,196,3,144,491,10.03,0,1,0,0
24774,3.32,430,1,281,148,4.19,1,0,1,0
7083,4.85,20,13,462,346,4.69,1,1,1,0
3745,4.17,142,5,392,229,0.79,1,1,1,0
11749,2.21,247,0,287,461,8.59,0,1,0,0
20325,4.05,355,6,82,453,4.69,1,1,0,0
23407,4.06,352,6,55,585,14.74,1,1,0,0
21680,4.72,464,6,28,316,11.36,0,0,0,0
20323,3.12,467,13,349,404,5.68,1,1,1,0
20994,3.75,0,3,342,329,4.77,0,0,1,0
4725,2.04,463,14,260,530,10.87,1,1,1,0
15213,3.0,364,7,304,501,4.19,0,1,1,0
12528,2.19,337,4,346,295,7.0,0,1,1,0
17162,3.57,393,1,109,100,2.83,0,1,1,0
11853,4.45,406,4,283,384,4.18,1,1,0,0
10187,2.62,273,11,318,432,1.93,1,0,0,0
3032,3.58,240,9,224,524,6.69,1,1,0,0
17893,2.61,57,8,310,345,13.94,0,1,0,0
17408,2.36,125,9,230,247,1.96,0,0,0,0
18160,3.53,328,0,385,137,6.84,1,0,1,0
6414,2.24,365,10,297,403,4.83,0,1,1,0
20540,3.76,477,1,483,345,5.76,1,0,1,0
22510,2.09,460,9,226,141,11.69,0,1,0,0
15120,2.32,51,7,341,168,6.81,0,0,1,0
4543,3.65,499,12,377,495,9.93,1,1,0,0
3271,3.77,222,4,424,155,14.6,0,1,0,0
8295,2.09,301,11,113,484,9.44,0,1,1,0
23460,3.72,362,8,218,444,5.39,0,1,1,0
17963,4.52,268,5,370,464,6.27,1,1,0,0
14580,4.17,95,12,188,88,10.59,0,1,0,0
22093,2.39,272,7,316,594,10.57,1,0,1,0
24605,3.78,322,14,452,448,5.84,1,1,0,0
15597,4.02,60,11,246,388,11.0,0,0,0,0
15045,2.11,320,0,23,249,8.48,1,1,1,0
16603,4.57,180,8,117,226,14.72,1,1,0,0
12937,4.72,132,8,212,597,13.67,1,0,1,0
17830,4.55,415,2,285,159,12.45,0,0,1,0
9722,4.47,88,0,369,531,1.0,1,0,1,0
11201,4.23,172,7,243,545,6.02,0,1,0,0
7144,3.9,311,7,86,491,8.81,1,1,0,0
8606,4.04,4,11,157,374,8.06,0,0,0,0
9766,4.42,356,8,348,209,11.57,0,0,0,0
20114,3.99,342,13,420,244,13.68,1,1,0,0
18928,2.98,203,5,258,529,11.91,1,1,1,0
24274,3.13,161,8,470,586,3.69,1,1,0,0
4648,4.69,60,11,494,148,7.54,1,0,0,0
23612,2.05,470,9,328,579,6.21,1,1,1,0
5130,4.1,463,8,438,214,11.61,0,1,1,0
17392,4.86,496,11,23,581,13.48,1,1,1,0
13588,4.12,189,12,343,424,4.66,0,0,0,0
7366,4.98,324,3,388,133,7.59,1,1,0,0
4506,4.06,62,10,371,411,11.11,1,0,0,0
21542,2.1,43,4,121,499,1.22,0,0,1,0
22300,4.48,238,5,414,392,14.46,0,1,1,0
18222,2.85,27,5,63,217,12.1,0,1,0,0
15363,3.34,197,9,138,434,8.37,0,1,0,0
22613,2.94,268,1,207,581,11.79,1,0,1,0
14795,2.81,170,3,250,304,12.63,1,1,0,0
12858,3.29,29,11,473,178,7.66,0,0,1,0
15616,3.14,153,8,209,386,6.88,0,0,0,0
7136,3.9,208,14,129,470,12.65,0,1,1,0
16478,4.44,62,6,435,170,12.97,0,1,1,0
14161,2.89,328,8,321,453,2.29,0,0,0,0
5689,2.64,56,5,298,283,13.66,1,1,0,0
5810,4.0,319,10,125,196,4.51,0,0,1,0
14663,4.01,207,6,184,145,10.17,0,1,0,0
9152,4.7,432,8,145,210,10.79,0,1,1,0
3012,2.05,307,13,365,465,4.56,1,1,0,0
14162,4.56,62,11,117,171,4.91,0,1,0,0
10999,3.56,247,14,350,156,10.74,1,1,1,0
10219,3.86,465,3,389,331,3.04,0,1,0,0
8328,2.27,140,8,461,399,12.95,0,1,0,0
6621,3.3,92,14,139,133,3.73,0,1,1,0
23067,2.68,106,2,360,224,5.59,0,0,0,0
14665,2.76,364,13,318,165,4.37,1,1,0,0
24694,3.51,87,11,363,220,4.06,0,0,1,0
14314,4.44,300,13,162,124,14.69,1,0,1,0
3652,4.23,107,10,214,196,4.17,1,0,1,0
19182,3.77,45,11,149,226,8.89,0,1,0,0
11812,3.62,76,13,474,100,11.31,0,1,1,0
6790,3.28,216,7,408,237,1.11,1,0,1,0
18659,4.92,168,2,456,555,13.28,0,1,1,0
4645,3.68,301,2,448,127,2.72,0,0,0,0
13435,2.76,128,2,123,498,9.03,1,1,0,0
23896,2.69,200,8,112,189,9.8,0,0,0,0
24143,3.83,195,9,316,383,9.63,1,1,0,0
6688,3.57,347,13,466,561,11.13,1,0,1,0
10689,2.02,267,2,499,216,14.0,0,0,1,0
4379,4.49,87,5,241,156,13.94,1,0,1,0
7243,4.11,252,10,219,349,8.88,0,1,0,0
13237,3.99,237,13,307,164,5.86,1,0,1,0
19330,2.21,72,3,381,547,5.16,1,0,0,0
22037,3.09,418,13,277,321,13.36,0,1,1,0
8611,4.81,357,14,29,143,12.87,0,1,0,0
15516,4.59,354,1,190,319,4.79,1,1,0,0
16886,2.86,160,11,394,174,2.71,1,0,1,0
23307,2.47,57,11,446,477,12.99,0,0,1,0
16716,3.35,383,2,120,128,9.32,1,1,0,0
8912,3.07,372,4,129,532,5.04,1,1,0,0
24514,4.05,290,14,266,224,9.35,0,1,1,0
24823,4.9,429,9,342,477,1.46,0,0,1,0
9449,3.09,339,3,263,382,3.26,1,1,0,0
4725,2.19,65,4,42,507,8.41,0,0,1,0
18870,4.69,427,12,373,96,8.32,1,1,0,0
12304,2.11,25,11,485,160,4.08,1,0,0,0
10522,4.86,297,10,244,263,14.74,1,1,1,0
16663,3.99,76,0,372,546,6.48,0,0,1,0
7784,4.83,285,3,463,362,10.77,0,0,1,0
12472,2.6,371,10,484,150,4.25,0,0,1,0
20616,2.12,415,9,281,169,6.65,1,1,0,0
13055,3.46,35,2,288,444,12.55,1,0,0,0
15676,3.35,18,12,40,282,12.8,1,1,1,0
10446,2.99,277,14,498,310,2.46,0,0,1,0
24000,4.87,320,14,333,85,5.64,1,0,0,0
7725,4.47,312,1,139,436,3.45,1,0,0,0
23061,3.98,266,6,488,528,13.41,1,1,0,0
17769,2.49,281,9,431,225,11.43,1,0,1,0
4409,4.2,431,8,139,134,8.67,1,0,0,0
11205,4.18,18,0,217,146,9.93,1,1,0,0
19365,3.28,338,11,155,226,13.76,0,1,1,0
3256,4.77,139,6,96,311,4.9,0,0,0,0
21105,2.5,66,10,373,547,0.7,0,0,1,0
18704,2.8,311,11,77,175,0.88,1,0,1,0
20807,2.19,17,0,443,570,1.18,0,0,0,0
24337,4.39,368,4,105,327,2.36,1,0,1,0
5990,3.87,260,0,20,211,8.78,1,1,0,0
4195,2.94,111,2,96,149,14.73,0,0,1,0
23943,2.49,407,7,468,428,6.59,1,1,0,0
23749,2.12,461,12,29,521,10.83,1,0,0,0
4244,2.5,114,14,463,335,11.99,1,1,0,0
14415,3.36,165,3,88,465,12.12,0,0,0,0
9766,2.74,66,11,167,584,6.93,1,1,0,0
24686,2.78,254,0,81,495,8.47,1,1,1,0
14662,4.63,69,0,32,398,5.27,0,1,0,0
19210,3.55,459,7,205,395,10.47,1,1,1,0
20690,4.19,307,14,184,409,6.05,0,1,1,0
13313,2.11,202,13,29,211,5.01,1,1,1,0
5402,3.1,126,7,278,223,9.6,0,0,0,0
19880,3.44,422,3,181,326,5.45,0,0,0,0
22783,2.56,442,14,309,142,6.42,0,0,1,0
16275,2.36,409,3,433,582,10.81,1,1,0,0
17915,4.61,320,9,440,315,12.87,1,0,0,0
3909,4.82,79,10,215,476,6.8,1,0,0,0
18806,2.24,175,1,53,202,8.07,1,0,1,0
3372,3.05,112,1,179,349,11.32,0,0,1,0
4344,4.87,110,11,104,87,3.76,0,1,0,0
11515,2.25,308,5,77,421,6.52,0,0,0,0
5431,3.93,136,7,380,394,12.27,1,0,1,0
24054,4.92,132,6,427,415,13.47,1,1,0,0
22168,4.93,371,6,284,335,9.85,0,0,1,0
13585,3.41,327,2,316,195,6.2,0,1,0,0
18462,2.49,188,11,427,468,9.29,0,0,1,0
4695,2.61,276,1,44,164,3.09,0,1,1,0
4907,4.67,224,9,55,129,0.92,0,0,0,0
24198,4.74,102,6,283,243,1.58,0,0,1,0
20164,3.82,106,14,401,227,2.07,0,0,1,0
4019,4.3,62,3,133,215,3.77,0,0,1,0
14457,4.22,403,0,124,297,7.2,1,1,0,0
4403,3.99,441,0,112,585,3.87,0,0,0,0
20810,4.48,244,3,108,451,8.98,0,0,0,0
11855,4.06,172,4,462,313,14.98,1,0,1,0
8868,3.6,405,4,182,194,7.72,1,1,0,0
13839,2.71,332,0,57,268,11.47,1,1,1,0
3010,4.23,486,2,111,496,4.74,1,1,0,0
9330,3.42,330,5,138,276,14.46,1,0,0,0
18061,2.88,209,9,230,93,4.11,0,1,1,0
12230,4.41,190,6,179,324,9.15,0,1,0,0
22209,4.09,157,10,120,381,14.76,1,0,1,0
10464,4.81,318,14,388,543,12.22,1,1,0,0
17746,2.5,224,0,198,512,14.88,0,1,1,0
6003,3.95,171,7,303,541,6.01,1,1,0,0
10195,2.73,322,3,459,363,1.63,0,1,0,0
22472,4.71,441,12,374,447,4.03,1,0,1,0
16662,2.3,448,8,411,236,14.39,0,1,0,0
16739,3.97,35,10,316,542,5.87,1,1,1,0
18588,4.37,133,10,393,240,2.31,1,1,0,0
4789,3.06,36,5,42,253,9.1,1,1,0,0
22420,4.86,92,14,457,578,7.76,1,0,0,0
10598,4.55,74,0,298,415,1.41,1,0,1,0
7838,2.88,243,1,51,105,7.07,0,0,1,0
8872,2.02,182,2,157,583,9.68,1,0,0,0
23037,2.89,204,1,100,378,3.87,1,0,1,0
14367,2.84,458,9,438,516,2.3,0,1,1,0
7299,4.67,186,6,374,90,13.04,1,1,1,0
20357,4.9,165,11,338,317,9.57,1,1,0,0
10083,2.21,114,0,214,489,2.75,0,0,0,0
8494,3.41,408,8,311,413,9.62,0,0,0,0
14317,3.64,206,1,112,392,11.16,1,0,0,0
22790,2.28,244,3,452,80,9.16,1,1,0,0
24534,3.13,332,7,65,167,2.18,1,0,1,0
6129,2.95,489,10,46,321,2.31,1,0,0,0
3104,3.61,160,2,434,211,1.15,0,1,0,0
10433,3.98,12,8,181,407,3.89,0,0,0,0
10689,4.11,293,6,351,190,1.36,0,1,0,0
6567,2.41,441,14,120,368,12.18,1,0,0,0
23732,4.44,471,9,206,496,0.72,0,0,0,0
23774,4.04,403,11,457,153,8.92,1,1,0,0
20565,4.67,235,11,492,187,12.24,0,1,1,0
7644,3.35,272,2,213,595,13.48,1,1,1,0
17966,4.68,378,2,177,184,6.44,0,0,1,0
14330,4.6,113,14,476,461,9.5,0,1,1,0
7394,3.32,151,4,426,156,14.29,0,0,1,0
6534,3.14,25,4,28,282,10.24,0,1,1,0
15388,4.8,167,9,231,580,13.57,0,0,0,0
14319,4.15,31,4,458,320,10.42,1,1,1,0
9475,4.78,220,11,404,451,1.49,0,1,0,0
21158,4.39,205,12,331,284,3.35,0,0,1,0
17728,3.83,420,8,186,491,14.14,0,1,0,0
15006,2.35,341,8,362,293,12.74,1,1,1,0
19150,2.87,97,5,293,520,6.63,1,0,1,0
3446,4.91,90,10,317,291,2.84,1,0,0,0
3108,2.96,475,10,499,132,2.78,0,0,1,0
6239,2.28,376,6,130,590,13.62,0,0,1,0
8931,4.12,213,9,348,167,2.91,0,1,0,0
7053,4.2,187,7,222,88,6.1,0,1,1,0
16746,2.86,56,8,267,162,13.56,1,0,0,0
23921,2.89,106,5,84,104,0.98,1,0,0,0
4245,3.41,441,7,222,304,9.65,0,0,1,0
22104,2.07,194,1,180,576,5.58,0,1,1,0
16839,4.37,21,9,433,509,2.06,0,1,1,0
15856,2.95,185,7,152,507,8.73,0,0,1,0
8105,4.56,367,14,197,273,7.53,0,1,0,0
5922,4.41,84,12,212,197,1.94,0,0,1,0
5513,3.98,79,10,285,157,4.37,0,1,1,0
5801,2.97,328,1,79,231,11.24,1,1,1,0
16895,3.55,76,7,224,135,11.46,0,1,1,0
9981,3.33,329,1,174,436,9.18,0,0,1,0
11221,3.02,382,2,91,338,2.1,0,0,0,0
9038,4.54,432,6,175,485,12.87,1,0,0,0
18082,3.45,376,10,192,194,3.0,1,1,1,0
17648,4.5,340,8,327,553,10.95,0,1,0,0
3364,2.32,176,2,469,413,1.12,0,0,1,0
4800,2.42,425,4,81,388,5.31,1,0,0,0
17110,4.93,423,8,392,410,7.44,1,0,1,0
8958,3.76,454,6,479,583,0.91,1,1,1,0
12096,3.53,173,13,494,167,2.99,1,1,0,0
10436,3.57,405,1,400,82,5.12,1,1,0,0
24177,2.65,81,4,224,462,14.75,1,1,0,0
15638,4.16,20,4,79,227,11.8,0,0,0,0
3179,2.25,178,8,105,585,12.69,1,1,1,0
6873,3.72,497,1,443,163,10.18,0,0,0,0
23344,3.71,397,0,162,477,4.74,0,1,0,0
20570,4.74,329,3,370,263,10.79,0,0,1,0
18455,3.58,224,3,26,248,10.27,1,0,0,0
20157,2.41,264,0,314,187,9.34,0,1,0,0
15797,3.72,401,9,198,272,4.83,1,1,1,0
7460,2.27,268,6,246,293,4.32,0,1,0,0
18316,2.61,250,1,26,439,5.38,1,1,0,0
3352,2.09,272,10,159,174,5.03,1,0,1,0
24586,3.54,381,14,33,235,1.63,1,1,1,0
8344,2.25,342,12,53,351,12.13,1,1,1,0
7507,3.41,408,8,397,242,5.85,1,1,1,0
7830,4.8,437,6,442,259,10.75,1,1,0,0
14220,4.16,271,12,259,302,4.56,0,1,0,0
3117,2.23,279,14,348,195,9.23,0,1,1,0
19865,2.67,222,12,339,84,1.0,1,0,1,0
7287,4.02,74,11,116,145,2.04,0,0,0,0
7477,4.68,150,11,287,528,5.79,1,0,0,0
9533,2.1,424,13,145,228,4.4,0,1,0,0
19627,4.44,358,6,53,180,5.62,1,0,1,0
15755,3.69,341,14,302,346,14.0,0,1,1,0
3865,3.64,416,0,425,145,1.57,0,0,1,0
14173,4.87,104,13,37,429,7.21,1,0,1,0
8329,4.24,41,8,449,199,3.37,1,1,1,0
3603,4.55,175,9,447,324,5.66,1,0,1,0
8756,3.06,244,8,421,468,10.32,1,1,1,0
14254,3.66,252,14,312,366,14.61,0,1,1,0
7018,3.85,273,1,410,127,10.57,1,0,1,0
8192,2.96,446,9,87,497,13.33,1,0,0,0
5015,3.71,333,8,256,430,2.64,0,0,0,0
12850,2.71,91,1,99,234,3.13,1,0,0,0
6380,2.43,10,12,105,417,13.21,1,0,1,0
6770,3.12,151,1,79,340,9.31,1,1,0,0
8829,4.22,188,12,67,282,11.99,1,0,1,0
4613,4.75,447,12,198,519,3.73,1,1,1,0
16147,3.37,163,12,375,245,5.55,0,1,0,0
18545,3.93,125,7,103,458,1.68,1,1,0,0
21263,2.31,210,2,114,517,13.49,0,0,0,0
8372,4.71,460,13,327,127,14.37,1,0,0,0
23492,3.71,96,14,271,308,12.93,0,0,1,0
13538,4.34,308,2,352,101,6.84,0,1,0,0
3148,4.38,338,6,199,354,5.45,0,0,1,0
4754,2.77,46,14,103,192,7.21,0,0,1,0
10378,3.59,307,9,329,168,9.75,1,0,1,0
16591,4.88,223,5,444,90,6.76,1,1,0,0
23140,2.27,462,6,445,106,6.61,0,1,1,0
12371,4.05,56,5,169,535,6.75,0,0,1,0
15779,4.89,74,13,58,110,11.3,1,0,1,0
24776,2.9,253,8,298,526,11.91,1,0,1,0
12795,4.58,150,1,323,507,13.12,0,1,1,0
22436,4.8,58,7,132,593,4.02,1,0,1,0
8692,4.24,324,10,395,478,2.78,0,1,1,0
7218,2.69,439,5,436,466,5.5,1,1,1,0
7803,3.0,85,14,146,409,6.6,1,1,1,0
21761,2.11,169,13,60,217,10.68,0,1,0,0
14672,4.49,145,14,177,561,11.49,1,1,0,0
24470,4.55,326,3,225,379,14.77,1,1,0,0
6182,3.9,32,5,66,111,5.98,1,0,1,0
14009,3.06,2,5,204,536,6.34,0,1,1,0
17328,2.23,283,11,91,464,8.36,1,1,1,0
22544,4.26,256,9,76,411,12.39,1,1,0,0
5586,4.18,125,2,258,123,10.08,1,0,0,0
5648,4.74,446,7,81,503,8.8,1,1,0,0
10313,4.19,112,4,361,124,9.9,1,1,0,0
21101,4.49,302,10,76,459,7.23,0,1,1,0
15544,4.24,292,9,471,576,11.51,1,1,1,0
24692,3.89,341,10,262,217,1.59,1,0,0,0
10407,3.28,47,3,347,487,7.88,0,1,1,0
20254,4.71,363,13,143,264,12.2,0,1,0,0
18234,3.95,274,13,489,568,4.89,0,1,1,0
22958,3.2,397,12,172,97,12.73,1,0,1,0
18012,2.25,194,1,274,151,11.85,1,0,0,0
12735,2.87,338,13,236,250,8.92,0,1,1,0
16425,3.63,224,9,443,156,4.16,0,0,0,0
18698,2.83,212,0,251,479,12.99,1,0,0,0
18321,2.66,320,14,36,280,0.93,1,1,0,0
15646,3.58,281,12,99,318,9.09,1,1,0,0
22624,2.51,137,6,195,396,11.85,0,1,1,0
7893,4.4,354,9,58,399,7.54,1,0,1,0
12476,3.45,332,10,162,556,1.99,0,0,0,0
20270,3.72,69,2,36,404,12.59,0,0,1,0
24702,2.44,298,2,268,545,13.68,0,0,1,0
21642,2.97,69,2,54,121,8.67,1,1,0,0
7382,3.23,482,9,308,313,11.91,1,1,0,0
4785,4.42,207,11,165,516,9.36,0,0,0,0
16030,4.31,488,12,433,359,8.81,0,1,1,0
14735,2.67,199,2,234,283,2.4,1,1,1,0
19679,3.85,58,1,184,385,6.83,0,1,0,0
13245,2.73,258,5,130,589,10.34,0,0,0,0
5597,4.96,388,13,154,375,7.09,1,1,1,0
20064,4.86,340,9,93,101,9.46,1,1,0,0
24274,3.69,350,2,483,321,13.47,1,0,0,0
23682,4.1,333,0,175,473,5.81,0,1,1,0
3324,4.4,356,9,234,506,12.51,0,1,1,0
18160,4.16,338,12,373,532,0.92,1,0,0,0
15614,4.1,164,12,293,586,12.86,1,1,0,0
3986,4.88,244,8,450,292,2.05,0,1,1,0
22502,3.79,83,5,298,320,5.16,0,0,0,0
3760,3.91,435,5,167,488,7.94,1,1,0,0
14885,4.55,449,9,50,124,9.93,1,1,0,0
12228,4.01,376,8,33,316,14.32,1,0,0,0
20290,4.2,446,1,42,192,4.95,1,0,0,0
8499,2.7,390,9,21,586,1.74,0,0,0,0
3364,3.11,480,8,432,529,7.15,1,0,1,0
22797,2.44,308,13,197,288,5.51,0,0,0,0
11027,3.52,113,14,348,369,9.2,0,0,1,0
16532,3.37,233,11,78,577,13.88,1,0,1,0
17408,4.99,261,2,308,262,9.83,1,0,0,0
19105,3.83,390,2,195,479,8.88,0,1,0,0
10939,4.36,171,2,191,287,4.07,0,0,1,0
16936,3.0,17,0,415,502,4.34,0,0,1,0
12261,4.49,234,9,102,469,6.82,0,1,0,0
18863,3.85,309,14,445,445,13.42,1,0,0,0
15561,4.09,382,6,487,515,8.9,1,0,0,0
13447,2.88,156,9,242,391,7.67,0,0,1,0
17172,3.65,210,12,54,418,8.37,0,0,0,0
14878,3.9,280,6,316,226,12.59,1,1,0,0
15411,3.77,318,1,488,536,10.33,0,0,0,0
22465,4.75,195,5,458,490,13.95,0,0,1,0
8448,4.69,114,3,129,361,8.94,0,0,1,0
22642,4.91,396,10,254,493,3.34,0,0,1,0
5107,4.0,159,6,416,176,0.77,0,1,0,0
10928,4.92,154,13,58,242,5.1,0,0,0,0
18234,4.5,50,13,238,516,1.41,1,1,0,0
22317,2.81,417,6,236,275,6.4,0,0,1,0
19310,3.28,283,14,213,240,3.22,0,1,0,0
22213,2.72,72,3,182,334,6.37,0,0,1,0
16528,2.01,327,2,135,149,6.29,0,0,0,0
24390,2.56,340,6,347,491,4.51,0,1,0,0
16313,2.01,109,8,180,115,9.97,1,0,0,0
4559,4.16,285,3,108,384,6.78,1,0,1,0
21125,3.28,220,5,488,549,13.46,1,1,0,0
18167,2.94,8,6,439,388,1.6,0,0,0,0
18343,4.29,396,9,160,276,6.45,1,0,1,0
8830,4.5,81,2,331,560,11.75,0,0,1,0
10523,4.93,319,4,193,415,7.67,0,1,1,0
20009,3.93,293,11,220,370,14.51,0,1,1,0
21074,3.38,374,13,374,509,3.03,1,0,1,0
18524,2.92,21,0,321,511,5.08,1,1,0,0
16285,2.67,414,5,375,589,2.18,0,1,0,0
13973,2.64,98,4,132,584,4.08,1,1,0,0
6006,3.23,169,6,386,488,10.25,0,1,1,0
7302,4.98,189,14,447,481,7.56,1,0,1,0
20472,2.0,105,8,193,120,2.85,0,0,1,0
7611,2.59,319,10,93,463,7.38,1,1,0,0
12372,2.57,457,3,344,370,12.79,1,1,1,0
17080,4.15,264,8,306,262,6.88,1,0,0,0
18082,3.06,381,12,144,119,0.69,1,1,1,0
17641,3.37,350,5,43,304,1.3,0,0,0,0
13093,2.45,427,4,51,364,6.85,1,0,0,0
23874,3.21,446,1,273,217,9.1,1,0,1,0
11378,2.31,167,0,132,414,13.35,1,0,1,0
4597,3.6,343,7,214,217,14.74,0,0,1,0
14600,2.29,424,11,35,553,14.72,1,0,0,0
6747,4.37,112,11,460,567,8.59,1,0,1,0
16879,3.7,327,5,231,225,1.02,0,0,0,0
22054,4.17,305,13,127,488,3.6,0,1,1,0
16017,3.26,147,6,43,589,6.8,0,0,1,0
21964,3.14,336,5,309,164,13.26,0,1,0,0
10432,2.29,219,9,403,88,0.81,1,1,1,0
21890,3.57,453,12,327,168,7.89,1,1,0,0
7725,3.54,425,13,323,168,9.98,0,1,0,0
13437,3.4,32,6,362,298,4.68,0,1,1,0
23684,4.22,219,8,138,429,5.08,0,0,0,0
16269,4.5,318,13,200,484,6.13,1,0,1,0
16092,4.25,184,4,458,240,4.48,0,0,1,0
10002,2.43,192,0,57,122,6.84,1,1,0,0
9131,3.87,360,0,405,553,2.79,0,0,0,0
16261,2.24,179,8,252,337,3.39,1,1,0,0
15612,4.08,354,4,88,238,1.04,1,0,0,0
7537,3.15,471,13,101,211,6.46,0,1,0,0
16091,2.4,5,12,137,124,10.76,0,1,1,0
5335,4.59,390,12,328,400,7.84,1,1,0,0
7321,3.84,8,10,69,273,8.19,0,0,0,0
16254,3.06,356,14,176,597,7.02,0,1,0,0
22369,2.09,60,12,93,342,8.98,1,0,1,0
3559,3.61,463,1,202,514,3.83,1,0,1,0
3713,4.77,417,14,125,376,3.51,0,1,0,0
7593,3.79,162,2,208,580,14.16,0,1,0,0
18184,4.91,98,0,325,148,7.03,1,0,0,0
18261,2.41,147,5,291,104,12.49,0,1,0,0
23372,3.7,57,11,106,592,13.79,1,0,0,0
3256,4.39,214,5,369,262,9.42,1,0,1,0
17574,3.58,315,2,345,133,4.83,1,0,0,0
3037,2.27,489,14,191,160,10.36,1,0,1,0
13264,3.75,181,2,271,239,6.75,1,1,1,0
15697,3.84,34,6,375,465,14.61,0,1,0,0
11652,4.19,302,14,487,528,12.26,1,0,1,0
18930,4.28,45,0,163,343,12.32,1,1,0,0
4832,4.31,86,4,303,388,9.04,1,1,1,0
18517,3.99,3,12,204,123,0.62,0,1,1,0
8167,2.65,265,2,173,280,12.56,0,0,1,0
3432,3.21,106,4,361,363,0.87,1,0,0,0
7151,4.33,74,10,137,226,2.27,1,0,1,0
17912,4.86,39,13,286,519,12.66,0,0,0,0
9411,2.24,126,3,404,483,3.67,1,1,0,0
21135,3.61,182,5,344,263,12.7,1,0,1,0
24381,2.94,118,11,274,288,3.93,1,0,1,0
3256,2.68,72,8,260,161,11.68,0,1,1,0
3671,3.52,39,1,190,342,8.36,0,0,1,0
3489,3.82,203,9,449,118,10.23,0,0,1,0
9889,2.03,464,7,124,365,12.65,0,0,0,0
14906,4.34,95,13,55,102,14.77,0,0,1,0
21480,4.46,278,12,85,553,1.74,1,0,0,0
21066,4.9,142,1,204,382,10.44,0,1,0,0
15603,2.54,114,3,409,285,14.4,1,1,0,0
5460,3.78,475,8,209,511,5.92,0,0,1,0
7529,3.28,371,3,174,174,5.34,1,1,0,0
24505,3.0,485,6,400,554,10.36,1,1,1,0
4975,3.7,132,10,429,455,6.33,0,1,0,0
6216,4.35,167,4,246,216,3.61,0,0,1,0
17267,2.07,401,12,160,230,2.84,1,1,1,0
12581,4.91,244,1,95,281,3.29,1,1,0,0
7515,4.43,276,7,165,329,10.71,0,1,0,0
15048,4.25,462,10,57,153,13.82,1,1,0,0
12776,4.28,258,9,281,401,12.19,1,0,1,0
24323,3.17,45,14,145,245,7.0,1,0,1,0
24947,4.25,345,9,111,80,8.16,1,1,1,0
5963,3.16,334,1,303,417,9.49,0,1,1,0
23913,4.7,382,2,364,370,8.91,1,0,1,0
9786,2.53,236,9,280,150,14.54,0,0,0,0
16866,2.88,52,6,462,187,13.36,1,1,0,0
9200,3.65,147,4,482,569,1.13,1,1,1,0
20360,2.96,186,9,386,260,12.62,0,1,0,0
10345,3.27,20,10,127,104,2.15,1,1,0,0
3045,3.48,89,2,476,230,10.51,0,1,1,0
4193,4.57,232,11,64,344,4.64,1,0,1,0
7512,3.57,214,1,387,282,11.71,0,0,1,0
24327,3.09,368,10,456,554,0.62,1,1,0,0
19630,2.74,50,5,21,299,6.04,1,1,1,0
22603,3.23,152,9,452,161,0.81,1,0,1,0
11983,3.55,323,0,220,243,14.33,1,1,0,0
3636,4.24,115,7,109,348,0.72,1,0,1,0
6775,2.36,393,4,234,262,2.75,0,1,0,0
5421,2.66,213,4,134,259,8.32,1,1,1,0
16025,3.14,450,13,338,551,9.87,1,0,1,0
12280,3.08,338,1,111,190,11.07,1,0,1,0
7183,3.18,350,6,345,124,4.08,0,1,1,0
14351,4.38,136,4,205,510,4.86,0,0,1,0
20096,2.97,284,7,279,437,3.98,0,0,1,0
8323,3.51,420,4,177,138,4.04,1,0,1,0
15888,3.87,365,14,76,303,11.84,0,1,0,0
6644,2.7,70,8,66,268,14.25,1,1,0,0
19142,4.16,244,4,421,138,9.14,0,0,0,0
10773,3.64,37,12,241,87,2.78,1,1,1,0
13778,3.34,215,2,494,563,1.45,0,0,0,0
15501,4.43,126,12,127,485,3.97,0,0,0,0
17409,2.73,71,1,370,551,3.08,1,0,0,0
5108,4.65,225,4,319,100,8.89,1,0,0,0
6614,3.68,314,9,199,463,10.62,0,0,0,0
13251,3.83,440,12,196,491,0.57,0,1,1,0
14678,4.63,473,9,433,384,6.87,1,1,0,0
17367,4.45,443,4,199,389,9.53,0,1,0,0
24663,3.8,283,5,56,310,3.3,0,1,0,0
7332,4.26,411,1,82,315,13.56,0,0,1,0
15002,3.3,301,4,287,125,8.46,0,1,1,0
23284,3.64,245,14,292,301,5.51,1,0,0,0
18700,2.19,70,0,309,235,0.77,0,0,1,0
16769,2.27,194,2,431,174,7.52,0,0,1,0
9963,4.49,499,2,407,162,5.37,0,1,0,0
23952,2.18,469,2,373,324,14.56,1,1,1,0
10838,2.51,438,14,321,89,5.99,1,0,0,0
15399,4.39,37,2,289,168,13.85,1,1,1,0
15243,2.0,116,7,288,405,10.45,1,1,1,0
4845,2.85,237,14,461,365,1.57,1,0,1,0
16942,3.75,363,0,324,294,14.02,0,1,0,0
19766,3.79,401,5,265,151,2.94,0,1,1,0
7112,4.33,203,5,197,287,7.0,0,1,1,0
15780,3.52,350,0,86,218,13.88,0,0,1,0
18690,3.53,318,12,296,458,12.51,0,0,1,0
23194,4.18,358,0,227,481,7.57,0,1,1,0
13088,3.5,4,2,326,419,3.5,1,1,0,0
4509,3.83,427,14,57,255,7.88,1,1,1,0
15404,4.69,488,7,138,436,8.44,1,1,1,0
4578,3.2,156,5,45,457,14.96,0,1,0,0
20263,3.16,106,3,25,395,12.45,1,1,0,0
21546,2.01,227,4,293,154,12.99,1,0,0,0
17106,3.84,141,9,252,178,14.8,1,1,1,0
12840,2.09,313,13,133,344,8.09,1,0,0,0
15931,3.51,171,2,153,162,8.99,0,1,1,0
4359,4.41,145,14,444,307,7.09,0,0,1,0
23815,3.65,6,13,332,210,2.32,1,0,0,0
23344,2.81,342,14,197,89,8.12,1,0,0,0
23195,4.36,352,10,44,323,8.95,1,1,0,0
7242,2.81,445,10,67,305,3.94,1,0,1,0
23601,4.2,300,5,299,307,11.85,1,0,1,0
19464,3.83,15,5,433,324,2.3,0,0,1,0
22116,2.51,319,5,362,523,7.78,1,0,1,0
5709,4.72,36,8,320,540,10.11,1,1,0,0
21806,2.6,498,13,318,461,1.3,0,0,1,0
23025,4.97,152,14,91,271,12.16,1,0,1,0
15791,2.02,264,9,459,237,4.91,0,0,0,0
20051,2.79,182,12,220,335,10.91,1,0,0,0
21880,2.6,155,10,345,585,2.07,1,0,1,0
6499,2.04,136,7,52,246,9.49,1,1,1,0
14690,4.2,395,5,116,101,8.58,0,0,1,0
11080,4.08,401,1,64,146,2.68,1,1,0,0
4189,4.38,474,3,282,96,9.56,1,1,1,0
16908,2.77,89,14,381,334,10.52,0,0,1,0
15751,3.33,439,5,421,267,7.73,1,1,0,0
17714,3.98,217,8,89,407,8.89,1,1,0,0
4025,3.32,329,10,320,459,13.37,1,0,0,0
3071,4.09,185,1,312,425,10.62,1,0,1,0
8546,3.9,380,14,424,319,13.64,0,0,0,0
5685,2.34,208,5,237,552,8.51,1,1,0,0
12385,4.34,50,9,226,386,3.04,1,0,0,0
21232,4.16,287,10,191,255,4.07,0,1,1,0
13576,3.97,87,9,265,392,3.06,1,0,0,0
5022,2.47,490,9,433,414,5.36,0,0,0,0
18831,2.8,431,6,414,458,7.42,1,1,0,0
23125,3.18,135,13,275,412,4.21,0,0,1,0
15940,2.84,157,13,283,219,7.4,0,1,0,0
20682,2.68,281,14,408,364,5.78,0,1,0,0
7102,4.42,407,7,283,422,8.55,0,0,1,0
20288,3.91,154,12,24,348,6.71,0,1,1,0
6026,3.7,462,8,29,265,6.79,0,0,0,0
9709,2.68,219,4,290,189,7.61,0,0,1,0
24095,4.75,458,8,249,114,14.82,0,0,0,0
8969,2.57,166,8,331,301,8.57,1,1,1,0
5620,4.38,321,12,389,593,10.99,0,1,1,0
5646,4.9,178,14,74,178,6.54,0,1,1,0
7865,4.18,328,10,406,89,5.22,1,0,0,0
5289,4.98,49,6,60,288,13.79,1,0,1,0
10370,3.95,300,1,157,117,11.26,0,0,0,0
16854,2.65,86,7,410,173,8.95,1,1,1,0
23256,2.61,32,11,466,312,5.38,0,1,0,0
12677,2.97,274,4,134,242,4.24,0,0,1,0
14343,2.02,140,12,82,321,4.16,1,0,0,0
20824,4.05,205,10,363,177,7.8,1,1,0,0
3765,2.81,223,7,429,462,13.18,0,1,0,0
15671,4.45,112,1,53,368,13.28,1,1,0,0
19158,3.08,277,13,397,220,11.3,1,1,0,0
7092,3.44,403,6,271,282,8.37,0,0,1,0
15975,4.9,352,4,475,567,3.91,0,1,0,0
12341,2.73,4,3,442,483,7.44,1,1,1,0
15334,4.16,381,9,463,496,10.57,1,0,1,0
19077,4.27,211,12,216,385,9.13,0,0,1,0
18835,2.66,255,5,375,216,7.95,0,0,1,0
5666,3.5,333,4,382,209,6.71,1,0,1,0
8968,3.05,474,5,429,195,11.41,1,1,0,0
10641,4.32,473,8,271,217,12.71,0,0,1,0
21565,3.87,415,0,81,494,10.98,1,1,0,0
12834,3.43,29,12,413,240,14.1,0,1,0,0
6888,4.34,346,10,244,327,11.81,1,1,1,0
3840,2.71,409,0,375,213,7.03,1,0,0,0
16873,4.26,81,12,73,350,9.44,1,0,1,0
13846,4.6,492,5,178,304,7.81,0,1,0,0
8899,4.64,470,1,313,200,8.42,0,1,0,0
23502,4.35,235,7,389,542,13.49,1,0,1,0
3565,3.22,494,6,44,319,4.86,1,0,0,0
9005,4.95,343,5,256,100,0.69,0,1,0,0
12156,3.14,387,3,480,527,10.59,1,0,0,0
13474,3.92,360,8,340,408,3.12,0,0,1,0
12187,2.48,322,6,119,527,2.74,0,1,1,0
10226,4.94,252,6,247,334,14.89,1,0,0,0
12379,4.11,117,14,197,241,4.37,0,1,0,0
8890,4.26,426,4,427,382,3.45,0,0,1,0
16113,2.2,29,0,174,267,3.27,1,1,0,0
7311,4.29,110,13,485,109,6.48,1,1,1,0
14446,4.32,399,13,453,515,6.44,1,0,1,0
11848,4.02,253,1,258,394,9.67,1,0,0,0
22366,2.88,198,7,453,467,2.0,1,0,1,0
9083,3.47,294,10,162,559,9.71,1,1,1,0
15598,2.33,341,4,36,214,7.08,1,0,0,0
19940,3.41,296,1,304,117,3.51,1,1,1,0
22403,2.73,286,11,24,367,11.78,1,1,0,0
5580,3.05,432,4,30,148,7.37,0,0,0,0
16844,2.49,396,7,227,146,10.9,0,1,1,0
12553,2.69,488,3,455,271,13.85,0,1,1,0
12386,2.23,424,2,437,199,5.62,1,1,0,0
23403,4.76,243,4,100,480,13.52,0,0,1,0
22522,3.59,220,12,52,479,3.4,1,0,0,0
17635,3.19,155,6,324,93,3.72,0,0,0,0
3671,3.61,382,1,396,548,10.12,0,0,0,0
